---------------------------------------------------------------------------
--用户模块初始数据
---------------------------------------------------------------------------

--角色信息表
INSERT INTO "public"."tb_role"("id", "name", "english_name", "remarks") VALUES (0, '承接单位普通用户', NULL, NULL);
INSERT INTO "public"."tb_role"("id", "name", "english_name", "remarks") VALUES (1, '承接单位主用户', '', NULL);
INSERT INTO "public"."tb_role"("id", "name", "english_name", "remarks") VALUES (2, '业主用户', NULL, NULL);
INSERT INTO "public"."tb_role"("id", "name", "english_name", "remarks") VALUES (3, 'admin超级用户', 'admin', NULL);

--权限表
INSERT INTO "public"."tb_power"("id", "name", "remarks", "router_url", "parent_id", "is_active", "priority", "business", "type") VALUES (1, '首页', '首页', '/home', 0, 0, 1, 0, NULL);
INSERT INTO "public"."tb_power"("id", "name", "remarks", "router_url", "parent_id", "is_active", "priority", "business", "type") VALUES (2, '查看', '首页查看', '/home', 1, 1, 1, 0, 'checkOpt');
INSERT INTO "public"."tb_power"("id", "name", "remarks", "router_url", "parent_id", "is_active", "priority", "business", "type") VALUES (3, '在线监测', '在线监测', '/online', 0, 0, 2, 1, NULL);
INSERT INTO "public"."tb_power"("id", "name", "remarks", "router_url", "parent_id", "is_active", "priority", "business", "type") VALUES (4, '监测总览', '监测总览', '/online/online', 3, 0, 1, 0, NULL);
INSERT INTO "public"."tb_power"("id", "name", "remarks", "router_url", "parent_id", "is_active", "priority", "business", "type") VALUES (5, '查看', '监测总览查看', '/online/online', 4, 1, 1, 0, 'checkOpt');
INSERT INTO "public"."tb_power"("id", "name", "remarks", "router_url", "parent_id", "is_active", "priority", "business", "type") VALUES (6, '结构物监测', '结构物监测', '/online/onebridgeMonitoring', 3, 0, 2, 0, NULL);
INSERT INTO "public"."tb_power"("id", "name", "remarks", "router_url", "parent_id", "is_active", "priority", "business", "type") VALUES (7, '查看', '结构物监测查看', '/online/onebridgeMonitoring', 6, 1, 1, 0, 'checkOpt');
INSERT INTO "public"."tb_power"("id", "name", "remarks", "router_url", "parent_id", "is_active", "priority", "business", "type") VALUES (8, '预警管理', '预警管理', '/online/earlyWarningManagement', 3, 0, 3, 0, NULL);
INSERT INTO "public"."tb_power"("id", "name", "remarks", "router_url", "parent_id", "is_active", "priority", "business", "type") VALUES (9, '查看', '预警管理查看', '/online/earlyWarningManagement', 8, 1, 1, 0, 'checkOpt');
INSERT INTO "public"."tb_power"("id", "name", "remarks", "router_url", "parent_id", "is_active", "priority", "business", "type") VALUES (10, '修改', '预警管理修改', '/online/earlyWarningManagement', 8, 1, 2, 0, 'updateOpt');
INSERT INTO "public"."tb_power"("id", "name", "remarks", "router_url", "parent_id", "is_active", "priority", "business", "type") VALUES (11, '时程数据', '时程数据', '/online/warningDetails', 3, 0, 4, 0, NULL);
INSERT INTO "public"."tb_power"("id", "name", "remarks", "router_url", "parent_id", "is_active", "priority", "business", "type") VALUES (12, '查看', '时程数据查看', '/online/warningDetails', 11, 1, 1, 0, 'checkOpt');
INSERT INTO "public"."tb_power"("id", "name", "remarks", "router_url", "parent_id", "is_active", "priority", "business", "type") VALUES (14, '统计数据', '统计数据', '/online/statisticsData', 3, 0, 5, 0, NULL);
INSERT INTO "public"."tb_power"("id", "name", "remarks", "router_url", "parent_id", "is_active", "priority", "business", "type") VALUES (15, '查看', '统计数据查看', '/online/statisticsData', 14, 1, 1, 0, 'checkOpt');
INSERT INTO "public"."tb_power"("id", "name", "remarks", "router_url", "parent_id", "is_active", "priority", "business", "type") VALUES (16, '报表管理', '报表管理', '/online/tableManage', 3, 0, 6, 0, NULL);
INSERT INTO "public"."tb_power"("id", "name", "remarks", "router_url", "parent_id", "is_active", "priority", "business", "type") VALUES (17, '查看', '报表管理查看', '/online/tableManage', 16, 1, 1, 0, 'checkOpt');
INSERT INTO "public"."tb_power"("id", "name", "remarks", "router_url", "parent_id", "is_active", "priority", "business", "type") VALUES (18, '新增', '报表管理新增', '/online/tableManage', 16, 1, 2, 0, 'addOpt');
INSERT INTO "public"."tb_power"("id", "name", "remarks", "router_url", "parent_id", "is_active", "priority", "business", "type") VALUES (19, '修改', '报表管理修改', '/online/tableManage', 16, 1, 3, 0, 'updateOpt');
INSERT INTO "public"."tb_power"("id", "name", "remarks", "router_url", "parent_id", "is_active", "priority", "business", "type") VALUES (20, '删除', '报表管理删除', '/online/tableManage', 16, 1, 4, 0, 'deleteOpt');
INSERT INTO "public"."tb_power"("id", "name", "remarks", "router_url", "parent_id", "is_active", "priority", "business", "type") VALUES (21, '维护日志', '维护日志', '/online/diary', 3, 0, 7, 0, NULL);
INSERT INTO "public"."tb_power"("id", "name", "remarks", "router_url", "parent_id", "is_active", "priority", "business", "type") VALUES (22, '查看', '维护日志查看', '/online/diary', 21, 1, 1, 0, 'checkOpt');
INSERT INTO "public"."tb_power"("id", "name", "remarks", "router_url", "parent_id", "is_active", "priority", "business", "type") VALUES (23, '新增', '维护日志新增', '/online/diary', 21, 1, 2, 0, 'addOpt');
INSERT INTO "public"."tb_power"("id", "name", "remarks", "router_url", "parent_id", "is_active", "priority", "business", "type") VALUES (24, '修改', '维护日志修改', '/online/diary', 21, 1, 3, 0, 'updateOpt');
INSERT INTO "public"."tb_power"("id", "name", "remarks", "router_url", "parent_id", "is_active", "priority", "business", "type") VALUES (25, '删除', '维护日志删除', '/online/diary', 21, 1, 4, 0, 'deleteOpt');
INSERT INTO "public"."tb_power"("id", "name", "remarks", "router_url", "parent_id", "is_active", "priority", "business", "type") VALUES (26, '传感器设置', '传感器设置', '/online/warningSetting', 3, 0, 8, 0, NULL);
INSERT INTO "public"."tb_power"("id", "name", "remarks", "router_url", "parent_id", "is_active", "priority", "business", "type") VALUES (27, '查看', '传感器设置查看', '/online/warningSetting', 26, 1, 1, 0, 'checkOpt');
INSERT INTO "public"."tb_power"("id", "name", "remarks", "router_url", "parent_id", "is_active", "priority", "business", "type") VALUES (28, '新增', '传感器设置新增', '/online/warningSetting', 26, 1, 2, 0, 'addOpt');
INSERT INTO "public"."tb_power"("id", "name", "remarks", "router_url", "parent_id", "is_active", "priority", "business", "type") VALUES (29, '修改', '传感器设置修改', '/online/warningSetting', 26, 1, 3, 0, 'updateOpt');
INSERT INTO "public"."tb_power"("id", "name", "remarks", "router_url", "parent_id", "is_active", "priority", "business", "type") VALUES (30, '删除', '传感器设置删除', '/online/warningSetting', 26, 1, 4, 0, 'deleteOpt');
INSERT INTO "public"."tb_power"("id", "name", "remarks", "router_url", "parent_id", "is_active", "priority", "business", "type") VALUES (31, '日常巡查', '日常巡查', '/normal', 0, 0, 3, 1, NULL);
INSERT INTO "public"."tb_power"("id", "name", "remarks", "router_url", "parent_id", "is_active", "priority", "business", "type") VALUES (32, '巡查任务总览', '巡查任务总览', '/normal/normal', 31, 0, 1, 0, NULL);
INSERT INTO "public"."tb_power"("id", "name", "remarks", "router_url", "parent_id", "is_active", "priority", "business", "type") VALUES (33, '查看', '巡查任务总览查看', '/normal/normal', 32, 1, 1, 0, 'checkOpt');
INSERT INTO "public"."tb_power"("id", "name", "remarks", "router_url", "parent_id", "is_active", "priority", "business", "type") VALUES (34, '巡查计划', '巡查计划', '/normal/plan', 31, 0, 2, 0, NULL);
INSERT INTO "public"."tb_power"("id", "name", "remarks", "router_url", "parent_id", "is_active", "priority", "business", "type") VALUES (35, '查看', '巡查计划查看', '/normal/plan', 34, 1, 1, 0, 'checkOpt');
INSERT INTO "public"."tb_power"("id", "name", "remarks", "router_url", "parent_id", "is_active", "priority", "business", "type") VALUES (36, '新增', '巡查计划新增', '/normal/plan', 34, 1, 2, 0, 'addOpt');
INSERT INTO "public"."tb_power"("id", "name", "remarks", "router_url", "parent_id", "is_active", "priority", "business", "type") VALUES (37, '修改', '巡查计划修改', '/normal/plan', 34, 1, 3, 0, 'updateOpt');
INSERT INTO "public"."tb_power"("id", "name", "remarks", "router_url", "parent_id", "is_active", "priority", "business", "type") VALUES (38, '删除', '巡查计划删除', '/normal/plan', 34, 1, 4, 0, 'deleteOpt');
INSERT INTO "public"."tb_power"("id", "name", "remarks", "router_url", "parent_id", "is_active", "priority", "business", "type") VALUES (39, '巡查记录', '巡查记录', '/normal/record', 31, 0, 3, 0, NULL);
INSERT INTO "public"."tb_power"("id", "name", "remarks", "router_url", "parent_id", "is_active", "priority", "business", "type") VALUES (40, '查看', '巡查记录查看', '/normal/record', 39, 1, 1, 0, 'checkOpt');
INSERT INTO "public"."tb_power"("id", "name", "remarks", "router_url", "parent_id", "is_active", "priority", "business", "type") VALUES (43, '巡查报告', '巡查报告', '/normal/report', 31, 0, 4, 0, NULL);
INSERT INTO "public"."tb_power"("id", "name", "remarks", "router_url", "parent_id", "is_active", "priority", "business", "type") VALUES (44, '查看', '巡查报告查看', '/normal/report', 43, 1, 1, 0, 'checkOpt');
INSERT INTO "public"."tb_power"("id", "name", "remarks", "router_url", "parent_id", "is_active", "priority", "business", "type") VALUES (45, '新增', '巡查报告新增', '/normal/report', 43, 1, 2, 0, 'addOpt');
INSERT INTO "public"."tb_power"("id", "name", "remarks", "router_url", "parent_id", "is_active", "priority", "business", "type") VALUES (46, '修改', '巡查报告修改', '/normal/report', 43, 1, 3, 0, 'updateOpt');
INSERT INTO "public"."tb_power"("id", "name", "remarks", "router_url", "parent_id", "is_active", "priority", "business", "type") VALUES (47, '删除', '巡查报告删除', '/normal/report', 43, 1, 4, 0, 'deleteOpt');
INSERT INTO "public"."tb_power"("id", "name", "remarks", "router_url", "parent_id", "is_active", "priority", "business", "type") VALUES (48, '巡查结果统计', '巡查结果统计', '/normal/checkAnalysis', 31, 0, 5, 0, NULL);
INSERT INTO "public"."tb_power"("id", "name", "remarks", "router_url", "parent_id", "is_active", "priority", "business", "type") VALUES (49, '查看', '巡查结果统计查看', '/normal/checkAnalysis', 48, 1, 1, 0, 'checkOpt');
INSERT INTO "public"."tb_power"("id", "name", "remarks", "router_url", "parent_id", "is_active", "priority", "business", "type") VALUES (50, '维修养护', '维修养护', '/maintain', 0, 0, 4, 1, NULL);
INSERT INTO "public"."tb_power"("id", "name", "remarks", "router_url", "parent_id", "is_active", "priority", "business", "type") VALUES (51, '维养任务总览', '维养任务总览', '/maintain/maintain', 50, 0, 1, 0, NULL);
INSERT INTO "public"."tb_power"("id", "name", "remarks", "router_url", "parent_id", "is_active", "priority", "business", "type") VALUES (52, '查看', '维养任务总览查看', '/maintain/maintain', 51, 1, 1, 0, 'checkOpt');
INSERT INTO "public"."tb_power"("id", "name", "remarks", "router_url", "parent_id", "is_active", "priority", "business", "type") VALUES (53, '维养计划', '维养计划', '/maintain/planManagement', 50, 0, 2, 0, NULL);
INSERT INTO "public"."tb_power"("id", "name", "remarks", "router_url", "parent_id", "is_active", "priority", "business", "type") VALUES (54, '查看', '维养计划查看', '/maintain/planManagement', 53, 1, 1, 0, 'checkOpt');
INSERT INTO "public"."tb_power"("id", "name", "remarks", "router_url", "parent_id", "is_active", "priority", "business", "type") VALUES (55, '新增', '维养计划新增', '/maintain/planManagement', 53, 1, 2, 0, 'addOpt');
INSERT INTO "public"."tb_power"("id", "name", "remarks", "router_url", "parent_id", "is_active", "priority", "business", "type") VALUES (56, '修改', '维养计划修改', '/maintain/planManagement', 53, 1, 3, 0, 'updateOpt');
INSERT INTO "public"."tb_power"("id", "name", "remarks", "router_url", "parent_id", "is_active", "priority", "business", "type") VALUES (57, '删除', '维养计划删除', '/maintain/planManagement', 53, 1, 4, 0, 'deleteOpt');
INSERT INTO "public"."tb_power"("id", "name", "remarks", "router_url", "parent_id", "is_active", "priority", "business", "type") VALUES (58, '维养记录', '维养记录', '/maintain/wordRecord', 50, 0, 3, 0, NULL);
INSERT INTO "public"."tb_power"("id", "name", "remarks", "router_url", "parent_id", "is_active", "priority", "business", "type") VALUES (59, '查看', '维养记录查看', '/maintain/wordRecord', 58, 1, 1, 0, 'checkOpt');
INSERT INTO "public"."tb_power"("id", "name", "remarks", "router_url", "parent_id", "is_active", "priority", "business", "type") VALUES (62, '维养报告', '维养报告', '/maintain/report', 50, 0, 4, 0, NULL);
INSERT INTO "public"."tb_power"("id", "name", "remarks", "router_url", "parent_id", "is_active", "priority", "business", "type") VALUES (63, '查看', '维养报告查看', '/maintain/report', 62, 1, 1, 0, 'checkOpt');
INSERT INTO "public"."tb_power"("id", "name", "remarks", "router_url", "parent_id", "is_active", "priority", "business", "type") VALUES (64, '新增', '维养报告新增', '/maintain/report', 62, 1, 2, 0, 'addOpt');
INSERT INTO "public"."tb_power"("id", "name", "remarks", "router_url", "parent_id", "is_active", "priority", "business", "type") VALUES (65, '修改', '维养报告修改', '/maintain/report', 62, 1, 3, 0, 'updateOpt');
INSERT INTO "public"."tb_power"("id", "name", "remarks", "router_url", "parent_id", "is_active", "priority", "business", "type") VALUES (66, '删除', '维养报告删除', '/maintain/report', 62, 1, 4, 0, 'deleteOpt');
INSERT INTO "public"."tb_power"("id", "name", "remarks", "router_url", "parent_id", "is_active", "priority", "business", "type") VALUES (67, '维养效果分析', '维养效果分析', '/maintain/checkAnalysis', 50, 0, 5, 0, NULL);
INSERT INTO "public"."tb_power"("id", "name", "remarks", "router_url", "parent_id", "is_active", "priority", "business", "type") VALUES (68, '查看', '维养效果分析查看', '/maintain/checkAnalysis', 67, 1, 1, 0, 'checkOpt');
INSERT INTO "public"."tb_power"("id", "name", "remarks", "router_url", "parent_id", "is_active", "priority", "business", "type") VALUES (69, '检测评估', '检测评估', '/assessment', 0, 0, 5, 1, NULL);
INSERT INTO "public"."tb_power"("id", "name", "remarks", "router_url", "parent_id", "is_active", "priority", "business", "type") VALUES (70, '检测总览', '检测总览', '/assessment/overview', 69, 0, 1, 0, NULL);
INSERT INTO "public"."tb_power"("id", "name", "remarks", "router_url", "parent_id", "is_active", "priority", "business", "type") VALUES (71, '查看', '检测总览查看', '/assessment/overview', 70, 1, 1, 0, 'checkOpt');
INSERT INTO "public"."tb_power"("id", "name", "remarks", "router_url", "parent_id", "is_active", "priority", "business", "type") VALUES (72, '结构物检测', '结构物检测', '/assessment/detection', 69, 0, 2, 0, NULL);
INSERT INTO "public"."tb_power"("id", "name", "remarks", "router_url", "parent_id", "is_active", "priority", "business", "type") VALUES (73, '查看', '结构物检测查看', '/assessment/detection', 72, 1, 1, 0, 'checkOpt');
INSERT INTO "public"."tb_power"("id", "name", "remarks", "router_url", "parent_id", "is_active", "priority", "business", "type") VALUES (74, '检测计划', '检测计划', '/assessment/plan', 69, 0, 3, 0, NULL);
INSERT INTO "public"."tb_power"("id", "name", "remarks", "router_url", "parent_id", "is_active", "priority", "business", "type") VALUES (75, '查看', '检测计划查看', '/assessment/plan', 74, 1, 1, 0, 'checkOpt');
INSERT INTO "public"."tb_power"("id", "name", "remarks", "router_url", "parent_id", "is_active", "priority", "business", "type") VALUES (76, '新增', '检测计划新增', '/assessment/plan', 74, 1, 2, 0, 'addOpt');
INSERT INTO "public"."tb_power"("id", "name", "remarks", "router_url", "parent_id", "is_active", "priority", "business", "type") VALUES (77, '修改', '检测计划修改', '/assessment/plan', 74, 1, 3, 0, 'updateOpt');
INSERT INTO "public"."tb_power"("id", "name", "remarks", "router_url", "parent_id", "is_active", "priority", "business", "type") VALUES (78, '删除', '检测计划删除', '/assessment/plan', 74, 1, 4, 0, 'deleteOpt');
INSERT INTO "public"."tb_power"("id", "name", "remarks", "router_url", "parent_id", "is_active", "priority", "business", "type") VALUES (79, '检测记录', '检测记录', '/assessment/record', 69, 0, 4, 0, NULL);
INSERT INTO "public"."tb_power"("id", "name", "remarks", "router_url", "parent_id", "is_active", "priority", "business", "type") VALUES (80, '查看', '检测记录查看', '/assessment/record', 79, 1, 1, 0, 'checkOpt');
INSERT INTO "public"."tb_power"("id", "name", "remarks", "router_url", "parent_id", "is_active", "priority", "business", "type") VALUES (81, '新增', '检测记录新增', '/assessment/record', 79, 1, 2, 0, 'addOpt');
INSERT INTO "public"."tb_power"("id", "name", "remarks", "router_url", "parent_id", "is_active", "priority", "business", "type") VALUES (82, '修改', '检测记录修改', '/assessment/record', 79, 1, 3, 0, 'updateOpt');
INSERT INTO "public"."tb_power"("id", "name", "remarks", "router_url", "parent_id", "is_active", "priority", "business", "type") VALUES (83, '删除', '检测记录删除', '/assessment/record', 79, 1, 4, 0, 'deleteOpt');
INSERT INTO "public"."tb_power"("id", "name", "remarks", "router_url", "parent_id", "is_active", "priority", "business", "type") VALUES (84, '检测数据分析', '检测数据分析', '/assessment/analysis', 69, 0, 5, 0, NULL);
INSERT INTO "public"."tb_power"("id", "name", "remarks", "router_url", "parent_id", "is_active", "priority", "business", "type") VALUES (85, '查看', '检测数据分析查看', '/assessment/analysis', 84, 1, 1, 0, 'checkOpt');
INSERT INTO "public"."tb_power"("id", "name", "remarks", "router_url", "parent_id", "is_active", "priority", "business", "type") VALUES (86, '视频观察', '视频观察', '/video', 0, 0, 6, 0, NULL);
INSERT INTO "public"."tb_power"("id", "name", "remarks", "router_url", "parent_id", "is_active", "priority", "business", "type") VALUES (87, '查看', '视频观察查看', '/video', 86, 1, 1, 0, 'checkOpt');
INSERT INTO "public"."tb_power"("id", "name", "remarks", "router_url", "parent_id", "is_active", "priority", "business", "type") VALUES (88, '新增', '视频观察新增', '/video', 86, 1, 2, 0, 'addOpt');
INSERT INTO "public"."tb_power"("id", "name", "remarks", "router_url", "parent_id", "is_active", "priority", "business", "type") VALUES (89, '修改', '视频观察修改', '/video', 86, 1, 3, 0, 'updateOpt');
INSERT INTO "public"."tb_power"("id", "name", "remarks", "router_url", "parent_id", "is_active", "priority", "business", "type") VALUES (90, '删除', '视频观察删除', '/video', 86, 1, 4, 0, 'deleteOpt');
INSERT INTO "public"."tb_power"("id", "name", "remarks", "router_url", "parent_id", "is_active", "priority", "business", "type") VALUES (91, '信息管理', '信息管理', '/infoManage', 0, 0, 7, 0, NULL);
INSERT INTO "public"."tb_power"("id", "name", "remarks", "router_url", "parent_id", "is_active", "priority", "business", "type") VALUES (92, '桥梁信息管理', '桥梁信息管理', '/infoManage/bridgeManage', 91, 0, 1, 0, NULL);
INSERT INTO "public"."tb_power"("id", "name", "remarks", "router_url", "parent_id", "is_active", "priority", "business", "type") VALUES (93, '查看', '桥梁信息管理查看', '/infoManage/bridgeManage', 92, 1, 1, 0, 'checkOpt');
INSERT INTO "public"."tb_power"("id", "name", "remarks", "router_url", "parent_id", "is_active", "priority", "business", "type") VALUES (94, '新增', '桥梁信息管理新增', '/infoManage/bridgeManage', 92, 1, 2, 0, 'addOpt');
INSERT INTO "public"."tb_power"("id", "name", "remarks", "router_url", "parent_id", "is_active", "priority", "business", "type") VALUES (95, '修改', '桥梁信息管理修改', '/infoManage/bridgeManage', 92, 1, 3, 0, 'updateOpt');
INSERT INTO "public"."tb_power"("id", "name", "remarks", "router_url", "parent_id", "is_active", "priority", "business", "type") VALUES (96, '删除', '桥梁信息管理删除', '/infoManage/bridgeManage', 92, 1, 4, 0, 'deleteOpt');
INSERT INTO "public"."tb_power"("id", "name", "remarks", "router_url", "parent_id", "is_active", "priority", "business", "type") VALUES (97, '隧道信息管理', '隧道信息管理', '/infoManage/tunnelManage', 91, 0, 2, 0, NULL);
INSERT INTO "public"."tb_power"("id", "name", "remarks", "router_url", "parent_id", "is_active", "priority", "business", "type") VALUES (98, '查看', '隧道信息管理查看', '/infoManage/tunnelManage', 97, 1, 1, 0, 'checkOpt');
INSERT INTO "public"."tb_power"("id", "name", "remarks", "router_url", "parent_id", "is_active", "priority", "business", "type") VALUES (99, '新增', '隧道信息管理新增', '/infoManage/tunnelManage', 97, 1, 2, 0, 'addOpt');
INSERT INTO "public"."tb_power"("id", "name", "remarks", "router_url", "parent_id", "is_active", "priority", "business", "type") VALUES (100, '修改', '隧道信息管理修改', '/infoManage/tunnelManage', 97, 1, 3, 0, 'updateOpt');
INSERT INTO "public"."tb_power"("id", "name", "remarks", "router_url", "parent_id", "is_active", "priority", "business", "type") VALUES (101, '删除', '隧道信息管理删除', '/infoManage/tunnelManage', 97, 1, 4, 0, 'deleteOpt');
INSERT INTO "public"."tb_power"("id", "name", "remarks", "router_url", "parent_id", "is_active", "priority", "business", "type") VALUES (102, '用户角色管理', '用户角色管理', '/infoManage/userManage', 91, 0, 3, 0, NULL);
INSERT INTO "public"."tb_power"("id", "name", "remarks", "router_url", "parent_id", "is_active", "priority", "business", "type") VALUES (103, '查看', '用户角色管理查看', '/infoManage/userManage', 102, 1, 1, 0, 'checkOpt');
INSERT INTO "public"."tb_power"("id", "name", "remarks", "router_url", "parent_id", "is_active", "priority", "business", "type") VALUES (104, '新增', '用户角色管理新增', '/infoManage/userManage', 102, 1, 2, 0, 'addOpt');
INSERT INTO "public"."tb_power"("id", "name", "remarks", "router_url", "parent_id", "is_active", "priority", "business", "type") VALUES (105, '修改', '用户角色管理修改', '/infoManage/userManage', 102, 1, 3, 0, 'updateOpt');
INSERT INTO "public"."tb_power"("id", "name", "remarks", "router_url", "parent_id", "is_active", "priority", "business", "type") VALUES (106, '删除', '用户角色管理删除', '/infoManage/userManage', 102, 1, 4, 0, 'deleteOpt');
INSERT INTO "public"."tb_power"("id", "name", "remarks", "router_url", "parent_id", "is_active", "priority", "business", "type") VALUES (107, '公告管理', '公告管理', '/infoManage/announcement', 91, 0, 5, 0, NULL);
INSERT INTO "public"."tb_power"("id", "name", "remarks", "router_url", "parent_id", "is_active", "priority", "business", "type") VALUES (108, '查看', '公告管理查看', '/infoManage/announcement', 107, 1, 1, 0, 'checkOpt');
INSERT INTO "public"."tb_power"("id", "name", "remarks", "router_url", "parent_id", "is_active", "priority", "business", "type") VALUES (109, '新增', '公告管理新增', '/infoManage/announcement', 107, 1, 2, 0, 'addOpt');
INSERT INTO "public"."tb_power"("id", "name", "remarks", "router_url", "parent_id", "is_active", "priority", "business", "type") VALUES (110, '修改', '公告管理修改', '/infoManage/announcement', 107, 1, 3, 0, 'updateOpt');
INSERT INTO "public"."tb_power"("id", "name", "remarks", "router_url", "parent_id", "is_active", "priority", "business", "type") VALUES (111, '删除', '公告管理删除', '/infoManage/announcement', 107, 1, 4, 0, 'deleteOpt');
INSERT INTO "public"."tb_power"("id", "name", "remarks", "router_url", "parent_id", "is_active", "priority", "business", "type") VALUES (112, '项目管理', '项目管理', '/infoManage/projectManage', 91, 0, 6, 0, NULL);
INSERT INTO "public"."tb_power"("id", "name", "remarks", "router_url", "parent_id", "is_active", "priority", "business", "type") VALUES (113, '查看', '项目管理查看', '/infoManage/projectManage', 112, 1, 1, 0, 'checkOpt');
INSERT INTO "public"."tb_power"("id", "name", "remarks", "router_url", "parent_id", "is_active", "priority", "business", "type") VALUES (114, '新增', '项目管理新增', '/infoManage/projectManage', 112, 1, 2, 0, 'addOpt');
INSERT INTO "public"."tb_power"("id", "name", "remarks", "router_url", "parent_id", "is_active", "priority", "business", "type") VALUES (115, '修改', '项目管理修改', '/infoManage/projectManage', 112, 1, 3, 0, 'updateOpt');
INSERT INTO "public"."tb_power"("id", "name", "remarks", "router_url", "parent_id", "is_active", "priority", "business", "type") VALUES (116, '删除', '项目管理删除', '/infoManage/projectManage', 112, 1, 4, 0, 'deleteOpt');
INSERT INTO "public"."tb_power"("id", "name", "remarks", "router_url", "parent_id", "is_active", "priority", "business", "type") VALUES (117, '指派', '项目管理指派', '/infoManage/projectManage', 112, 1, 5, 0, 'appointOpt');
INSERT INTO "public"."tb_power"("id", "name", "remarks", "router_url", "parent_id", "is_active", "priority", "business", "type") VALUES (118, 'APP用户管理', 'APP用户管理', '/infoManage/appUserManage', 91, 0, 4, 0, NULL);
INSERT INTO "public"."tb_power"("id", "name", "remarks", "router_url", "parent_id", "is_active", "priority", "business", "type") VALUES (119, '查看', 'APP用户管理查看', '/infoManage/appUserManage', 118, 1, 1, 0, 'checkOpt');
INSERT INTO "public"."tb_power"("id", "name", "remarks", "router_url", "parent_id", "is_active", "priority", "business", "type") VALUES (120, '新增', 'APP用户管理新增', '/infoManage/appUserManage', 118, 1, 2, 0, 'addOpt');
INSERT INTO "public"."tb_power"("id", "name", "remarks", "router_url", "parent_id", "is_active", "priority", "business", "type") VALUES (121, '修改', 'APP用户管理修改', '/infoManage/appUserManage', 118, 1, 3, 0, 'updateOpt');
INSERT INTO "public"."tb_power"("id", "name", "remarks", "router_url", "parent_id", "is_active", "priority", "business", "type") VALUES (122, '删除', 'APP用户管理删除', '/infoManage/appUserManage', 118, 1, 4, 0, 'deleteOpt');


--角色权限关联
INSERT INTO "public"."tb_role_power_rel"("id", "role_id", "power_id") VALUES (1, 3, 1);
INSERT INTO "public"."tb_role_power_rel"("id", "role_id", "power_id") VALUES (2, 3, 2);
INSERT INTO "public"."tb_role_power_rel"("id", "role_id", "power_id") VALUES (3, 3, 3);
INSERT INTO "public"."tb_role_power_rel"("id", "role_id", "power_id") VALUES (4, 3, 4);
INSERT INTO "public"."tb_role_power_rel"("id", "role_id", "power_id") VALUES (5, 3, 5);
INSERT INTO "public"."tb_role_power_rel"("id", "role_id", "power_id") VALUES (6, 3, 6);
INSERT INTO "public"."tb_role_power_rel"("id", "role_id", "power_id") VALUES (7, 3, 7);
INSERT INTO "public"."tb_role_power_rel"("id", "role_id", "power_id") VALUES (8, 3, 8);
INSERT INTO "public"."tb_role_power_rel"("id", "role_id", "power_id") VALUES (9, 3, 9);
INSERT INTO "public"."tb_role_power_rel"("id", "role_id", "power_id") VALUES (10, 3, 10);
INSERT INTO "public"."tb_role_power_rel"("id", "role_id", "power_id") VALUES (11, 3, 11);
INSERT INTO "public"."tb_role_power_rel"("id", "role_id", "power_id") VALUES (12, 3, 12);
INSERT INTO "public"."tb_role_power_rel"("id", "role_id", "power_id") VALUES (13, 3, 14);
INSERT INTO "public"."tb_role_power_rel"("id", "role_id", "power_id") VALUES (14, 3, 15);
INSERT INTO "public"."tb_role_power_rel"("id", "role_id", "power_id") VALUES (15, 3, 16);
INSERT INTO "public"."tb_role_power_rel"("id", "role_id", "power_id") VALUES (16, 3, 17);
INSERT INTO "public"."tb_role_power_rel"("id", "role_id", "power_id") VALUES (17, 3, 18);
INSERT INTO "public"."tb_role_power_rel"("id", "role_id", "power_id") VALUES (18, 3, 19);
INSERT INTO "public"."tb_role_power_rel"("id", "role_id", "power_id") VALUES (19, 3, 20);
INSERT INTO "public"."tb_role_power_rel"("id", "role_id", "power_id") VALUES (20, 3, 21);
INSERT INTO "public"."tb_role_power_rel"("id", "role_id", "power_id") VALUES (21, 3, 22);
INSERT INTO "public"."tb_role_power_rel"("id", "role_id", "power_id") VALUES (22, 3, 23);
INSERT INTO "public"."tb_role_power_rel"("id", "role_id", "power_id") VALUES (23, 3, 24);
INSERT INTO "public"."tb_role_power_rel"("id", "role_id", "power_id") VALUES (24, 3, 25);
INSERT INTO "public"."tb_role_power_rel"("id", "role_id", "power_id") VALUES (25, 3, 26);
INSERT INTO "public"."tb_role_power_rel"("id", "role_id", "power_id") VALUES (26, 3, 27);
INSERT INTO "public"."tb_role_power_rel"("id", "role_id", "power_id") VALUES (27, 3, 28);
INSERT INTO "public"."tb_role_power_rel"("id", "role_id", "power_id") VALUES (28, 3, 29);
INSERT INTO "public"."tb_role_power_rel"("id", "role_id", "power_id") VALUES (29, 3, 30);
INSERT INTO "public"."tb_role_power_rel"("id", "role_id", "power_id") VALUES (30, 3, 31);
INSERT INTO "public"."tb_role_power_rel"("id", "role_id", "power_id") VALUES (31, 3, 32);
INSERT INTO "public"."tb_role_power_rel"("id", "role_id", "power_id") VALUES (32, 3, 33);
INSERT INTO "public"."tb_role_power_rel"("id", "role_id", "power_id") VALUES (33, 3, 34);
INSERT INTO "public"."tb_role_power_rel"("id", "role_id", "power_id") VALUES (34, 3, 35);
INSERT INTO "public"."tb_role_power_rel"("id", "role_id", "power_id") VALUES (35, 3, 36);
INSERT INTO "public"."tb_role_power_rel"("id", "role_id", "power_id") VALUES (36, 3, 37);
INSERT INTO "public"."tb_role_power_rel"("id", "role_id", "power_id") VALUES (37, 3, 38);
INSERT INTO "public"."tb_role_power_rel"("id", "role_id", "power_id") VALUES (38, 3, 39);
INSERT INTO "public"."tb_role_power_rel"("id", "role_id", "power_id") VALUES (39, 3, 40);
INSERT INTO "public"."tb_role_power_rel"("id", "role_id", "power_id") VALUES (40, 3, 43);
INSERT INTO "public"."tb_role_power_rel"("id", "role_id", "power_id") VALUES (41, 3, 44);
INSERT INTO "public"."tb_role_power_rel"("id", "role_id", "power_id") VALUES (42, 3, 45);
INSERT INTO "public"."tb_role_power_rel"("id", "role_id", "power_id") VALUES (43, 3, 46);
INSERT INTO "public"."tb_role_power_rel"("id", "role_id", "power_id") VALUES (44, 3, 47);
INSERT INTO "public"."tb_role_power_rel"("id", "role_id", "power_id") VALUES (45, 3, 48);
INSERT INTO "public"."tb_role_power_rel"("id", "role_id", "power_id") VALUES (46, 3, 49);
INSERT INTO "public"."tb_role_power_rel"("id", "role_id", "power_id") VALUES (47, 3, 50);
INSERT INTO "public"."tb_role_power_rel"("id", "role_id", "power_id") VALUES (48, 3, 51);
INSERT INTO "public"."tb_role_power_rel"("id", "role_id", "power_id") VALUES (49, 3, 52);
INSERT INTO "public"."tb_role_power_rel"("id", "role_id", "power_id") VALUES (50, 3, 53);
INSERT INTO "public"."tb_role_power_rel"("id", "role_id", "power_id") VALUES (51, 3, 54);
INSERT INTO "public"."tb_role_power_rel"("id", "role_id", "power_id") VALUES (52, 3, 55);
INSERT INTO "public"."tb_role_power_rel"("id", "role_id", "power_id") VALUES (53, 3, 56);
INSERT INTO "public"."tb_role_power_rel"("id", "role_id", "power_id") VALUES (54, 3, 57);
INSERT INTO "public"."tb_role_power_rel"("id", "role_id", "power_id") VALUES (55, 3, 58);
INSERT INTO "public"."tb_role_power_rel"("id", "role_id", "power_id") VALUES (56, 3, 59);
INSERT INTO "public"."tb_role_power_rel"("id", "role_id", "power_id") VALUES (57, 3, 62);
INSERT INTO "public"."tb_role_power_rel"("id", "role_id", "power_id") VALUES (58, 3, 63);
INSERT INTO "public"."tb_role_power_rel"("id", "role_id", "power_id") VALUES (59, 3, 64);
INSERT INTO "public"."tb_role_power_rel"("id", "role_id", "power_id") VALUES (60, 3, 65);
INSERT INTO "public"."tb_role_power_rel"("id", "role_id", "power_id") VALUES (61, 3, 66);
INSERT INTO "public"."tb_role_power_rel"("id", "role_id", "power_id") VALUES (62, 3, 67);
INSERT INTO "public"."tb_role_power_rel"("id", "role_id", "power_id") VALUES (63, 3, 68);
INSERT INTO "public"."tb_role_power_rel"("id", "role_id", "power_id") VALUES (64, 3, 69);
INSERT INTO "public"."tb_role_power_rel"("id", "role_id", "power_id") VALUES (65, 3, 70);
INSERT INTO "public"."tb_role_power_rel"("id", "role_id", "power_id") VALUES (66, 3, 71);
INSERT INTO "public"."tb_role_power_rel"("id", "role_id", "power_id") VALUES (67, 3, 72);
INSERT INTO "public"."tb_role_power_rel"("id", "role_id", "power_id") VALUES (68, 3, 73);
INSERT INTO "public"."tb_role_power_rel"("id", "role_id", "power_id") VALUES (69, 3, 74);
INSERT INTO "public"."tb_role_power_rel"("id", "role_id", "power_id") VALUES (70, 3, 75);
INSERT INTO "public"."tb_role_power_rel"("id", "role_id", "power_id") VALUES (71, 3, 76);
INSERT INTO "public"."tb_role_power_rel"("id", "role_id", "power_id") VALUES (72, 3, 77);
INSERT INTO "public"."tb_role_power_rel"("id", "role_id", "power_id") VALUES (73, 3, 78);
INSERT INTO "public"."tb_role_power_rel"("id", "role_id", "power_id") VALUES (74, 3, 79);
INSERT INTO "public"."tb_role_power_rel"("id", "role_id", "power_id") VALUES (75, 3, 80);
INSERT INTO "public"."tb_role_power_rel"("id", "role_id", "power_id") VALUES (76, 3, 81);
INSERT INTO "public"."tb_role_power_rel"("id", "role_id", "power_id") VALUES (77, 3, 82);
INSERT INTO "public"."tb_role_power_rel"("id", "role_id", "power_id") VALUES (78, 3, 83);
INSERT INTO "public"."tb_role_power_rel"("id", "role_id", "power_id") VALUES (79, 3, 84);
INSERT INTO "public"."tb_role_power_rel"("id", "role_id", "power_id") VALUES (80, 3, 85);
INSERT INTO "public"."tb_role_power_rel"("id", "role_id", "power_id") VALUES (81, 3, 86);
INSERT INTO "public"."tb_role_power_rel"("id", "role_id", "power_id") VALUES (82, 3, 87);
INSERT INTO "public"."tb_role_power_rel"("id", "role_id", "power_id") VALUES (83, 3, 88);
INSERT INTO "public"."tb_role_power_rel"("id", "role_id", "power_id") VALUES (84, 3, 89);
INSERT INTO "public"."tb_role_power_rel"("id", "role_id", "power_id") VALUES (85, 3, 90);
INSERT INTO "public"."tb_role_power_rel"("id", "role_id", "power_id") VALUES (86, 3, 91);
INSERT INTO "public"."tb_role_power_rel"("id", "role_id", "power_id") VALUES (87, 3, 92);
INSERT INTO "public"."tb_role_power_rel"("id", "role_id", "power_id") VALUES (88, 3, 93);
INSERT INTO "public"."tb_role_power_rel"("id", "role_id", "power_id") VALUES (89, 3, 94);
INSERT INTO "public"."tb_role_power_rel"("id", "role_id", "power_id") VALUES (90, 3, 95);
INSERT INTO "public"."tb_role_power_rel"("id", "role_id", "power_id") VALUES (91, 3, 96);
INSERT INTO "public"."tb_role_power_rel"("id", "role_id", "power_id") VALUES (92, 3, 97);
INSERT INTO "public"."tb_role_power_rel"("id", "role_id", "power_id") VALUES (93, 3, 98);
INSERT INTO "public"."tb_role_power_rel"("id", "role_id", "power_id") VALUES (94, 3, 99);
INSERT INTO "public"."tb_role_power_rel"("id", "role_id", "power_id") VALUES (95, 3, 100);
INSERT INTO "public"."tb_role_power_rel"("id", "role_id", "power_id") VALUES (96, 3, 101);
INSERT INTO "public"."tb_role_power_rel"("id", "role_id", "power_id") VALUES (97, 3, 102);
INSERT INTO "public"."tb_role_power_rel"("id", "role_id", "power_id") VALUES (98, 3, 103);
INSERT INTO "public"."tb_role_power_rel"("id", "role_id", "power_id") VALUES (99, 3, 104);
INSERT INTO "public"."tb_role_power_rel"("id", "role_id", "power_id") VALUES (100, 3, 105);
INSERT INTO "public"."tb_role_power_rel"("id", "role_id", "power_id") VALUES (101, 3, 106);
INSERT INTO "public"."tb_role_power_rel"("id", "role_id", "power_id") VALUES (102, 3, 107);
INSERT INTO "public"."tb_role_power_rel"("id", "role_id", "power_id") VALUES (103, 3, 108);
INSERT INTO "public"."tb_role_power_rel"("id", "role_id", "power_id") VALUES (104, 3, 109);
INSERT INTO "public"."tb_role_power_rel"("id", "role_id", "power_id") VALUES (105, 3, 110);
INSERT INTO "public"."tb_role_power_rel"("id", "role_id", "power_id") VALUES (106, 3, 111);
INSERT INTO "public"."tb_role_power_rel"("id", "role_id", "power_id") VALUES (107, 3, 112);
INSERT INTO "public"."tb_role_power_rel"("id", "role_id", "power_id") VALUES (108, 3, 113);
INSERT INTO "public"."tb_role_power_rel"("id", "role_id", "power_id") VALUES (109, 3, 114);
INSERT INTO "public"."tb_role_power_rel"("id", "role_id", "power_id") VALUES (110, 3, 115);
INSERT INTO "public"."tb_role_power_rel"("id", "role_id", "power_id") VALUES (111, 3, 116);
INSERT INTO "public"."tb_role_power_rel"("id", "role_id", "power_id") VALUES (112, 3, 117);
INSERT INTO "public"."tb_role_power_rel"("id", "role_id", "power_id") VALUES (113, 3, 118);
INSERT INTO "public"."tb_role_power_rel"("id", "role_id", "power_id") VALUES (114, 3, 119);
INSERT INTO "public"."tb_role_power_rel"("id", "role_id", "power_id") VALUES (115, 3, 120);
INSERT INTO "public"."tb_role_power_rel"("id", "role_id", "power_id") VALUES (116, 3, 121);
INSERT INTO "public"."tb_role_power_rel"("id", "role_id", "power_id") VALUES (117, 3, 122);
INSERT INTO "public"."tb_role_power_rel"("id", "role_id", "power_id") VALUES (118, 2, 1);
INSERT INTO "public"."tb_role_power_rel"("id", "role_id", "power_id") VALUES (119, 2, 2);
INSERT INTO "public"."tb_role_power_rel"("id", "role_id", "power_id") VALUES (120, 2, 3);
INSERT INTO "public"."tb_role_power_rel"("id", "role_id", "power_id") VALUES (121, 2, 4);
INSERT INTO "public"."tb_role_power_rel"("id", "role_id", "power_id") VALUES (122, 2, 5);
INSERT INTO "public"."tb_role_power_rel"("id", "role_id", "power_id") VALUES (123, 2, 6);
INSERT INTO "public"."tb_role_power_rel"("id", "role_id", "power_id") VALUES (124, 2, 7);
INSERT INTO "public"."tb_role_power_rel"("id", "role_id", "power_id") VALUES (125, 2, 8);
INSERT INTO "public"."tb_role_power_rel"("id", "role_id", "power_id") VALUES (126, 2, 9);
INSERT INTO "public"."tb_role_power_rel"("id", "role_id", "power_id") VALUES (127, 2, 11);
INSERT INTO "public"."tb_role_power_rel"("id", "role_id", "power_id") VALUES (128, 2, 12);
INSERT INTO "public"."tb_role_power_rel"("id", "role_id", "power_id") VALUES (129, 2, 14);
INSERT INTO "public"."tb_role_power_rel"("id", "role_id", "power_id") VALUES (130, 2, 15);
INSERT INTO "public"."tb_role_power_rel"("id", "role_id", "power_id") VALUES (131, 2, 16);
INSERT INTO "public"."tb_role_power_rel"("id", "role_id", "power_id") VALUES (132, 2, 17);
INSERT INTO "public"."tb_role_power_rel"("id", "role_id", "power_id") VALUES (133, 2, 21);
INSERT INTO "public"."tb_role_power_rel"("id", "role_id", "power_id") VALUES (134, 2, 22);
INSERT INTO "public"."tb_role_power_rel"("id", "role_id", "power_id") VALUES (135, 2, 26);
INSERT INTO "public"."tb_role_power_rel"("id", "role_id", "power_id") VALUES (136, 2, 27);
INSERT INTO "public"."tb_role_power_rel"("id", "role_id", "power_id") VALUES (137, 2, 31);
INSERT INTO "public"."tb_role_power_rel"("id", "role_id", "power_id") VALUES (138, 2, 32);
INSERT INTO "public"."tb_role_power_rel"("id", "role_id", "power_id") VALUES (139, 2, 33);
INSERT INTO "public"."tb_role_power_rel"("id", "role_id", "power_id") VALUES (140, 2, 34);
INSERT INTO "public"."tb_role_power_rel"("id", "role_id", "power_id") VALUES (141, 2, 35);
INSERT INTO "public"."tb_role_power_rel"("id", "role_id", "power_id") VALUES (142, 2, 39);
INSERT INTO "public"."tb_role_power_rel"("id", "role_id", "power_id") VALUES (143, 2, 40);
INSERT INTO "public"."tb_role_power_rel"("id", "role_id", "power_id") VALUES (144, 2, 43);
INSERT INTO "public"."tb_role_power_rel"("id", "role_id", "power_id") VALUES (145, 2, 44);
INSERT INTO "public"."tb_role_power_rel"("id", "role_id", "power_id") VALUES (146, 2, 48);
INSERT INTO "public"."tb_role_power_rel"("id", "role_id", "power_id") VALUES (147, 2, 49);
INSERT INTO "public"."tb_role_power_rel"("id", "role_id", "power_id") VALUES (148, 2, 50);
INSERT INTO "public"."tb_role_power_rel"("id", "role_id", "power_id") VALUES (149, 2, 51);
INSERT INTO "public"."tb_role_power_rel"("id", "role_id", "power_id") VALUES (150, 2, 52);
INSERT INTO "public"."tb_role_power_rel"("id", "role_id", "power_id") VALUES (151, 2, 53);
INSERT INTO "public"."tb_role_power_rel"("id", "role_id", "power_id") VALUES (152, 2, 54);
INSERT INTO "public"."tb_role_power_rel"("id", "role_id", "power_id") VALUES (153, 2, 58);
INSERT INTO "public"."tb_role_power_rel"("id", "role_id", "power_id") VALUES (154, 2, 59);
INSERT INTO "public"."tb_role_power_rel"("id", "role_id", "power_id") VALUES (155, 2, 62);
INSERT INTO "public"."tb_role_power_rel"("id", "role_id", "power_id") VALUES (156, 2, 63);
INSERT INTO "public"."tb_role_power_rel"("id", "role_id", "power_id") VALUES (157, 2, 67);
INSERT INTO "public"."tb_role_power_rel"("id", "role_id", "power_id") VALUES (158, 2, 68);
INSERT INTO "public"."tb_role_power_rel"("id", "role_id", "power_id") VALUES (159, 2, 69);
INSERT INTO "public"."tb_role_power_rel"("id", "role_id", "power_id") VALUES (160, 2, 70);
INSERT INTO "public"."tb_role_power_rel"("id", "role_id", "power_id") VALUES (161, 2, 71);
INSERT INTO "public"."tb_role_power_rel"("id", "role_id", "power_id") VALUES (162, 2, 72);
INSERT INTO "public"."tb_role_power_rel"("id", "role_id", "power_id") VALUES (163, 2, 73);
INSERT INTO "public"."tb_role_power_rel"("id", "role_id", "power_id") VALUES (164, 2, 74);
INSERT INTO "public"."tb_role_power_rel"("id", "role_id", "power_id") VALUES (165, 2, 75);
INSERT INTO "public"."tb_role_power_rel"("id", "role_id", "power_id") VALUES (166, 2, 79);
INSERT INTO "public"."tb_role_power_rel"("id", "role_id", "power_id") VALUES (167, 2, 80);
INSERT INTO "public"."tb_role_power_rel"("id", "role_id", "power_id") VALUES (168, 2, 84);
INSERT INTO "public"."tb_role_power_rel"("id", "role_id", "power_id") VALUES (169, 2, 85);
INSERT INTO "public"."tb_role_power_rel"("id", "role_id", "power_id") VALUES (170, 2, 86);
INSERT INTO "public"."tb_role_power_rel"("id", "role_id", "power_id") VALUES (171, 2, 87);
INSERT INTO "public"."tb_role_power_rel"("id", "role_id", "power_id") VALUES (172, 2, 91);
INSERT INTO "public"."tb_role_power_rel"("id", "role_id", "power_id") VALUES (173, 2, 92);
INSERT INTO "public"."tb_role_power_rel"("id", "role_id", "power_id") VALUES (174, 2, 93);
INSERT INTO "public"."tb_role_power_rel"("id", "role_id", "power_id") VALUES (175, 2, 94);
INSERT INTO "public"."tb_role_power_rel"("id", "role_id", "power_id") VALUES (176, 2, 95);
INSERT INTO "public"."tb_role_power_rel"("id", "role_id", "power_id") VALUES (177, 2, 96);
INSERT INTO "public"."tb_role_power_rel"("id", "role_id", "power_id") VALUES (178, 2, 97);
INSERT INTO "public"."tb_role_power_rel"("id", "role_id", "power_id") VALUES (179, 2, 98);
INSERT INTO "public"."tb_role_power_rel"("id", "role_id", "power_id") VALUES (180, 2, 99);
INSERT INTO "public"."tb_role_power_rel"("id", "role_id", "power_id") VALUES (181, 2, 100);
INSERT INTO "public"."tb_role_power_rel"("id", "role_id", "power_id") VALUES (182, 2, 101);
INSERT INTO "public"."tb_role_power_rel"("id", "role_id", "power_id") VALUES (183, 2, 107);
INSERT INTO "public"."tb_role_power_rel"("id", "role_id", "power_id") VALUES (184, 2, 108);
INSERT INTO "public"."tb_role_power_rel"("id", "role_id", "power_id") VALUES (185, 2, 109);
INSERT INTO "public"."tb_role_power_rel"("id", "role_id", "power_id") VALUES (186, 2, 110);
INSERT INTO "public"."tb_role_power_rel"("id", "role_id", "power_id") VALUES (187, 2, 111);
INSERT INTO "public"."tb_role_power_rel"("id", "role_id", "power_id") VALUES (188, 2, 112);
INSERT INTO "public"."tb_role_power_rel"("id", "role_id", "power_id") VALUES (189, 2, 113);
INSERT INTO "public"."tb_role_power_rel"("id", "role_id", "power_id") VALUES (190, 2, 114);
INSERT INTO "public"."tb_role_power_rel"("id", "role_id", "power_id") VALUES (191, 2, 115);
INSERT INTO "public"."tb_role_power_rel"("id", "role_id", "power_id") VALUES (192, 2, 116);
INSERT INTO "public"."tb_role_power_rel"("id", "role_id", "power_id") VALUES (193, 2, 117);
INSERT INTO "public"."tb_role_power_rel"("id", "role_id", "power_id") VALUES (194, 1, 1);
INSERT INTO "public"."tb_role_power_rel"("id", "role_id", "power_id") VALUES (195, 1, 2);
INSERT INTO "public"."tb_role_power_rel"("id", "role_id", "power_id") VALUES (196, 1, 3);
INSERT INTO "public"."tb_role_power_rel"("id", "role_id", "power_id") VALUES (197, 1, 4);
INSERT INTO "public"."tb_role_power_rel"("id", "role_id", "power_id") VALUES (198, 1, 5);
INSERT INTO "public"."tb_role_power_rel"("id", "role_id", "power_id") VALUES (199, 1, 6);
INSERT INTO "public"."tb_role_power_rel"("id", "role_id", "power_id") VALUES (200, 1, 7);
INSERT INTO "public"."tb_role_power_rel"("id", "role_id", "power_id") VALUES (201, 1, 8);
INSERT INTO "public"."tb_role_power_rel"("id", "role_id", "power_id") VALUES (202, 1, 9);
INSERT INTO "public"."tb_role_power_rel"("id", "role_id", "power_id") VALUES (203, 1, 10);
INSERT INTO "public"."tb_role_power_rel"("id", "role_id", "power_id") VALUES (204, 1, 11);
INSERT INTO "public"."tb_role_power_rel"("id", "role_id", "power_id") VALUES (205, 1, 12);
INSERT INTO "public"."tb_role_power_rel"("id", "role_id", "power_id") VALUES (206, 1, 14);
INSERT INTO "public"."tb_role_power_rel"("id", "role_id", "power_id") VALUES (207, 1, 15);
INSERT INTO "public"."tb_role_power_rel"("id", "role_id", "power_id") VALUES (208, 1, 16);
INSERT INTO "public"."tb_role_power_rel"("id", "role_id", "power_id") VALUES (209, 1, 17);
INSERT INTO "public"."tb_role_power_rel"("id", "role_id", "power_id") VALUES (210, 1, 18);
INSERT INTO "public"."tb_role_power_rel"("id", "role_id", "power_id") VALUES (211, 1, 19);
INSERT INTO "public"."tb_role_power_rel"("id", "role_id", "power_id") VALUES (212, 1, 20);
INSERT INTO "public"."tb_role_power_rel"("id", "role_id", "power_id") VALUES (213, 1, 21);
INSERT INTO "public"."tb_role_power_rel"("id", "role_id", "power_id") VALUES (214, 1, 22);
INSERT INTO "public"."tb_role_power_rel"("id", "role_id", "power_id") VALUES (215, 1, 23);
INSERT INTO "public"."tb_role_power_rel"("id", "role_id", "power_id") VALUES (216, 1, 24);
INSERT INTO "public"."tb_role_power_rel"("id", "role_id", "power_id") VALUES (217, 1, 25);
INSERT INTO "public"."tb_role_power_rel"("id", "role_id", "power_id") VALUES (218, 1, 26);
INSERT INTO "public"."tb_role_power_rel"("id", "role_id", "power_id") VALUES (219, 1, 27);
INSERT INTO "public"."tb_role_power_rel"("id", "role_id", "power_id") VALUES (220, 1, 28);
INSERT INTO "public"."tb_role_power_rel"("id", "role_id", "power_id") VALUES (221, 1, 29);
INSERT INTO "public"."tb_role_power_rel"("id", "role_id", "power_id") VALUES (222, 1, 30);
INSERT INTO "public"."tb_role_power_rel"("id", "role_id", "power_id") VALUES (223, 1, 31);
INSERT INTO "public"."tb_role_power_rel"("id", "role_id", "power_id") VALUES (224, 1, 32);
INSERT INTO "public"."tb_role_power_rel"("id", "role_id", "power_id") VALUES (225, 1, 33);
INSERT INTO "public"."tb_role_power_rel"("id", "role_id", "power_id") VALUES (226, 1, 34);
INSERT INTO "public"."tb_role_power_rel"("id", "role_id", "power_id") VALUES (227, 1, 35);
INSERT INTO "public"."tb_role_power_rel"("id", "role_id", "power_id") VALUES (228, 1, 36);
INSERT INTO "public"."tb_role_power_rel"("id", "role_id", "power_id") VALUES (229, 1, 37);
INSERT INTO "public"."tb_role_power_rel"("id", "role_id", "power_id") VALUES (230, 1, 38);
INSERT INTO "public"."tb_role_power_rel"("id", "role_id", "power_id") VALUES (231, 1, 39);
INSERT INTO "public"."tb_role_power_rel"("id", "role_id", "power_id") VALUES (232, 1, 40);
INSERT INTO "public"."tb_role_power_rel"("id", "role_id", "power_id") VALUES (233, 1, 43);
INSERT INTO "public"."tb_role_power_rel"("id", "role_id", "power_id") VALUES (234, 1, 44);
INSERT INTO "public"."tb_role_power_rel"("id", "role_id", "power_id") VALUES (235, 1, 45);
INSERT INTO "public"."tb_role_power_rel"("id", "role_id", "power_id") VALUES (236, 1, 46);
INSERT INTO "public"."tb_role_power_rel"("id", "role_id", "power_id") VALUES (237, 1, 47);
INSERT INTO "public"."tb_role_power_rel"("id", "role_id", "power_id") VALUES (238, 1, 48);
INSERT INTO "public"."tb_role_power_rel"("id", "role_id", "power_id") VALUES (239, 1, 49);
INSERT INTO "public"."tb_role_power_rel"("id", "role_id", "power_id") VALUES (240, 1, 50);
INSERT INTO "public"."tb_role_power_rel"("id", "role_id", "power_id") VALUES (241, 1, 51);
INSERT INTO "public"."tb_role_power_rel"("id", "role_id", "power_id") VALUES (242, 1, 52);
INSERT INTO "public"."tb_role_power_rel"("id", "role_id", "power_id") VALUES (243, 1, 53);
INSERT INTO "public"."tb_role_power_rel"("id", "role_id", "power_id") VALUES (244, 1, 54);
INSERT INTO "public"."tb_role_power_rel"("id", "role_id", "power_id") VALUES (245, 1, 55);
INSERT INTO "public"."tb_role_power_rel"("id", "role_id", "power_id") VALUES (246, 1, 56);
INSERT INTO "public"."tb_role_power_rel"("id", "role_id", "power_id") VALUES (247, 1, 57);
INSERT INTO "public"."tb_role_power_rel"("id", "role_id", "power_id") VALUES (248, 1, 58);
INSERT INTO "public"."tb_role_power_rel"("id", "role_id", "power_id") VALUES (249, 1, 59);
INSERT INTO "public"."tb_role_power_rel"("id", "role_id", "power_id") VALUES (250, 1, 62);
INSERT INTO "public"."tb_role_power_rel"("id", "role_id", "power_id") VALUES (251, 1, 63);
INSERT INTO "public"."tb_role_power_rel"("id", "role_id", "power_id") VALUES (252, 1, 64);
INSERT INTO "public"."tb_role_power_rel"("id", "role_id", "power_id") VALUES (253, 1, 65);
INSERT INTO "public"."tb_role_power_rel"("id", "role_id", "power_id") VALUES (254, 1, 66);
INSERT INTO "public"."tb_role_power_rel"("id", "role_id", "power_id") VALUES (255, 1, 67);
INSERT INTO "public"."tb_role_power_rel"("id", "role_id", "power_id") VALUES (256, 1, 68);
INSERT INTO "public"."tb_role_power_rel"("id", "role_id", "power_id") VALUES (257, 1, 69);
INSERT INTO "public"."tb_role_power_rel"("id", "role_id", "power_id") VALUES (258, 1, 70);
INSERT INTO "public"."tb_role_power_rel"("id", "role_id", "power_id") VALUES (259, 1, 71);
INSERT INTO "public"."tb_role_power_rel"("id", "role_id", "power_id") VALUES (260, 1, 72);
INSERT INTO "public"."tb_role_power_rel"("id", "role_id", "power_id") VALUES (261, 1, 73);
INSERT INTO "public"."tb_role_power_rel"("id", "role_id", "power_id") VALUES (262, 1, 74);
INSERT INTO "public"."tb_role_power_rel"("id", "role_id", "power_id") VALUES (263, 1, 75);
INSERT INTO "public"."tb_role_power_rel"("id", "role_id", "power_id") VALUES (264, 1, 76);
INSERT INTO "public"."tb_role_power_rel"("id", "role_id", "power_id") VALUES (265, 1, 77);
INSERT INTO "public"."tb_role_power_rel"("id", "role_id", "power_id") VALUES (266, 1, 78);
INSERT INTO "public"."tb_role_power_rel"("id", "role_id", "power_id") VALUES (267, 1, 79);
INSERT INTO "public"."tb_role_power_rel"("id", "role_id", "power_id") VALUES (268, 1, 80);
INSERT INTO "public"."tb_role_power_rel"("id", "role_id", "power_id") VALUES (269, 1, 82);
INSERT INTO "public"."tb_role_power_rel"("id", "role_id", "power_id") VALUES (270, 1, 84);
INSERT INTO "public"."tb_role_power_rel"("id", "role_id", "power_id") VALUES (271, 1, 85);
INSERT INTO "public"."tb_role_power_rel"("id", "role_id", "power_id") VALUES (272, 1, 86);
INSERT INTO "public"."tb_role_power_rel"("id", "role_id", "power_id") VALUES (273, 1, 87);
INSERT INTO "public"."tb_role_power_rel"("id", "role_id", "power_id") VALUES (274, 1, 88);
INSERT INTO "public"."tb_role_power_rel"("id", "role_id", "power_id") VALUES (275, 1, 89);
INSERT INTO "public"."tb_role_power_rel"("id", "role_id", "power_id") VALUES (276, 1, 90);
INSERT INTO "public"."tb_role_power_rel"("id", "role_id", "power_id") VALUES (277, 1, 91);
INSERT INTO "public"."tb_role_power_rel"("id", "role_id", "power_id") VALUES (278, 1, 92);
INSERT INTO "public"."tb_role_power_rel"("id", "role_id", "power_id") VALUES (279, 1, 93);
INSERT INTO "public"."tb_role_power_rel"("id", "role_id", "power_id") VALUES (280, 1, 97);
INSERT INTO "public"."tb_role_power_rel"("id", "role_id", "power_id") VALUES (281, 1, 98);
INSERT INTO "public"."tb_role_power_rel"("id", "role_id", "power_id") VALUES (282, 1, 102);
INSERT INTO "public"."tb_role_power_rel"("id", "role_id", "power_id") VALUES (283, 1, 103);
INSERT INTO "public"."tb_role_power_rel"("id", "role_id", "power_id") VALUES (284, 1, 104);
INSERT INTO "public"."tb_role_power_rel"("id", "role_id", "power_id") VALUES (285, 1, 105);
INSERT INTO "public"."tb_role_power_rel"("id", "role_id", "power_id") VALUES (286, 1, 106);
INSERT INTO "public"."tb_role_power_rel"("id", "role_id", "power_id") VALUES (287, 1, 107);
INSERT INTO "public"."tb_role_power_rel"("id", "role_id", "power_id") VALUES (288, 1, 108);
INSERT INTO "public"."tb_role_power_rel"("id", "role_id", "power_id") VALUES (289, 1, 109);
INSERT INTO "public"."tb_role_power_rel"("id", "role_id", "power_id") VALUES (290, 1, 110);
INSERT INTO "public"."tb_role_power_rel"("id", "role_id", "power_id") VALUES (291, 1, 111);
INSERT INTO "public"."tb_role_power_rel"("id", "role_id", "power_id") VALUES (292, 1, 112);
INSERT INTO "public"."tb_role_power_rel"("id", "role_id", "power_id") VALUES (293, 1, 113);
INSERT INTO "public"."tb_role_power_rel"("id", "role_id", "power_id") VALUES (294, 1, 117);
INSERT INTO "public"."tb_role_power_rel"("id", "role_id", "power_id") VALUES (295, 1, 118);
INSERT INTO "public"."tb_role_power_rel"("id", "role_id", "power_id") VALUES (296, 1, 119);
INSERT INTO "public"."tb_role_power_rel"("id", "role_id", "power_id") VALUES (297, 1, 120);
INSERT INTO "public"."tb_role_power_rel"("id", "role_id", "power_id") VALUES (298, 1, 121);
INSERT INTO "public"."tb_role_power_rel"("id", "role_id", "power_id") VALUES (299, 1, 122);
INSERT INTO "public"."tb_role_power_rel"("id", "role_id", "power_id") VALUES (300, 0, 1);
INSERT INTO "public"."tb_role_power_rel"("id", "role_id", "power_id") VALUES (301, 0, 2);
INSERT INTO "public"."tb_role_power_rel"("id", "role_id", "power_id") VALUES (302, 0, 3);
INSERT INTO "public"."tb_role_power_rel"("id", "role_id", "power_id") VALUES (303, 0, 4);
INSERT INTO "public"."tb_role_power_rel"("id", "role_id", "power_id") VALUES (304, 0, 5);
INSERT INTO "public"."tb_role_power_rel"("id", "role_id", "power_id") VALUES (305, 0, 6);
INSERT INTO "public"."tb_role_power_rel"("id", "role_id", "power_id") VALUES (306, 0, 7);
INSERT INTO "public"."tb_role_power_rel"("id", "role_id", "power_id") VALUES (307, 0, 8);
INSERT INTO "public"."tb_role_power_rel"("id", "role_id", "power_id") VALUES (308, 0, 9);
INSERT INTO "public"."tb_role_power_rel"("id", "role_id", "power_id") VALUES (309, 0, 10);
INSERT INTO "public"."tb_role_power_rel"("id", "role_id", "power_id") VALUES (310, 0, 11);
INSERT INTO "public"."tb_role_power_rel"("id", "role_id", "power_id") VALUES (311, 0, 12);
INSERT INTO "public"."tb_role_power_rel"("id", "role_id", "power_id") VALUES (312, 0, 14);
INSERT INTO "public"."tb_role_power_rel"("id", "role_id", "power_id") VALUES (313, 0, 15);
INSERT INTO "public"."tb_role_power_rel"("id", "role_id", "power_id") VALUES (314, 0, 16);
INSERT INTO "public"."tb_role_power_rel"("id", "role_id", "power_id") VALUES (315, 0, 17);
INSERT INTO "public"."tb_role_power_rel"("id", "role_id", "power_id") VALUES (316, 0, 18);
INSERT INTO "public"."tb_role_power_rel"("id", "role_id", "power_id") VALUES (317, 0, 19);
INSERT INTO "public"."tb_role_power_rel"("id", "role_id", "power_id") VALUES (318, 0, 20);
INSERT INTO "public"."tb_role_power_rel"("id", "role_id", "power_id") VALUES (319, 0, 21);
INSERT INTO "public"."tb_role_power_rel"("id", "role_id", "power_id") VALUES (320, 0, 22);
INSERT INTO "public"."tb_role_power_rel"("id", "role_id", "power_id") VALUES (321, 0, 23);
INSERT INTO "public"."tb_role_power_rel"("id", "role_id", "power_id") VALUES (322, 0, 24);
INSERT INTO "public"."tb_role_power_rel"("id", "role_id", "power_id") VALUES (323, 0, 25);
INSERT INTO "public"."tb_role_power_rel"("id", "role_id", "power_id") VALUES (324, 0, 26);
INSERT INTO "public"."tb_role_power_rel"("id", "role_id", "power_id") VALUES (325, 0, 27);
INSERT INTO "public"."tb_role_power_rel"("id", "role_id", "power_id") VALUES (326, 0, 28);
INSERT INTO "public"."tb_role_power_rel"("id", "role_id", "power_id") VALUES (327, 0, 29);
INSERT INTO "public"."tb_role_power_rel"("id", "role_id", "power_id") VALUES (328, 0, 30);
INSERT INTO "public"."tb_role_power_rel"("id", "role_id", "power_id") VALUES (329, 0, 31);
INSERT INTO "public"."tb_role_power_rel"("id", "role_id", "power_id") VALUES (330, 0, 32);
INSERT INTO "public"."tb_role_power_rel"("id", "role_id", "power_id") VALUES (331, 0, 33);
INSERT INTO "public"."tb_role_power_rel"("id", "role_id", "power_id") VALUES (332, 0, 34);
INSERT INTO "public"."tb_role_power_rel"("id", "role_id", "power_id") VALUES (333, 0, 35);
INSERT INTO "public"."tb_role_power_rel"("id", "role_id", "power_id") VALUES (334, 0, 36);
INSERT INTO "public"."tb_role_power_rel"("id", "role_id", "power_id") VALUES (335, 0, 37);
INSERT INTO "public"."tb_role_power_rel"("id", "role_id", "power_id") VALUES (336, 0, 38);
INSERT INTO "public"."tb_role_power_rel"("id", "role_id", "power_id") VALUES (337, 0, 39);
INSERT INTO "public"."tb_role_power_rel"("id", "role_id", "power_id") VALUES (338, 0, 40);
INSERT INTO "public"."tb_role_power_rel"("id", "role_id", "power_id") VALUES (339, 0, 43);
INSERT INTO "public"."tb_role_power_rel"("id", "role_id", "power_id") VALUES (340, 0, 44);
INSERT INTO "public"."tb_role_power_rel"("id", "role_id", "power_id") VALUES (341, 0, 45);
INSERT INTO "public"."tb_role_power_rel"("id", "role_id", "power_id") VALUES (342, 0, 46);
INSERT INTO "public"."tb_role_power_rel"("id", "role_id", "power_id") VALUES (343, 0, 47);
INSERT INTO "public"."tb_role_power_rel"("id", "role_id", "power_id") VALUES (344, 0, 48);
INSERT INTO "public"."tb_role_power_rel"("id", "role_id", "power_id") VALUES (345, 0, 49);
INSERT INTO "public"."tb_role_power_rel"("id", "role_id", "power_id") VALUES (346, 0, 50);
INSERT INTO "public"."tb_role_power_rel"("id", "role_id", "power_id") VALUES (347, 0, 51);
INSERT INTO "public"."tb_role_power_rel"("id", "role_id", "power_id") VALUES (348, 0, 52);
INSERT INTO "public"."tb_role_power_rel"("id", "role_id", "power_id") VALUES (349, 0, 53);
INSERT INTO "public"."tb_role_power_rel"("id", "role_id", "power_id") VALUES (350, 0, 54);
INSERT INTO "public"."tb_role_power_rel"("id", "role_id", "power_id") VALUES (351, 0, 55);
INSERT INTO "public"."tb_role_power_rel"("id", "role_id", "power_id") VALUES (352, 0, 56);
INSERT INTO "public"."tb_role_power_rel"("id", "role_id", "power_id") VALUES (353, 0, 57);
INSERT INTO "public"."tb_role_power_rel"("id", "role_id", "power_id") VALUES (354, 0, 58);
INSERT INTO "public"."tb_role_power_rel"("id", "role_id", "power_id") VALUES (355, 0, 59);
INSERT INTO "public"."tb_role_power_rel"("id", "role_id", "power_id") VALUES (356, 0, 62);
INSERT INTO "public"."tb_role_power_rel"("id", "role_id", "power_id") VALUES (357, 0, 63);
INSERT INTO "public"."tb_role_power_rel"("id", "role_id", "power_id") VALUES (358, 0, 64);
INSERT INTO "public"."tb_role_power_rel"("id", "role_id", "power_id") VALUES (359, 0, 65);
INSERT INTO "public"."tb_role_power_rel"("id", "role_id", "power_id") VALUES (360, 0, 66);
INSERT INTO "public"."tb_role_power_rel"("id", "role_id", "power_id") VALUES (361, 0, 67);
INSERT INTO "public"."tb_role_power_rel"("id", "role_id", "power_id") VALUES (362, 0, 68);
INSERT INTO "public"."tb_role_power_rel"("id", "role_id", "power_id") VALUES (363, 0, 69);
INSERT INTO "public"."tb_role_power_rel"("id", "role_id", "power_id") VALUES (364, 0, 70);
INSERT INTO "public"."tb_role_power_rel"("id", "role_id", "power_id") VALUES (365, 0, 71);
INSERT INTO "public"."tb_role_power_rel"("id", "role_id", "power_id") VALUES (366, 0, 72);
INSERT INTO "public"."tb_role_power_rel"("id", "role_id", "power_id") VALUES (367, 0, 73);
INSERT INTO "public"."tb_role_power_rel"("id", "role_id", "power_id") VALUES (368, 0, 74);
INSERT INTO "public"."tb_role_power_rel"("id", "role_id", "power_id") VALUES (369, 0, 75);
INSERT INTO "public"."tb_role_power_rel"("id", "role_id", "power_id") VALUES (370, 0, 76);
INSERT INTO "public"."tb_role_power_rel"("id", "role_id", "power_id") VALUES (371, 0, 77);
INSERT INTO "public"."tb_role_power_rel"("id", "role_id", "power_id") VALUES (372, 0, 78);
INSERT INTO "public"."tb_role_power_rel"("id", "role_id", "power_id") VALUES (373, 0, 79);
INSERT INTO "public"."tb_role_power_rel"("id", "role_id", "power_id") VALUES (374, 0, 80);
INSERT INTO "public"."tb_role_power_rel"("id", "role_id", "power_id") VALUES (375, 0, 82);
INSERT INTO "public"."tb_role_power_rel"("id", "role_id", "power_id") VALUES (376, 0, 84);
INSERT INTO "public"."tb_role_power_rel"("id", "role_id", "power_id") VALUES (377, 0, 85);
INSERT INTO "public"."tb_role_power_rel"("id", "role_id", "power_id") VALUES (378, 0, 86);
INSERT INTO "public"."tb_role_power_rel"("id", "role_id", "power_id") VALUES (379, 0, 87);
INSERT INTO "public"."tb_role_power_rel"("id", "role_id", "power_id") VALUES (380, 0, 88);
INSERT INTO "public"."tb_role_power_rel"("id", "role_id", "power_id") VALUES (381, 0, 89);
INSERT INTO "public"."tb_role_power_rel"("id", "role_id", "power_id") VALUES (382, 0, 90);
INSERT INTO "public"."tb_role_power_rel"("id", "role_id", "power_id") VALUES (383, 0, 91);
INSERT INTO "public"."tb_role_power_rel"("id", "role_id", "power_id") VALUES (384, 0, 92);
INSERT INTO "public"."tb_role_power_rel"("id", "role_id", "power_id") VALUES (385, 0, 93);
INSERT INTO "public"."tb_role_power_rel"("id", "role_id", "power_id") VALUES (386, 0, 97);
INSERT INTO "public"."tb_role_power_rel"("id", "role_id", "power_id") VALUES (387, 0, 98);
INSERT INTO "public"."tb_role_power_rel"("id", "role_id", "power_id") VALUES (388, 0, 107);
INSERT INTO "public"."tb_role_power_rel"("id", "role_id", "power_id") VALUES (389, 0, 108);
INSERT INTO "public"."tb_role_power_rel"("id", "role_id", "power_id") VALUES (390, 0, 109);
INSERT INTO "public"."tb_role_power_rel"("id", "role_id", "power_id") VALUES (391, 0, 110);
INSERT INTO "public"."tb_role_power_rel"("id", "role_id", "power_id") VALUES (392, 0, 111);
INSERT INTO "public"."tb_role_power_rel"("id", "role_id", "power_id") VALUES (393, 0, 112);
INSERT INTO "public"."tb_role_power_rel"("id", "role_id", "power_id") VALUES (394, 0, 113);


--app角色表
INSERT INTO "public"."tb_app_role"("id", "name", "english_name", "remarks") VALUES (1, '巡检人员', 'xunjian', NULL);
INSERT INTO "public"."tb_app_role"("id", "name", "english_name", "remarks") VALUES (2, '维养人员', 'weiyang', NULL);
INSERT INTO "public"."tb_app_role"("id", "name", "english_name", "remarks") VALUES (3, '检测人员', 'jiance', NULL);
