-----------------------------------
--用户模块
-----------------------------------
INSERT INTO "public"."tb_power"("id", "name", "remarks", "router_url", "parent_id", "is_active", "priority", "business", "type") VALUES (1, '首页', '首页', '/home', 0, 0, 1, 0, NULL);
INSERT INTO "public"."tb_power"("id", "name", "remarks", "router_url", "parent_id", "is_active", "priority", "business", "type") VALUES (2, '查看', '首页查看', '/home', 1, 1, 1, 0, 'checkOpt');
INSERT INTO "public"."tb_power"("id", "name", "remarks", "router_url", "parent_id", "is_active", "priority", "business", "type") VALUES (3, '在线监测', '在线监测', '/online', 0, 0, 2, 1, NULL);
INSERT INTO "public"."tb_power"("id", "name", "remarks", "router_url", "parent_id", "is_active", "priority", "business", "type") VALUES (4, '监测总览', '监测总览', '/online/online', 3, 0, 1, 0, NULL);
INSERT INTO "public"."tb_power"("id", "name", "remarks", "router_url", "parent_id", "is_active", "priority", "business", "type") VALUES (5, '查看', '监测总览查看', '/online/online', 4, 1, 1, 0, 'checkOpt');
INSERT INTO "public"."tb_power"("id", "name", "remarks", "router_url", "parent_id", "is_active", "priority", "business", "type") VALUES (6, '结构物监测', '结构物监测', '/online/onebridgeMonitoring', 3, 0, 2, 0, NULL);
INSERT INTO "public"."tb_power"("id", "name", "remarks", "router_url", "parent_id", "is_active", "priority", "business", "type") VALUES (7, '查看', '结构物监测查看', '/online/onebridgeMonitoring', 6, 1, 1, 0, 'checkOpt');
INSERT INTO "public"."tb_power"("id", "name", "remarks", "router_url", "parent_id", "is_active", "priority", "business", "type") VALUES (8, '预警管理', '预警管理', '/online/earlyWarningManagement', 3, 0, 3, 0, NULL);
INSERT INTO "public"."tb_power"("id", "name", "remarks", "router_url", "parent_id", "is_active", "priority", "business", "type") VALUES (9, '查看', '预警管理查看', '/online/earlyWarningManagement', 8, 1, 1, 0, 'checkOpt');
INSERT INTO "public"."tb_power"("id", "name", "remarks", "router_url", "parent_id", "is_active", "priority", "business", "type") VALUES (10, '修改', '预警管理修改', '/online/earlyWarningManagement', 8, 1, 2, 0, 'updateOpt');
INSERT INTO "public"."tb_power"("id", "name", "remarks", "router_url", "parent_id", "is_active", "priority", "business", "type") VALUES (11, '时程数据', '时程数据', '/online/warningDetails', 3, 0, 4, 0, NULL);
INSERT INTO "public"."tb_power"("id", "name", "remarks", "router_url", "parent_id", "is_active", "priority", "business", "type") VALUES (12, '查看', '时程数据查看', '/online/warningDetails', 11, 1, 1, 0, 'checkOpt');
INSERT INTO "public"."tb_power"("id", "name", "remarks", "router_url", "parent_id", "is_active", "priority", "business", "type") VALUES (14, '统计数据', '统计数据', '/online/statisticsData', 3, 0, 5, 0, NULL);
INSERT INTO "public"."tb_power"("id", "name", "remarks", "router_url", "parent_id", "is_active", "priority", "business", "type") VALUES (15, '查看', '统计数据查看', '/online/statisticsData', 14, 1, 1, 0, 'checkOpt');
INSERT INTO "public"."tb_power"("id", "name", "remarks", "router_url", "parent_id", "is_active", "priority", "business", "type") VALUES (16, '报表管理', '报表管理', '/online/tableManage', 3, 0, 6, 0, NULL);
INSERT INTO "public"."tb_power"("id", "name", "remarks", "router_url", "parent_id", "is_active", "priority", "business", "type") VALUES (17, '查看', '报表管理查看', '/online/tableManage', 16, 1, 1, 0, 'checkOpt');
INSERT INTO "public"."tb_power"("id", "name", "remarks", "router_url", "parent_id", "is_active", "priority", "business", "type") VALUES (18, '新增', '报表管理新增', '/online/tableManage', 16, 1, 2, 0, 'addOpt');
INSERT INTO "public"."tb_power"("id", "name", "remarks", "router_url", "parent_id", "is_active", "priority", "business", "type") VALUES (19, '修改', '报表管理修改', '/online/tableManage', 16, 1, 3, 0, 'updateOpt');
INSERT INTO "public"."tb_power"("id", "name", "remarks", "router_url", "parent_id", "is_active", "priority", "business", "type") VALUES (20, '删除', '报表管理删除', '/online/tableManage', 16, 1, 4, 0, 'deleteOpt');
INSERT INTO "public"."tb_power"("id", "name", "remarks", "router_url", "parent_id", "is_active", "priority", "business", "type") VALUES (21, '维护日志', '维护日志', '/online/diary', 3, 0, 7, 0, NULL);
INSERT INTO "public"."tb_power"("id", "name", "remarks", "router_url", "parent_id", "is_active", "priority", "business", "type") VALUES (22, '查看', '维护日志查看', '/online/diary', 21, 1, 1, 0, 'checkOpt');
INSERT INTO "public"."tb_power"("id", "name", "remarks", "router_url", "parent_id", "is_active", "priority", "business", "type") VALUES (23, '新增', '维护日志新增', '/online/diary', 21, 1, 2, 0, 'addOpt');
INSERT INTO "public"."tb_power"("id", "name", "remarks", "router_url", "parent_id", "is_active", "priority", "business", "type") VALUES (24, '修改', '维护日志修改', '/online/diary', 21, 1, 3, 0, 'updateOpt');
INSERT INTO "public"."tb_power"("id", "name", "remarks", "router_url", "parent_id", "is_active", "priority", "business", "type") VALUES (25, '删除', '维护日志删除', '/online/diary', 21, 1, 4, 0, 'deleteOpt');
INSERT INTO "public"."tb_power"("id", "name", "remarks", "router_url", "parent_id", "is_active", "priority", "business", "type") VALUES (26, '传感器设置', '传感器设置', '/online/warningSetting', 3, 0, 8, 0, NULL);
INSERT INTO "public"."tb_power"("id", "name", "remarks", "router_url", "parent_id", "is_active", "priority", "business", "type") VALUES (27, '查看', '传感器设置查看', '/online/warningSetting', 26, 1, 1, 0, 'checkOpt');
INSERT INTO "public"."tb_power"("id", "name", "remarks", "router_url", "parent_id", "is_active", "priority", "business", "type") VALUES (28, '新增', '传感器设置新增', '/online/warningSetting', 26, 1, 2, 0, 'addOpt');
INSERT INTO "public"."tb_power"("id", "name", "remarks", "router_url", "parent_id", "is_active", "priority", "business", "type") VALUES (29, '修改', '传感器设置修改', '/online/warningSetting', 26, 1, 3, 0, 'updateOpt');
INSERT INTO "public"."tb_power"("id", "name", "remarks", "router_url", "parent_id", "is_active", "priority", "business", "type") VALUES (30, '删除', '传感器设置删除', '/online/warningSetting', 26, 1, 4, 0, 'deleteOpt');
INSERT INTO "public"."tb_power"("id", "name", "remarks", "router_url", "parent_id", "is_active", "priority", "business", "type") VALUES (31, '日常巡查', '日常巡查', '/normal', 0, 0, 3, 1, NULL);
INSERT INTO "public"."tb_power"("id", "name", "remarks", "router_url", "parent_id", "is_active", "priority", "business", "type") VALUES (32, '巡查任务总览', '巡查任务总览', '/normal/normal', 31, 0, 1, 0, NULL);
INSERT INTO "public"."tb_power"("id", "name", "remarks", "router_url", "parent_id", "is_active", "priority", "business", "type") VALUES (33, '查看', '巡查任务总览查看', '/normal/normal', 32, 1, 1, 0, 'checkOpt');
INSERT INTO "public"."tb_power"("id", "name", "remarks", "router_url", "parent_id", "is_active", "priority", "business", "type") VALUES (34, '巡查计划', '巡查计划', '/normal/plan', 31, 0, 2, 0, NULL);
INSERT INTO "public"."tb_power"("id", "name", "remarks", "router_url", "parent_id", "is_active", "priority", "business", "type") VALUES (35, '查看', '巡查计划查看', '/normal/plan', 34, 1, 1, 0, 'checkOpt');
INSERT INTO "public"."tb_power"("id", "name", "remarks", "router_url", "parent_id", "is_active", "priority", "business", "type") VALUES (36, '新增', '巡查计划新增', '/normal/plan', 34, 1, 2, 0, 'addOpt');
INSERT INTO "public"."tb_power"("id", "name", "remarks", "router_url", "parent_id", "is_active", "priority", "business", "type") VALUES (37, '修改', '巡查计划修改', '/normal/plan', 34, 1, 3, 0, 'updateOpt');
INSERT INTO "public"."tb_power"("id", "name", "remarks", "router_url", "parent_id", "is_active", "priority", "business", "type") VALUES (38, '删除', '巡查计划删除', '/normal/plan', 34, 1, 4, 0, 'deleteOpt');
INSERT INTO "public"."tb_power"("id", "name", "remarks", "router_url", "parent_id", "is_active", "priority", "business", "type") VALUES (39, '巡查记录', '巡查记录', '/normal/record', 31, 0, 3, 0, NULL);
INSERT INTO "public"."tb_power"("id", "name", "remarks", "router_url", "parent_id", "is_active", "priority", "business", "type") VALUES (40, '查看', '巡查记录查看', '/normal/record', 39, 1, 1, 0, 'checkOpt');
INSERT INTO "public"."tb_power"("id", "name", "remarks", "router_url", "parent_id", "is_active", "priority", "business", "type") VALUES (43, '巡查报告', '巡查报告', '/normal/report', 31, 0, 4, 0, NULL);
INSERT INTO "public"."tb_power"("id", "name", "remarks", "router_url", "parent_id", "is_active", "priority", "business", "type") VALUES (44, '查看', '巡查报告查看', '/normal/report', 43, 1, 1, 0, 'checkOpt');
INSERT INTO "public"."tb_power"("id", "name", "remarks", "router_url", "parent_id", "is_active", "priority", "business", "type") VALUES (45, '新增', '巡查报告新增', '/normal/report', 43, 1, 2, 0, 'addOpt');
INSERT INTO "public"."tb_power"("id", "name", "remarks", "router_url", "parent_id", "is_active", "priority", "business", "type") VALUES (46, '修改', '巡查报告修改', '/normal/report', 43, 1, 3, 0, 'updateOpt');
INSERT INTO "public"."tb_power"("id", "name", "remarks", "router_url", "parent_id", "is_active", "priority", "business", "type") VALUES (47, '删除', '巡查报告删除', '/normal/report', 43, 1, 4, 0, 'deleteOpt');
INSERT INTO "public"."tb_power"("id", "name", "remarks", "router_url", "parent_id", "is_active", "priority", "business", "type") VALUES (48, '巡查结果统计', '巡查结果统计', '/normal/checkAnalysis', 31, 0, 5, 0, NULL);
INSERT INTO "public"."tb_power"("id", "name", "remarks", "router_url", "parent_id", "is_active", "priority", "business", "type") VALUES (49, '查看', '巡查结果统计查看', '/normal/checkAnalysis', 48, 1, 1, 0, 'checkOpt');
INSERT INTO "public"."tb_power"("id", "name", "remarks", "router_url", "parent_id", "is_active", "priority", "business", "type") VALUES (50, '维修养护', '维修养护', '/maintain', 0, 0, 4, 1, NULL);
INSERT INTO "public"."tb_power"("id", "name", "remarks", "router_url", "parent_id", "is_active", "priority", "business", "type") VALUES (51, '维养任务总览', '维养任务总览', '/maintain/maintain', 50, 0, 1, 0, NULL);
INSERT INTO "public"."tb_power"("id", "name", "remarks", "router_url", "parent_id", "is_active", "priority", "business", "type") VALUES (52, '查看', '维养任务总览查看', '/maintain/maintain', 51, 1, 1, 0, 'checkOpt');
INSERT INTO "public"."tb_power"("id", "name", "remarks", "router_url", "parent_id", "is_active", "priority", "business", "type") VALUES (53, '维养计划', '维养计划', '/maintain/planManagement', 50, 0, 2, 0, NULL);
INSERT INTO "public"."tb_power"("id", "name", "remarks", "router_url", "parent_id", "is_active", "priority", "business", "type") VALUES (54, '查看', '维养计划查看', '/maintain/planManagement', 53, 1, 1, 0, 'checkOpt');
INSERT INTO "public"."tb_power"("id", "name", "remarks", "router_url", "parent_id", "is_active", "priority", "business", "type") VALUES (55, '新增', '维养计划新增', '/maintain/planManagement', 53, 1, 2, 0, 'addOpt');
INSERT INTO "public"."tb_power"("id", "name", "remarks", "router_url", "parent_id", "is_active", "priority", "business", "type") VALUES (56, '修改', '维养计划修改', '/maintain/planManagement', 53, 1, 3, 0, 'updateOpt');
INSERT INTO "public"."tb_power"("id", "name", "remarks", "router_url", "parent_id", "is_active", "priority", "business", "type") VALUES (57, '删除', '维养计划删除', '/maintain/planManagement', 53, 1, 4, 0, 'deleteOpt');
INSERT INTO "public"."tb_power"("id", "name", "remarks", "router_url", "parent_id", "is_active", "priority", "business", "type") VALUES (58, '维养记录', '维养记录', '/maintain/wordRecord', 50, 0, 3, 0, NULL);
INSERT INTO "public"."tb_power"("id", "name", "remarks", "router_url", "parent_id", "is_active", "priority", "business", "type") VALUES (59, '查看', '维养记录查看', '/maintain/wordRecord', 58, 1, 1, 0, 'checkOpt');
INSERT INTO "public"."tb_power"("id", "name", "remarks", "router_url", "parent_id", "is_active", "priority", "business", "type") VALUES (62, '维养报告', '维养报告', '/maintain/report', 50, 0, 4, 0, NULL);
INSERT INTO "public"."tb_power"("id", "name", "remarks", "router_url", "parent_id", "is_active", "priority", "business", "type") VALUES (63, '查看', '维养报告查看', '/maintain/report', 62, 1, 1, 0, 'checkOpt');
INSERT INTO "public"."tb_power"("id", "name", "remarks", "router_url", "parent_id", "is_active", "priority", "business", "type") VALUES (64, '新增', '维养报告新增', '/maintain/report', 62, 1, 2, 0, 'addOpt');
INSERT INTO "public"."tb_power"("id", "name", "remarks", "router_url", "parent_id", "is_active", "priority", "business", "type") VALUES (65, '修改', '维养报告修改', '/maintain/report', 62, 1, 3, 0, 'updateOpt');
INSERT INTO "public"."tb_power"("id", "name", "remarks", "router_url", "parent_id", "is_active", "priority", "business", "type") VALUES (66, '删除', '维养报告删除', '/maintain/report', 62, 1, 4, 0, 'deleteOpt');
INSERT INTO "public"."tb_power"("id", "name", "remarks", "router_url", "parent_id", "is_active", "priority", "business", "type") VALUES (67, '维养效果分析', '维养效果分析', '/maintain/checkAnalysis', 50, 0, 5, 0, NULL);
INSERT INTO "public"."tb_power"("id", "name", "remarks", "router_url", "parent_id", "is_active", "priority", "business", "type") VALUES (68, '查看', '维养效果分析查看', '/maintain/checkAnalysis', 67, 1, 1, 0, 'checkOpt');
INSERT INTO "public"."tb_power"("id", "name", "remarks", "router_url", "parent_id", "is_active", "priority", "business", "type") VALUES (69, '检测评估', '检测评估', '/assessment', 0, 0, 5, 1, NULL);
INSERT INTO "public"."tb_power"("id", "name", "remarks", "router_url", "parent_id", "is_active", "priority", "business", "type") VALUES (70, '检测总览', '检测总览', '/assessment/overview', 69, 0, 1, 0, NULL);
INSERT INTO "public"."tb_power"("id", "name", "remarks", "router_url", "parent_id", "is_active", "priority", "business", "type") VALUES (71, '查看', '检测总览查看', '/assessment/overview', 70, 1, 1, 0, 'checkOpt');
INSERT INTO "public"."tb_power"("id", "name", "remarks", "router_url", "parent_id", "is_active", "priority", "business", "type") VALUES (72, '结构物检测', '结构物检测', '/assessment/detection', 69, 0, 2, 0, NULL);
INSERT INTO "public"."tb_power"("id", "name", "remarks", "router_url", "parent_id", "is_active", "priority", "business", "type") VALUES (73, '查看', '结构物检测查看', '/assessment/detection', 72, 1, 1, 0, 'checkOpt');
INSERT INTO "public"."tb_power"("id", "name", "remarks", "router_url", "parent_id", "is_active", "priority", "business", "type") VALUES (74, '检测计划', '检测计划', '/assessment/plan', 69, 0, 3, 0, NULL);
INSERT INTO "public"."tb_power"("id", "name", "remarks", "router_url", "parent_id", "is_active", "priority", "business", "type") VALUES (75, '查看', '检测计划查看', '/assessment/plan', 74, 1, 1, 0, 'checkOpt');
INSERT INTO "public"."tb_power"("id", "name", "remarks", "router_url", "parent_id", "is_active", "priority", "business", "type") VALUES (76, '新增', '检测计划新增', '/assessment/plan', 74, 1, 2, 0, 'addOpt');
INSERT INTO "public"."tb_power"("id", "name", "remarks", "router_url", "parent_id", "is_active", "priority", "business", "type") VALUES (77, '修改', '检测计划修改', '/assessment/plan', 74, 1, 3, 0, 'updateOpt');
INSERT INTO "public"."tb_power"("id", "name", "remarks", "router_url", "parent_id", "is_active", "priority", "business", "type") VALUES (78, '删除', '检测计划删除', '/assessment/plan', 74, 1, 4, 0, 'deleteOpt');
INSERT INTO "public"."tb_power"("id", "name", "remarks", "router_url", "parent_id", "is_active", "priority", "business", "type") VALUES (79, '检测记录', '检测记录', '/assessment/record', 69, 0, 4, 0, NULL);
INSERT INTO "public"."tb_power"("id", "name", "remarks", "router_url", "parent_id", "is_active", "priority", "business", "type") VALUES (80, '查看', '检测记录查看', '/assessment/record', 79, 1, 1, 0, 'checkOpt');
INSERT INTO "public"."tb_power"("id", "name", "remarks", "router_url", "parent_id", "is_active", "priority", "business", "type") VALUES (81, '新增', '检测记录新增', '/assessment/record', 79, 1, 2, 0, 'addOpt');
INSERT INTO "public"."tb_power"("id", "name", "remarks", "router_url", "parent_id", "is_active", "priority", "business", "type") VALUES (82, '修改', '检测记录修改', '/assessment/record', 79, 1, 3, 0, 'updateOpt');
INSERT INTO "public"."tb_power"("id", "name", "remarks", "router_url", "parent_id", "is_active", "priority", "business", "type") VALUES (83, '删除', '检测记录删除', '/assessment/record', 79, 1, 4, 0, 'deleteOpt');
INSERT INTO "public"."tb_power"("id", "name", "remarks", "router_url", "parent_id", "is_active", "priority", "business", "type") VALUES (84, '检测数据分析', '检测数据分析', '/assessment/analysis', 69, 0, 5, 0, NULL);
INSERT INTO "public"."tb_power"("id", "name", "remarks", "router_url", "parent_id", "is_active", "priority", "business", "type") VALUES (85, '查看', '检测数据分析查看', '/assessment/analysis', 84, 1, 1, 0, 'checkOpt');
INSERT INTO "public"."tb_power"("id", "name", "remarks", "router_url", "parent_id", "is_active", "priority", "business", "type") VALUES (86, '视频观察', '视频观察', '/video', 0, 0, 6, 0, NULL);
INSERT INTO "public"."tb_power"("id", "name", "remarks", "router_url", "parent_id", "is_active", "priority", "business", "type") VALUES (87, '查看', '视频观察查看', '/video', 86, 1, 1, 0, 'checkOpt');
INSERT INTO "public"."tb_power"("id", "name", "remarks", "router_url", "parent_id", "is_active", "priority", "business", "type") VALUES (88, '新增', '视频观察新增', '/video', 86, 1, 2, 0, 'addOpt');
INSERT INTO "public"."tb_power"("id", "name", "remarks", "router_url", "parent_id", "is_active", "priority", "business", "type") VALUES (89, '修改', '视频观察修改', '/video', 86, 1, 3, 0, 'updateOpt');
INSERT INTO "public"."tb_power"("id", "name", "remarks", "router_url", "parent_id", "is_active", "priority", "business", "type") VALUES (90, '删除', '视频观察删除', '/video', 86, 1, 4, 0, 'deleteOpt');
INSERT INTO "public"."tb_power"("id", "name", "remarks", "router_url", "parent_id", "is_active", "priority", "business", "type") VALUES (91, '信息管理', '信息管理', '/infoManage', 0, 0, 7, 0, NULL);
INSERT INTO "public"."tb_power"("id", "name", "remarks", "router_url", "parent_id", "is_active", "priority", "business", "type") VALUES (92, '桥梁信息管理', '桥梁信息管理', '/infoManage/bridgeManage', 91, 0, 1, 0, NULL);
INSERT INTO "public"."tb_power"("id", "name", "remarks", "router_url", "parent_id", "is_active", "priority", "business", "type") VALUES (93, '查看', '桥梁信息管理查看', '/infoManage/bridgeManage', 92, 1, 1, 0, 'checkOpt');
INSERT INTO "public"."tb_power"("id", "name", "remarks", "router_url", "parent_id", "is_active", "priority", "business", "type") VALUES (94, '新增', '桥梁信息管理新增', '/infoManage/bridgeManage', 92, 1, 2, 0, 'addOpt');
INSERT INTO "public"."tb_power"("id", "name", "remarks", "router_url", "parent_id", "is_active", "priority", "business", "type") VALUES (95, '修改', '桥梁信息管理修改', '/infoManage/bridgeManage', 92, 1, 3, 0, 'updateOpt');
INSERT INTO "public"."tb_power"("id", "name", "remarks", "router_url", "parent_id", "is_active", "priority", "business", "type") VALUES (96, '删除', '桥梁信息管理删除', '/infoManage/bridgeManage', 92, 1, 4, 0, 'deleteOpt');
INSERT INTO "public"."tb_power"("id", "name", "remarks", "router_url", "parent_id", "is_active", "priority", "business", "type") VALUES (97, '隧道信息管理', '隧道信息管理', '/infoManage/tunnelManage', 91, 0, 2, 0, NULL);
INSERT INTO "public"."tb_power"("id", "name", "remarks", "router_url", "parent_id", "is_active", "priority", "business", "type") VALUES (98, '查看', '隧道信息管理查看', '/infoManage/tunnelManage', 97, 1, 1, 0, 'checkOpt');
INSERT INTO "public"."tb_power"("id", "name", "remarks", "router_url", "parent_id", "is_active", "priority", "business", "type") VALUES (99, '新增', '隧道信息管理新增', '/infoManage/tunnelManage', 97, 1, 2, 0, 'addOpt');
INSERT INTO "public"."tb_power"("id", "name", "remarks", "router_url", "parent_id", "is_active", "priority", "business", "type") VALUES (100, '修改', '隧道信息管理修改', '/infoManage/tunnelManage', 97, 1, 3, 0, 'updateOpt');
INSERT INTO "public"."tb_power"("id", "name", "remarks", "router_url", "parent_id", "is_active", "priority", "business", "type") VALUES (101, '删除', '隧道信息管理删除', '/infoManage/tunnelManage', 97, 1, 4, 0, 'deleteOpt');
INSERT INTO "public"."tb_power"("id", "name", "remarks", "router_url", "parent_id", "is_active", "priority", "business", "type") VALUES (102, '用户管理', '用户管理', '/infoManage/userManage', 91, 0, 6, 0, NULL);
INSERT INTO "public"."tb_power"("id", "name", "remarks", "router_url", "parent_id", "is_active", "priority", "business", "type") VALUES (103, '查看', '用户管理查看', '/infoManage/userManage', 102, 1, 1, 0, 'checkOpt');
INSERT INTO "public"."tb_power"("id", "name", "remarks", "router_url", "parent_id", "is_active", "priority", "business", "type") VALUES (104, '新增', '用户管理新增', '/infoManage/userManage', 102, 1, 2, 0, 'addOpt');
INSERT INTO "public"."tb_power"("id", "name", "remarks", "router_url", "parent_id", "is_active", "priority", "business", "type") VALUES (105, '修改', '用户管理修改', '/infoManage/userManage', 102, 1, 3, 0, 'updateOpt');
INSERT INTO "public"."tb_power"("id", "name", "remarks", "router_url", "parent_id", "is_active", "priority", "business", "type") VALUES (106, '删除', '用户管理删除', '/infoManage/userManage', 102, 1, 4, 0, 'deleteOpt');
INSERT INTO "public"."tb_power"("id", "name", "remarks", "router_url", "parent_id", "is_active", "priority", "business", "type") VALUES (107, '公告管理', '公告管理', '/infoManage/announcement', 91, 0, 4, 0, NULL);
INSERT INTO "public"."tb_power"("id", "name", "remarks", "router_url", "parent_id", "is_active", "priority", "business", "type") VALUES (108, '查看', '公告管理查看', '/infoManage/announcement', 107, 1, 1, 0, 'checkOpt');
INSERT INTO "public"."tb_power"("id", "name", "remarks", "router_url", "parent_id", "is_active", "priority", "business", "type") VALUES (109, '新增', '公告管理新增', '/infoManage/announcement', 107, 1, 2, 0, 'addOpt');
INSERT INTO "public"."tb_power"("id", "name", "remarks", "router_url", "parent_id", "is_active", "priority", "business", "type") VALUES (110, '修改', '公告管理修改', '/infoManage/announcement', 107, 1, 3, 0, 'updateOpt');
INSERT INTO "public"."tb_power"("id", "name", "remarks", "router_url", "parent_id", "is_active", "priority", "business", "type") VALUES (111, '删除', '公告管理删除', '/infoManage/announcement', 107, 1, 4, 0, 'deleteOpt');
INSERT INTO "public"."tb_power"("id", "name", "remarks", "router_url", "parent_id", "is_active", "priority", "business", "type") VALUES (112, '项目管理', '项目管理', '/infoManage/projectManage', 91, 0, 3, 0, NULL);
INSERT INTO "public"."tb_power"("id", "name", "remarks", "router_url", "parent_id", "is_active", "priority", "business", "type") VALUES (113, '查看', '项目管理查看', '/infoManage/projectManage', 112, 1, 1, 0, 'checkOpt');
INSERT INTO "public"."tb_power"("id", "name", "remarks", "router_url", "parent_id", "is_active", "priority", "business", "type") VALUES (114, '新增', '项目管理新增', '/infoManage/projectManage', 112, 1, 2, 0, 'addOpt');
INSERT INTO "public"."tb_power"("id", "name", "remarks", "router_url", "parent_id", "is_active", "priority", "business", "type") VALUES (115, '修改', '项目管理修改', '/infoManage/projectManage', 112, 1, 3, 0, 'updateOpt');
INSERT INTO "public"."tb_power"("id", "name", "remarks", "router_url", "parent_id", "is_active", "priority", "business", "type") VALUES (116, '删除', '项目管理删除', '/infoManage/projectManage', 112, 1, 4, 0, 'deleteOpt');
INSERT INTO "public"."tb_power"("id", "name", "remarks", "router_url", "parent_id", "is_active", "priority", "business", "type") VALUES (117, '指派', '项目管理指派', '/infoManage/projectManage', 112, 1, 5, 0, 'appointOpt');
INSERT INTO "public"."tb_power"("id", "name", "remarks", "router_url", "parent_id", "is_active", "priority", "business", "type") VALUES (118, '单位管理', '单位管理', '/infoManage/unitManage', 91, 0, 5, 0, NULL);
INSERT INTO "public"."tb_power"("id", "name", "remarks", "router_url", "parent_id", "is_active", "priority", "business", "type") VALUES (119, '查看', '单位管理查看', '/infoManage/unitManage', 118, 1, 1, 0, 'checkOpt');
INSERT INTO "public"."tb_power"("id", "name", "remarks", "router_url", "parent_id", "is_active", "priority", "business", "type") VALUES (120, '新增', '单位管理新增', '/infoManage/unitManage', 118, 1, 2, 0, 'addOpt');
INSERT INTO "public"."tb_power"("id", "name", "remarks", "router_url", "parent_id", "is_active", "priority", "business", "type") VALUES (121, '修改', '单位管理修改', '/infoManage/unitManage', 118, 1, 3, 0, 'updateOpt');
INSERT INTO "public"."tb_power"("id", "name", "remarks", "router_url", "parent_id", "is_active", "priority", "business", "type") VALUES (122, '删除', '单位管理删除', '/infoManage/unitManage', 118, 1, 4, 0, 'deleteOpt');
INSERT INTO "public"."tb_power"("id", "name", "remarks", "router_url", "parent_id", "is_active", "priority", "business", "type") VALUES (123, '新增', '巡查记录新增', '/normal/record', 39, 1, 2, 0, 'addOpt');
INSERT INTO "public"."tb_power"("id", "name", "remarks", "router_url", "parent_id", "is_active", "priority", "business", "type") VALUES (124, '新增', '维养记录新增', '/maintain/wordRecord', 58, 1, 2, 0, 'addOpt');
SELECT setval('tb_power_id_seq',(SELECT MAX(id) FROM tb_power));


INSERT INTO "public"."tb_role_power_rel"("id", "role_id", "power_id") VALUES (1, 3, 1);
INSERT INTO "public"."tb_role_power_rel"("id", "role_id", "power_id") VALUES (2, 3, 2);
INSERT INTO "public"."tb_role_power_rel"("id", "role_id", "power_id") VALUES (3, 3, 3);
INSERT INTO "public"."tb_role_power_rel"("id", "role_id", "power_id") VALUES (4, 3, 4);
INSERT INTO "public"."tb_role_power_rel"("id", "role_id", "power_id") VALUES (5, 3, 5);
INSERT INTO "public"."tb_role_power_rel"("id", "role_id", "power_id") VALUES (6, 3, 6);
INSERT INTO "public"."tb_role_power_rel"("id", "role_id", "power_id") VALUES (7, 3, 7);
INSERT INTO "public"."tb_role_power_rel"("id", "role_id", "power_id") VALUES (8, 3, 8);
INSERT INTO "public"."tb_role_power_rel"("id", "role_id", "power_id") VALUES (9, 3, 9);
INSERT INTO "public"."tb_role_power_rel"("id", "role_id", "power_id") VALUES (10, 3, 10);
INSERT INTO "public"."tb_role_power_rel"("id", "role_id", "power_id") VALUES (11, 3, 11);
INSERT INTO "public"."tb_role_power_rel"("id", "role_id", "power_id") VALUES (12, 3, 12);
INSERT INTO "public"."tb_role_power_rel"("id", "role_id", "power_id") VALUES (13, 3, 14);
INSERT INTO "public"."tb_role_power_rel"("id", "role_id", "power_id") VALUES (14, 3, 15);
INSERT INTO "public"."tb_role_power_rel"("id", "role_id", "power_id") VALUES (15, 3, 16);
INSERT INTO "public"."tb_role_power_rel"("id", "role_id", "power_id") VALUES (16, 3, 17);
INSERT INTO "public"."tb_role_power_rel"("id", "role_id", "power_id") VALUES (17, 3, 18);
INSERT INTO "public"."tb_role_power_rel"("id", "role_id", "power_id") VALUES (18, 3, 19);
INSERT INTO "public"."tb_role_power_rel"("id", "role_id", "power_id") VALUES (19, 3, 20);
INSERT INTO "public"."tb_role_power_rel"("id", "role_id", "power_id") VALUES (20, 3, 21);
INSERT INTO "public"."tb_role_power_rel"("id", "role_id", "power_id") VALUES (21, 3, 22);
INSERT INTO "public"."tb_role_power_rel"("id", "role_id", "power_id") VALUES (22, 3, 23);
INSERT INTO "public"."tb_role_power_rel"("id", "role_id", "power_id") VALUES (23, 3, 24);
INSERT INTO "public"."tb_role_power_rel"("id", "role_id", "power_id") VALUES (24, 3, 25);
INSERT INTO "public"."tb_role_power_rel"("id", "role_id", "power_id") VALUES (25, 3, 26);
INSERT INTO "public"."tb_role_power_rel"("id", "role_id", "power_id") VALUES (26, 3, 27);
INSERT INTO "public"."tb_role_power_rel"("id", "role_id", "power_id") VALUES (27, 3, 28);
INSERT INTO "public"."tb_role_power_rel"("id", "role_id", "power_id") VALUES (28, 3, 29);
INSERT INTO "public"."tb_role_power_rel"("id", "role_id", "power_id") VALUES (29, 3, 30);
INSERT INTO "public"."tb_role_power_rel"("id", "role_id", "power_id") VALUES (30, 3, 31);
INSERT INTO "public"."tb_role_power_rel"("id", "role_id", "power_id") VALUES (31, 3, 32);
INSERT INTO "public"."tb_role_power_rel"("id", "role_id", "power_id") VALUES (32, 3, 33);
INSERT INTO "public"."tb_role_power_rel"("id", "role_id", "power_id") VALUES (33, 3, 34);
INSERT INTO "public"."tb_role_power_rel"("id", "role_id", "power_id") VALUES (34, 3, 35);
INSERT INTO "public"."tb_role_power_rel"("id", "role_id", "power_id") VALUES (35, 3, 36);
INSERT INTO "public"."tb_role_power_rel"("id", "role_id", "power_id") VALUES (36, 3, 37);
INSERT INTO "public"."tb_role_power_rel"("id", "role_id", "power_id") VALUES (37, 3, 38);
INSERT INTO "public"."tb_role_power_rel"("id", "role_id", "power_id") VALUES (38, 3, 39);
INSERT INTO "public"."tb_role_power_rel"("id", "role_id", "power_id") VALUES (39, 3, 40);
INSERT INTO "public"."tb_role_power_rel"("id", "role_id", "power_id") VALUES (40, 3, 43);
INSERT INTO "public"."tb_role_power_rel"("id", "role_id", "power_id") VALUES (41, 3, 44);
INSERT INTO "public"."tb_role_power_rel"("id", "role_id", "power_id") VALUES (42, 3, 45);
INSERT INTO "public"."tb_role_power_rel"("id", "role_id", "power_id") VALUES (43, 3, 46);
INSERT INTO "public"."tb_role_power_rel"("id", "role_id", "power_id") VALUES (44, 3, 47);
INSERT INTO "public"."tb_role_power_rel"("id", "role_id", "power_id") VALUES (45, 3, 48);
INSERT INTO "public"."tb_role_power_rel"("id", "role_id", "power_id") VALUES (46, 3, 49);
INSERT INTO "public"."tb_role_power_rel"("id", "role_id", "power_id") VALUES (47, 3, 50);
INSERT INTO "public"."tb_role_power_rel"("id", "role_id", "power_id") VALUES (48, 3, 51);
INSERT INTO "public"."tb_role_power_rel"("id", "role_id", "power_id") VALUES (49, 3, 52);
INSERT INTO "public"."tb_role_power_rel"("id", "role_id", "power_id") VALUES (50, 3, 53);
INSERT INTO "public"."tb_role_power_rel"("id", "role_id", "power_id") VALUES (51, 3, 54);
INSERT INTO "public"."tb_role_power_rel"("id", "role_id", "power_id") VALUES (52, 3, 55);
INSERT INTO "public"."tb_role_power_rel"("id", "role_id", "power_id") VALUES (53, 3, 56);
INSERT INTO "public"."tb_role_power_rel"("id", "role_id", "power_id") VALUES (54, 3, 57);
INSERT INTO "public"."tb_role_power_rel"("id", "role_id", "power_id") VALUES (55, 3, 58);
INSERT INTO "public"."tb_role_power_rel"("id", "role_id", "power_id") VALUES (56, 3, 59);
INSERT INTO "public"."tb_role_power_rel"("id", "role_id", "power_id") VALUES (57, 3, 62);
INSERT INTO "public"."tb_role_power_rel"("id", "role_id", "power_id") VALUES (58, 3, 63);
INSERT INTO "public"."tb_role_power_rel"("id", "role_id", "power_id") VALUES (59, 3, 64);
INSERT INTO "public"."tb_role_power_rel"("id", "role_id", "power_id") VALUES (60, 3, 65);
INSERT INTO "public"."tb_role_power_rel"("id", "role_id", "power_id") VALUES (61, 3, 66);
INSERT INTO "public"."tb_role_power_rel"("id", "role_id", "power_id") VALUES (62, 3, 67);
INSERT INTO "public"."tb_role_power_rel"("id", "role_id", "power_id") VALUES (63, 3, 68);
INSERT INTO "public"."tb_role_power_rel"("id", "role_id", "power_id") VALUES (64, 3, 69);
INSERT INTO "public"."tb_role_power_rel"("id", "role_id", "power_id") VALUES (65, 3, 70);
INSERT INTO "public"."tb_role_power_rel"("id", "role_id", "power_id") VALUES (66, 3, 71);
INSERT INTO "public"."tb_role_power_rel"("id", "role_id", "power_id") VALUES (67, 3, 72);
INSERT INTO "public"."tb_role_power_rel"("id", "role_id", "power_id") VALUES (68, 3, 73);
INSERT INTO "public"."tb_role_power_rel"("id", "role_id", "power_id") VALUES (69, 3, 74);
INSERT INTO "public"."tb_role_power_rel"("id", "role_id", "power_id") VALUES (70, 3, 75);
INSERT INTO "public"."tb_role_power_rel"("id", "role_id", "power_id") VALUES (71, 3, 76);
INSERT INTO "public"."tb_role_power_rel"("id", "role_id", "power_id") VALUES (72, 3, 77);
INSERT INTO "public"."tb_role_power_rel"("id", "role_id", "power_id") VALUES (73, 3, 78);
INSERT INTO "public"."tb_role_power_rel"("id", "role_id", "power_id") VALUES (74, 3, 79);
INSERT INTO "public"."tb_role_power_rel"("id", "role_id", "power_id") VALUES (75, 3, 80);
INSERT INTO "public"."tb_role_power_rel"("id", "role_id", "power_id") VALUES (76, 3, 81);
INSERT INTO "public"."tb_role_power_rel"("id", "role_id", "power_id") VALUES (77, 3, 82);
INSERT INTO "public"."tb_role_power_rel"("id", "role_id", "power_id") VALUES (78, 3, 83);
INSERT INTO "public"."tb_role_power_rel"("id", "role_id", "power_id") VALUES (79, 3, 84);
INSERT INTO "public"."tb_role_power_rel"("id", "role_id", "power_id") VALUES (80, 3, 85);
INSERT INTO "public"."tb_role_power_rel"("id", "role_id", "power_id") VALUES (81, 3, 86);
INSERT INTO "public"."tb_role_power_rel"("id", "role_id", "power_id") VALUES (82, 3, 87);
INSERT INTO "public"."tb_role_power_rel"("id", "role_id", "power_id") VALUES (83, 3, 88);
INSERT INTO "public"."tb_role_power_rel"("id", "role_id", "power_id") VALUES (84, 3, 89);
INSERT INTO "public"."tb_role_power_rel"("id", "role_id", "power_id") VALUES (85, 3, 90);
INSERT INTO "public"."tb_role_power_rel"("id", "role_id", "power_id") VALUES (86, 3, 91);
INSERT INTO "public"."tb_role_power_rel"("id", "role_id", "power_id") VALUES (87, 3, 92);
INSERT INTO "public"."tb_role_power_rel"("id", "role_id", "power_id") VALUES (88, 3, 93);
INSERT INTO "public"."tb_role_power_rel"("id", "role_id", "power_id") VALUES (89, 3, 94);
INSERT INTO "public"."tb_role_power_rel"("id", "role_id", "power_id") VALUES (90, 3, 95);
INSERT INTO "public"."tb_role_power_rel"("id", "role_id", "power_id") VALUES (91, 3, 96);
INSERT INTO "public"."tb_role_power_rel"("id", "role_id", "power_id") VALUES (92, 3, 97);
INSERT INTO "public"."tb_role_power_rel"("id", "role_id", "power_id") VALUES (93, 3, 98);
INSERT INTO "public"."tb_role_power_rel"("id", "role_id", "power_id") VALUES (94, 3, 99);
INSERT INTO "public"."tb_role_power_rel"("id", "role_id", "power_id") VALUES (95, 3, 100);
INSERT INTO "public"."tb_role_power_rel"("id", "role_id", "power_id") VALUES (96, 3, 101);
INSERT INTO "public"."tb_role_power_rel"("id", "role_id", "power_id") VALUES (97, 3, 102);
INSERT INTO "public"."tb_role_power_rel"("id", "role_id", "power_id") VALUES (98, 3, 103);
INSERT INTO "public"."tb_role_power_rel"("id", "role_id", "power_id") VALUES (99, 3, 104);
INSERT INTO "public"."tb_role_power_rel"("id", "role_id", "power_id") VALUES (100, 3, 105);
INSERT INTO "public"."tb_role_power_rel"("id", "role_id", "power_id") VALUES (101, 3, 106);
INSERT INTO "public"."tb_role_power_rel"("id", "role_id", "power_id") VALUES (102, 3, 107);
INSERT INTO "public"."tb_role_power_rel"("id", "role_id", "power_id") VALUES (103, 3, 108);
INSERT INTO "public"."tb_role_power_rel"("id", "role_id", "power_id") VALUES (104, 3, 109);
INSERT INTO "public"."tb_role_power_rel"("id", "role_id", "power_id") VALUES (105, 3, 110);
INSERT INTO "public"."tb_role_power_rel"("id", "role_id", "power_id") VALUES (106, 3, 111);
INSERT INTO "public"."tb_role_power_rel"("id", "role_id", "power_id") VALUES (107, 3, 112);
INSERT INTO "public"."tb_role_power_rel"("id", "role_id", "power_id") VALUES (108, 3, 113);
INSERT INTO "public"."tb_role_power_rel"("id", "role_id", "power_id") VALUES (109, 3, 114);
INSERT INTO "public"."tb_role_power_rel"("id", "role_id", "power_id") VALUES (110, 3, 115);
INSERT INTO "public"."tb_role_power_rel"("id", "role_id", "power_id") VALUES (111, 3, 116);
INSERT INTO "public"."tb_role_power_rel"("id", "role_id", "power_id") VALUES (112, 3, 117);
INSERT INTO "public"."tb_role_power_rel"("id", "role_id", "power_id") VALUES (113, 3, 118);
INSERT INTO "public"."tb_role_power_rel"("id", "role_id", "power_id") VALUES (114, 3, 119);
INSERT INTO "public"."tb_role_power_rel"("id", "role_id", "power_id") VALUES (115, 3, 120);
INSERT INTO "public"."tb_role_power_rel"("id", "role_id", "power_id") VALUES (116, 3, 121);
INSERT INTO "public"."tb_role_power_rel"("id", "role_id", "power_id") VALUES (117, 3, 122);
INSERT INTO "public"."tb_role_power_rel"("id", "role_id", "power_id") VALUES (118, 2, 1);
INSERT INTO "public"."tb_role_power_rel"("id", "role_id", "power_id") VALUES (119, 2, 2);
INSERT INTO "public"."tb_role_power_rel"("id", "role_id", "power_id") VALUES (120, 2, 3);
INSERT INTO "public"."tb_role_power_rel"("id", "role_id", "power_id") VALUES (121, 2, 4);
INSERT INTO "public"."tb_role_power_rel"("id", "role_id", "power_id") VALUES (122, 2, 5);
INSERT INTO "public"."tb_role_power_rel"("id", "role_id", "power_id") VALUES (123, 2, 6);
INSERT INTO "public"."tb_role_power_rel"("id", "role_id", "power_id") VALUES (124, 2, 7);
INSERT INTO "public"."tb_role_power_rel"("id", "role_id", "power_id") VALUES (125, 2, 8);
INSERT INTO "public"."tb_role_power_rel"("id", "role_id", "power_id") VALUES (126, 2, 9);
INSERT INTO "public"."tb_role_power_rel"("id", "role_id", "power_id") VALUES (127, 2, 11);
INSERT INTO "public"."tb_role_power_rel"("id", "role_id", "power_id") VALUES (128, 2, 12);
INSERT INTO "public"."tb_role_power_rel"("id", "role_id", "power_id") VALUES (129, 2, 14);
INSERT INTO "public"."tb_role_power_rel"("id", "role_id", "power_id") VALUES (130, 2, 15);
INSERT INTO "public"."tb_role_power_rel"("id", "role_id", "power_id") VALUES (131, 2, 16);
INSERT INTO "public"."tb_role_power_rel"("id", "role_id", "power_id") VALUES (132, 2, 17);
INSERT INTO "public"."tb_role_power_rel"("id", "role_id", "power_id") VALUES (133, 2, 21);
INSERT INTO "public"."tb_role_power_rel"("id", "role_id", "power_id") VALUES (134, 2, 22);
INSERT INTO "public"."tb_role_power_rel"("id", "role_id", "power_id") VALUES (135, 2, 26);
INSERT INTO "public"."tb_role_power_rel"("id", "role_id", "power_id") VALUES (136, 2, 27);
INSERT INTO "public"."tb_role_power_rel"("id", "role_id", "power_id") VALUES (137, 2, 31);
INSERT INTO "public"."tb_role_power_rel"("id", "role_id", "power_id") VALUES (138, 2, 32);
INSERT INTO "public"."tb_role_power_rel"("id", "role_id", "power_id") VALUES (139, 2, 33);
INSERT INTO "public"."tb_role_power_rel"("id", "role_id", "power_id") VALUES (140, 2, 34);
INSERT INTO "public"."tb_role_power_rel"("id", "role_id", "power_id") VALUES (141, 2, 35);
INSERT INTO "public"."tb_role_power_rel"("id", "role_id", "power_id") VALUES (142, 2, 39);
INSERT INTO "public"."tb_role_power_rel"("id", "role_id", "power_id") VALUES (143, 2, 40);
INSERT INTO "public"."tb_role_power_rel"("id", "role_id", "power_id") VALUES (144, 2, 43);
INSERT INTO "public"."tb_role_power_rel"("id", "role_id", "power_id") VALUES (145, 2, 44);
INSERT INTO "public"."tb_role_power_rel"("id", "role_id", "power_id") VALUES (146, 2, 48);
INSERT INTO "public"."tb_role_power_rel"("id", "role_id", "power_id") VALUES (147, 2, 49);
INSERT INTO "public"."tb_role_power_rel"("id", "role_id", "power_id") VALUES (148, 2, 50);
INSERT INTO "public"."tb_role_power_rel"("id", "role_id", "power_id") VALUES (149, 2, 51);
INSERT INTO "public"."tb_role_power_rel"("id", "role_id", "power_id") VALUES (150, 2, 52);
INSERT INTO "public"."tb_role_power_rel"("id", "role_id", "power_id") VALUES (151, 2, 53);
INSERT INTO "public"."tb_role_power_rel"("id", "role_id", "power_id") VALUES (152, 2, 54);
INSERT INTO "public"."tb_role_power_rel"("id", "role_id", "power_id") VALUES (153, 2, 58);
INSERT INTO "public"."tb_role_power_rel"("id", "role_id", "power_id") VALUES (154, 2, 59);
INSERT INTO "public"."tb_role_power_rel"("id", "role_id", "power_id") VALUES (155, 2, 62);
INSERT INTO "public"."tb_role_power_rel"("id", "role_id", "power_id") VALUES (156, 2, 63);
INSERT INTO "public"."tb_role_power_rel"("id", "role_id", "power_id") VALUES (157, 2, 67);
INSERT INTO "public"."tb_role_power_rel"("id", "role_id", "power_id") VALUES (158, 2, 68);
INSERT INTO "public"."tb_role_power_rel"("id", "role_id", "power_id") VALUES (159, 2, 69);
INSERT INTO "public"."tb_role_power_rel"("id", "role_id", "power_id") VALUES (160, 2, 70);
INSERT INTO "public"."tb_role_power_rel"("id", "role_id", "power_id") VALUES (161, 2, 71);
INSERT INTO "public"."tb_role_power_rel"("id", "role_id", "power_id") VALUES (162, 2, 72);
INSERT INTO "public"."tb_role_power_rel"("id", "role_id", "power_id") VALUES (163, 2, 73);
INSERT INTO "public"."tb_role_power_rel"("id", "role_id", "power_id") VALUES (164, 2, 74);
INSERT INTO "public"."tb_role_power_rel"("id", "role_id", "power_id") VALUES (165, 2, 75);
INSERT INTO "public"."tb_role_power_rel"("id", "role_id", "power_id") VALUES (166, 2, 79);
INSERT INTO "public"."tb_role_power_rel"("id", "role_id", "power_id") VALUES (167, 2, 80);
INSERT INTO "public"."tb_role_power_rel"("id", "role_id", "power_id") VALUES (168, 2, 84);
INSERT INTO "public"."tb_role_power_rel"("id", "role_id", "power_id") VALUES (169, 2, 85);
INSERT INTO "public"."tb_role_power_rel"("id", "role_id", "power_id") VALUES (170, 2, 86);
INSERT INTO "public"."tb_role_power_rel"("id", "role_id", "power_id") VALUES (171, 2, 87);
INSERT INTO "public"."tb_role_power_rel"("id", "role_id", "power_id") VALUES (172, 2, 91);
INSERT INTO "public"."tb_role_power_rel"("id", "role_id", "power_id") VALUES (173, 2, 92);
INSERT INTO "public"."tb_role_power_rel"("id", "role_id", "power_id") VALUES (174, 2, 93);
INSERT INTO "public"."tb_role_power_rel"("id", "role_id", "power_id") VALUES (175, 2, 94);
INSERT INTO "public"."tb_role_power_rel"("id", "role_id", "power_id") VALUES (176, 2, 95);
INSERT INTO "public"."tb_role_power_rel"("id", "role_id", "power_id") VALUES (177, 2, 96);
INSERT INTO "public"."tb_role_power_rel"("id", "role_id", "power_id") VALUES (178, 2, 97);
INSERT INTO "public"."tb_role_power_rel"("id", "role_id", "power_id") VALUES (179, 2, 98);
INSERT INTO "public"."tb_role_power_rel"("id", "role_id", "power_id") VALUES (180, 2, 99);
INSERT INTO "public"."tb_role_power_rel"("id", "role_id", "power_id") VALUES (181, 2, 100);
INSERT INTO "public"."tb_role_power_rel"("id", "role_id", "power_id") VALUES (182, 2, 101);
INSERT INTO "public"."tb_role_power_rel"("id", "role_id", "power_id") VALUES (183, 2, 107);
INSERT INTO "public"."tb_role_power_rel"("id", "role_id", "power_id") VALUES (184, 2, 108);
INSERT INTO "public"."tb_role_power_rel"("id", "role_id", "power_id") VALUES (185, 2, 109);
INSERT INTO "public"."tb_role_power_rel"("id", "role_id", "power_id") VALUES (186, 2, 110);
INSERT INTO "public"."tb_role_power_rel"("id", "role_id", "power_id") VALUES (187, 2, 111);
INSERT INTO "public"."tb_role_power_rel"("id", "role_id", "power_id") VALUES (188, 2, 112);
INSERT INTO "public"."tb_role_power_rel"("id", "role_id", "power_id") VALUES (189, 2, 113);
INSERT INTO "public"."tb_role_power_rel"("id", "role_id", "power_id") VALUES (190, 2, 114);
INSERT INTO "public"."tb_role_power_rel"("id", "role_id", "power_id") VALUES (191, 2, 115);
INSERT INTO "public"."tb_role_power_rel"("id", "role_id", "power_id") VALUES (192, 2, 116);
INSERT INTO "public"."tb_role_power_rel"("id", "role_id", "power_id") VALUES (193, 2, 117);
INSERT INTO "public"."tb_role_power_rel"("id", "role_id", "power_id") VALUES (194, 1, 1);
INSERT INTO "public"."tb_role_power_rel"("id", "role_id", "power_id") VALUES (195, 1, 2);
INSERT INTO "public"."tb_role_power_rel"("id", "role_id", "power_id") VALUES (196, 1, 3);
INSERT INTO "public"."tb_role_power_rel"("id", "role_id", "power_id") VALUES (197, 1, 4);
INSERT INTO "public"."tb_role_power_rel"("id", "role_id", "power_id") VALUES (198, 1, 5);
INSERT INTO "public"."tb_role_power_rel"("id", "role_id", "power_id") VALUES (199, 1, 6);
INSERT INTO "public"."tb_role_power_rel"("id", "role_id", "power_id") VALUES (200, 1, 7);
INSERT INTO "public"."tb_role_power_rel"("id", "role_id", "power_id") VALUES (201, 1, 8);
INSERT INTO "public"."tb_role_power_rel"("id", "role_id", "power_id") VALUES (202, 1, 9);
INSERT INTO "public"."tb_role_power_rel"("id", "role_id", "power_id") VALUES (203, 1, 10);
INSERT INTO "public"."tb_role_power_rel"("id", "role_id", "power_id") VALUES (204, 1, 11);
INSERT INTO "public"."tb_role_power_rel"("id", "role_id", "power_id") VALUES (205, 1, 12);
INSERT INTO "public"."tb_role_power_rel"("id", "role_id", "power_id") VALUES (206, 1, 14);
INSERT INTO "public"."tb_role_power_rel"("id", "role_id", "power_id") VALUES (207, 1, 15);
INSERT INTO "public"."tb_role_power_rel"("id", "role_id", "power_id") VALUES (208, 1, 16);
INSERT INTO "public"."tb_role_power_rel"("id", "role_id", "power_id") VALUES (209, 1, 17);
INSERT INTO "public"."tb_role_power_rel"("id", "role_id", "power_id") VALUES (210, 1, 18);
INSERT INTO "public"."tb_role_power_rel"("id", "role_id", "power_id") VALUES (211, 1, 19);
INSERT INTO "public"."tb_role_power_rel"("id", "role_id", "power_id") VALUES (212, 1, 20);
INSERT INTO "public"."tb_role_power_rel"("id", "role_id", "power_id") VALUES (213, 1, 21);
INSERT INTO "public"."tb_role_power_rel"("id", "role_id", "power_id") VALUES (214, 1, 22);
INSERT INTO "public"."tb_role_power_rel"("id", "role_id", "power_id") VALUES (215, 1, 23);
INSERT INTO "public"."tb_role_power_rel"("id", "role_id", "power_id") VALUES (216, 1, 24);
INSERT INTO "public"."tb_role_power_rel"("id", "role_id", "power_id") VALUES (217, 1, 25);
INSERT INTO "public"."tb_role_power_rel"("id", "role_id", "power_id") VALUES (218, 1, 26);
INSERT INTO "public"."tb_role_power_rel"("id", "role_id", "power_id") VALUES (219, 1, 27);
INSERT INTO "public"."tb_role_power_rel"("id", "role_id", "power_id") VALUES (220, 1, 28);
INSERT INTO "public"."tb_role_power_rel"("id", "role_id", "power_id") VALUES (221, 1, 29);
INSERT INTO "public"."tb_role_power_rel"("id", "role_id", "power_id") VALUES (222, 1, 30);
INSERT INTO "public"."tb_role_power_rel"("id", "role_id", "power_id") VALUES (223, 1, 31);
INSERT INTO "public"."tb_role_power_rel"("id", "role_id", "power_id") VALUES (224, 1, 32);
INSERT INTO "public"."tb_role_power_rel"("id", "role_id", "power_id") VALUES (225, 1, 33);
INSERT INTO "public"."tb_role_power_rel"("id", "role_id", "power_id") VALUES (226, 1, 34);
INSERT INTO "public"."tb_role_power_rel"("id", "role_id", "power_id") VALUES (227, 1, 35);
INSERT INTO "public"."tb_role_power_rel"("id", "role_id", "power_id") VALUES (228, 1, 36);
INSERT INTO "public"."tb_role_power_rel"("id", "role_id", "power_id") VALUES (229, 1, 37);
INSERT INTO "public"."tb_role_power_rel"("id", "role_id", "power_id") VALUES (230, 1, 38);
INSERT INTO "public"."tb_role_power_rel"("id", "role_id", "power_id") VALUES (231, 1, 39);
INSERT INTO "public"."tb_role_power_rel"("id", "role_id", "power_id") VALUES (232, 1, 40);
INSERT INTO "public"."tb_role_power_rel"("id", "role_id", "power_id") VALUES (233, 1, 43);
INSERT INTO "public"."tb_role_power_rel"("id", "role_id", "power_id") VALUES (234, 1, 44);
INSERT INTO "public"."tb_role_power_rel"("id", "role_id", "power_id") VALUES (235, 1, 45);
INSERT INTO "public"."tb_role_power_rel"("id", "role_id", "power_id") VALUES (236, 1, 46);
INSERT INTO "public"."tb_role_power_rel"("id", "role_id", "power_id") VALUES (237, 1, 47);
INSERT INTO "public"."tb_role_power_rel"("id", "role_id", "power_id") VALUES (238, 1, 48);
INSERT INTO "public"."tb_role_power_rel"("id", "role_id", "power_id") VALUES (239, 1, 49);
INSERT INTO "public"."tb_role_power_rel"("id", "role_id", "power_id") VALUES (240, 1, 50);
INSERT INTO "public"."tb_role_power_rel"("id", "role_id", "power_id") VALUES (241, 1, 51);
INSERT INTO "public"."tb_role_power_rel"("id", "role_id", "power_id") VALUES (242, 1, 52);
INSERT INTO "public"."tb_role_power_rel"("id", "role_id", "power_id") VALUES (243, 1, 53);
INSERT INTO "public"."tb_role_power_rel"("id", "role_id", "power_id") VALUES (244, 1, 54);
INSERT INTO "public"."tb_role_power_rel"("id", "role_id", "power_id") VALUES (245, 1, 55);
INSERT INTO "public"."tb_role_power_rel"("id", "role_id", "power_id") VALUES (246, 1, 56);
INSERT INTO "public"."tb_role_power_rel"("id", "role_id", "power_id") VALUES (247, 1, 57);
INSERT INTO "public"."tb_role_power_rel"("id", "role_id", "power_id") VALUES (248, 1, 58);
INSERT INTO "public"."tb_role_power_rel"("id", "role_id", "power_id") VALUES (249, 1, 59);
INSERT INTO "public"."tb_role_power_rel"("id", "role_id", "power_id") VALUES (250, 1, 62);
INSERT INTO "public"."tb_role_power_rel"("id", "role_id", "power_id") VALUES (251, 1, 63);
INSERT INTO "public"."tb_role_power_rel"("id", "role_id", "power_id") VALUES (252, 1, 64);
INSERT INTO "public"."tb_role_power_rel"("id", "role_id", "power_id") VALUES (253, 1, 65);
INSERT INTO "public"."tb_role_power_rel"("id", "role_id", "power_id") VALUES (254, 1, 66);
INSERT INTO "public"."tb_role_power_rel"("id", "role_id", "power_id") VALUES (255, 1, 67);
INSERT INTO "public"."tb_role_power_rel"("id", "role_id", "power_id") VALUES (256, 1, 68);
INSERT INTO "public"."tb_role_power_rel"("id", "role_id", "power_id") VALUES (257, 1, 69);
INSERT INTO "public"."tb_role_power_rel"("id", "role_id", "power_id") VALUES (258, 1, 70);
INSERT INTO "public"."tb_role_power_rel"("id", "role_id", "power_id") VALUES (259, 1, 71);
INSERT INTO "public"."tb_role_power_rel"("id", "role_id", "power_id") VALUES (260, 1, 72);
INSERT INTO "public"."tb_role_power_rel"("id", "role_id", "power_id") VALUES (261, 1, 73);
INSERT INTO "public"."tb_role_power_rel"("id", "role_id", "power_id") VALUES (262, 1, 74);
INSERT INTO "public"."tb_role_power_rel"("id", "role_id", "power_id") VALUES (263, 1, 75);
INSERT INTO "public"."tb_role_power_rel"("id", "role_id", "power_id") VALUES (264, 1, 76);
INSERT INTO "public"."tb_role_power_rel"("id", "role_id", "power_id") VALUES (265, 1, 77);
INSERT INTO "public"."tb_role_power_rel"("id", "role_id", "power_id") VALUES (266, 1, 78);
INSERT INTO "public"."tb_role_power_rel"("id", "role_id", "power_id") VALUES (267, 1, 79);
INSERT INTO "public"."tb_role_power_rel"("id", "role_id", "power_id") VALUES (268, 1, 80);
INSERT INTO "public"."tb_role_power_rel"("id", "role_id", "power_id") VALUES (269, 1, 82);
INSERT INTO "public"."tb_role_power_rel"("id", "role_id", "power_id") VALUES (270, 1, 84);
INSERT INTO "public"."tb_role_power_rel"("id", "role_id", "power_id") VALUES (271, 1, 85);
INSERT INTO "public"."tb_role_power_rel"("id", "role_id", "power_id") VALUES (272, 1, 86);
INSERT INTO "public"."tb_role_power_rel"("id", "role_id", "power_id") VALUES (273, 1, 87);
INSERT INTO "public"."tb_role_power_rel"("id", "role_id", "power_id") VALUES (274, 1, 88);
INSERT INTO "public"."tb_role_power_rel"("id", "role_id", "power_id") VALUES (275, 1, 89);
INSERT INTO "public"."tb_role_power_rel"("id", "role_id", "power_id") VALUES (276, 1, 90);
INSERT INTO "public"."tb_role_power_rel"("id", "role_id", "power_id") VALUES (277, 1, 91);
INSERT INTO "public"."tb_role_power_rel"("id", "role_id", "power_id") VALUES (278, 1, 92);
INSERT INTO "public"."tb_role_power_rel"("id", "role_id", "power_id") VALUES (279, 1, 93);
INSERT INTO "public"."tb_role_power_rel"("id", "role_id", "power_id") VALUES (280, 1, 97);
INSERT INTO "public"."tb_role_power_rel"("id", "role_id", "power_id") VALUES (281, 1, 98);
INSERT INTO "public"."tb_role_power_rel"("id", "role_id", "power_id") VALUES (282, 1, 102);
INSERT INTO "public"."tb_role_power_rel"("id", "role_id", "power_id") VALUES (283, 1, 103);
INSERT INTO "public"."tb_role_power_rel"("id", "role_id", "power_id") VALUES (284, 1, 104);
INSERT INTO "public"."tb_role_power_rel"("id", "role_id", "power_id") VALUES (285, 1, 105);
INSERT INTO "public"."tb_role_power_rel"("id", "role_id", "power_id") VALUES (286, 1, 106);
INSERT INTO "public"."tb_role_power_rel"("id", "role_id", "power_id") VALUES (287, 1, 107);
INSERT INTO "public"."tb_role_power_rel"("id", "role_id", "power_id") VALUES (288, 1, 108);
INSERT INTO "public"."tb_role_power_rel"("id", "role_id", "power_id") VALUES (289, 1, 109);
INSERT INTO "public"."tb_role_power_rel"("id", "role_id", "power_id") VALUES (290, 1, 110);
INSERT INTO "public"."tb_role_power_rel"("id", "role_id", "power_id") VALUES (291, 1, 111);
INSERT INTO "public"."tb_role_power_rel"("id", "role_id", "power_id") VALUES (292, 1, 112);
INSERT INTO "public"."tb_role_power_rel"("id", "role_id", "power_id") VALUES (293, 1, 113);
INSERT INTO "public"."tb_role_power_rel"("id", "role_id", "power_id") VALUES (294, 1, 117);
INSERT INTO "public"."tb_role_power_rel"("id", "role_id", "power_id") VALUES (295, 1, 118);
INSERT INTO "public"."tb_role_power_rel"("id", "role_id", "power_id") VALUES (296, 1, 119);
INSERT INTO "public"."tb_role_power_rel"("id", "role_id", "power_id") VALUES (297, 1, 120);
INSERT INTO "public"."tb_role_power_rel"("id", "role_id", "power_id") VALUES (298, 1, 121);
INSERT INTO "public"."tb_role_power_rel"("id", "role_id", "power_id") VALUES (299, 1, 122);
INSERT INTO "public"."tb_role_power_rel"("id", "role_id", "power_id") VALUES (300, 0, 1);
INSERT INTO "public"."tb_role_power_rel"("id", "role_id", "power_id") VALUES (301, 0, 2);
INSERT INTO "public"."tb_role_power_rel"("id", "role_id", "power_id") VALUES (302, 0, 3);
INSERT INTO "public"."tb_role_power_rel"("id", "role_id", "power_id") VALUES (303, 0, 4);
INSERT INTO "public"."tb_role_power_rel"("id", "role_id", "power_id") VALUES (304, 0, 5);
INSERT INTO "public"."tb_role_power_rel"("id", "role_id", "power_id") VALUES (305, 0, 6);
INSERT INTO "public"."tb_role_power_rel"("id", "role_id", "power_id") VALUES (306, 0, 7);
INSERT INTO "public"."tb_role_power_rel"("id", "role_id", "power_id") VALUES (307, 0, 8);
INSERT INTO "public"."tb_role_power_rel"("id", "role_id", "power_id") VALUES (308, 0, 9);
INSERT INTO "public"."tb_role_power_rel"("id", "role_id", "power_id") VALUES (309, 0, 10);
INSERT INTO "public"."tb_role_power_rel"("id", "role_id", "power_id") VALUES (310, 0, 11);
INSERT INTO "public"."tb_role_power_rel"("id", "role_id", "power_id") VALUES (311, 0, 12);
INSERT INTO "public"."tb_role_power_rel"("id", "role_id", "power_id") VALUES (312, 0, 14);
INSERT INTO "public"."tb_role_power_rel"("id", "role_id", "power_id") VALUES (313, 0, 15);
INSERT INTO "public"."tb_role_power_rel"("id", "role_id", "power_id") VALUES (314, 0, 16);
INSERT INTO "public"."tb_role_power_rel"("id", "role_id", "power_id") VALUES (315, 0, 17);
INSERT INTO "public"."tb_role_power_rel"("id", "role_id", "power_id") VALUES (316, 0, 18);
INSERT INTO "public"."tb_role_power_rel"("id", "role_id", "power_id") VALUES (317, 0, 19);
INSERT INTO "public"."tb_role_power_rel"("id", "role_id", "power_id") VALUES (318, 0, 20);
INSERT INTO "public"."tb_role_power_rel"("id", "role_id", "power_id") VALUES (319, 0, 21);
INSERT INTO "public"."tb_role_power_rel"("id", "role_id", "power_id") VALUES (320, 0, 22);
INSERT INTO "public"."tb_role_power_rel"("id", "role_id", "power_id") VALUES (321, 0, 23);
INSERT INTO "public"."tb_role_power_rel"("id", "role_id", "power_id") VALUES (322, 0, 24);
INSERT INTO "public"."tb_role_power_rel"("id", "role_id", "power_id") VALUES (323, 0, 25);
INSERT INTO "public"."tb_role_power_rel"("id", "role_id", "power_id") VALUES (324, 0, 26);
INSERT INTO "public"."tb_role_power_rel"("id", "role_id", "power_id") VALUES (325, 0, 27);
INSERT INTO "public"."tb_role_power_rel"("id", "role_id", "power_id") VALUES (326, 0, 28);
INSERT INTO "public"."tb_role_power_rel"("id", "role_id", "power_id") VALUES (327, 0, 29);
INSERT INTO "public"."tb_role_power_rel"("id", "role_id", "power_id") VALUES (328, 0, 30);
INSERT INTO "public"."tb_role_power_rel"("id", "role_id", "power_id") VALUES (329, 0, 31);
INSERT INTO "public"."tb_role_power_rel"("id", "role_id", "power_id") VALUES (330, 0, 32);
INSERT INTO "public"."tb_role_power_rel"("id", "role_id", "power_id") VALUES (331, 0, 33);
INSERT INTO "public"."tb_role_power_rel"("id", "role_id", "power_id") VALUES (332, 0, 34);
INSERT INTO "public"."tb_role_power_rel"("id", "role_id", "power_id") VALUES (333, 0, 35);
INSERT INTO "public"."tb_role_power_rel"("id", "role_id", "power_id") VALUES (334, 0, 36);
INSERT INTO "public"."tb_role_power_rel"("id", "role_id", "power_id") VALUES (335, 0, 37);
INSERT INTO "public"."tb_role_power_rel"("id", "role_id", "power_id") VALUES (336, 0, 38);
INSERT INTO "public"."tb_role_power_rel"("id", "role_id", "power_id") VALUES (337, 0, 39);
INSERT INTO "public"."tb_role_power_rel"("id", "role_id", "power_id") VALUES (338, 0, 40);
INSERT INTO "public"."tb_role_power_rel"("id", "role_id", "power_id") VALUES (339, 0, 43);
INSERT INTO "public"."tb_role_power_rel"("id", "role_id", "power_id") VALUES (340, 0, 44);
INSERT INTO "public"."tb_role_power_rel"("id", "role_id", "power_id") VALUES (341, 0, 45);
INSERT INTO "public"."tb_role_power_rel"("id", "role_id", "power_id") VALUES (342, 0, 46);
INSERT INTO "public"."tb_role_power_rel"("id", "role_id", "power_id") VALUES (343, 0, 47);
INSERT INTO "public"."tb_role_power_rel"("id", "role_id", "power_id") VALUES (344, 0, 48);
INSERT INTO "public"."tb_role_power_rel"("id", "role_id", "power_id") VALUES (345, 0, 49);
INSERT INTO "public"."tb_role_power_rel"("id", "role_id", "power_id") VALUES (346, 0, 50);
INSERT INTO "public"."tb_role_power_rel"("id", "role_id", "power_id") VALUES (347, 0, 51);
INSERT INTO "public"."tb_role_power_rel"("id", "role_id", "power_id") VALUES (348, 0, 52);
INSERT INTO "public"."tb_role_power_rel"("id", "role_id", "power_id") VALUES (349, 0, 53);
INSERT INTO "public"."tb_role_power_rel"("id", "role_id", "power_id") VALUES (350, 0, 54);
INSERT INTO "public"."tb_role_power_rel"("id", "role_id", "power_id") VALUES (351, 0, 55);
INSERT INTO "public"."tb_role_power_rel"("id", "role_id", "power_id") VALUES (352, 0, 56);
INSERT INTO "public"."tb_role_power_rel"("id", "role_id", "power_id") VALUES (353, 0, 57);
INSERT INTO "public"."tb_role_power_rel"("id", "role_id", "power_id") VALUES (354, 0, 58);
INSERT INTO "public"."tb_role_power_rel"("id", "role_id", "power_id") VALUES (355, 0, 59);
INSERT INTO "public"."tb_role_power_rel"("id", "role_id", "power_id") VALUES (356, 0, 62);
INSERT INTO "public"."tb_role_power_rel"("id", "role_id", "power_id") VALUES (357, 0, 63);
INSERT INTO "public"."tb_role_power_rel"("id", "role_id", "power_id") VALUES (358, 0, 64);
INSERT INTO "public"."tb_role_power_rel"("id", "role_id", "power_id") VALUES (359, 0, 65);
INSERT INTO "public"."tb_role_power_rel"("id", "role_id", "power_id") VALUES (360, 0, 66);
INSERT INTO "public"."tb_role_power_rel"("id", "role_id", "power_id") VALUES (361, 0, 67);
INSERT INTO "public"."tb_role_power_rel"("id", "role_id", "power_id") VALUES (362, 0, 68);
INSERT INTO "public"."tb_role_power_rel"("id", "role_id", "power_id") VALUES (363, 0, 69);
INSERT INTO "public"."tb_role_power_rel"("id", "role_id", "power_id") VALUES (364, 0, 70);
INSERT INTO "public"."tb_role_power_rel"("id", "role_id", "power_id") VALUES (365, 0, 71);
INSERT INTO "public"."tb_role_power_rel"("id", "role_id", "power_id") VALUES (366, 0, 72);
INSERT INTO "public"."tb_role_power_rel"("id", "role_id", "power_id") VALUES (367, 0, 73);
INSERT INTO "public"."tb_role_power_rel"("id", "role_id", "power_id") VALUES (368, 0, 74);
INSERT INTO "public"."tb_role_power_rel"("id", "role_id", "power_id") VALUES (369, 0, 75);
INSERT INTO "public"."tb_role_power_rel"("id", "role_id", "power_id") VALUES (370, 0, 76);
INSERT INTO "public"."tb_role_power_rel"("id", "role_id", "power_id") VALUES (371, 0, 77);
INSERT INTO "public"."tb_role_power_rel"("id", "role_id", "power_id") VALUES (372, 0, 78);
INSERT INTO "public"."tb_role_power_rel"("id", "role_id", "power_id") VALUES (373, 0, 79);
INSERT INTO "public"."tb_role_power_rel"("id", "role_id", "power_id") VALUES (374, 0, 80);
INSERT INTO "public"."tb_role_power_rel"("id", "role_id", "power_id") VALUES (375, 0, 82);
INSERT INTO "public"."tb_role_power_rel"("id", "role_id", "power_id") VALUES (376, 0, 84);
INSERT INTO "public"."tb_role_power_rel"("id", "role_id", "power_id") VALUES (377, 0, 85);
INSERT INTO "public"."tb_role_power_rel"("id", "role_id", "power_id") VALUES (378, 0, 86);
INSERT INTO "public"."tb_role_power_rel"("id", "role_id", "power_id") VALUES (379, 0, 87);
INSERT INTO "public"."tb_role_power_rel"("id", "role_id", "power_id") VALUES (380, 0, 88);
INSERT INTO "public"."tb_role_power_rel"("id", "role_id", "power_id") VALUES (381, 0, 89);
INSERT INTO "public"."tb_role_power_rel"("id", "role_id", "power_id") VALUES (382, 0, 90);
INSERT INTO "public"."tb_role_power_rel"("id", "role_id", "power_id") VALUES (383, 0, 91);
INSERT INTO "public"."tb_role_power_rel"("id", "role_id", "power_id") VALUES (384, 0, 92);
INSERT INTO "public"."tb_role_power_rel"("id", "role_id", "power_id") VALUES (385, 0, 93);
INSERT INTO "public"."tb_role_power_rel"("id", "role_id", "power_id") VALUES (386, 0, 97);
INSERT INTO "public"."tb_role_power_rel"("id", "role_id", "power_id") VALUES (387, 0, 98);
INSERT INTO "public"."tb_role_power_rel"("id", "role_id", "power_id") VALUES (388, 0, 107);
INSERT INTO "public"."tb_role_power_rel"("id", "role_id", "power_id") VALUES (389, 0, 108);
INSERT INTO "public"."tb_role_power_rel"("id", "role_id", "power_id") VALUES (390, 0, 109);
INSERT INTO "public"."tb_role_power_rel"("id", "role_id", "power_id") VALUES (391, 0, 110);
INSERT INTO "public"."tb_role_power_rel"("id", "role_id", "power_id") VALUES (392, 0, 111);
INSERT INTO "public"."tb_role_power_rel"("id", "role_id", "power_id") VALUES (393, 0, 112);
INSERT INTO "public"."tb_role_power_rel"("id", "role_id", "power_id") VALUES (394, 0, 113);
INSERT INTO "public"."tb_role_power_rel"("id", "role_id", "power_id") VALUES (396, 2, 102);
INSERT INTO "public"."tb_role_power_rel"("id", "role_id", "power_id") VALUES (397, 2, 103);
INSERT INTO "public"."tb_role_power_rel"("id", "role_id", "power_id") VALUES (398, 2, 104);
INSERT INTO "public"."tb_role_power_rel"("id", "role_id", "power_id") VALUES (399, 2, 105);
INSERT INTO "public"."tb_role_power_rel"("id", "role_id", "power_id") VALUES (400, 2, 106);
INSERT INTO "public"."tb_role_power_rel"("id", "role_id", "power_id") VALUES (401, 0, 123);
INSERT INTO "public"."tb_role_power_rel"("id", "role_id", "power_id") VALUES (402, 0, 124);
INSERT INTO "public"."tb_role_power_rel"("id", "role_id", "power_id") VALUES (403, 1, 123);
INSERT INTO "public"."tb_role_power_rel"("id", "role_id", "power_id") VALUES (404, 1, 124);
INSERT INTO "public"."tb_role_power_rel"("id", "role_id", "power_id") VALUES (405, 3, 123);
INSERT INTO "public"."tb_role_power_rel"("id", "role_id", "power_id") VALUES (406, 3, 124);
SELECT setval('tb_role_power_rel_id_seq',(SELECT MAX(id) FROM tb_role_power_rel));


INSERT INTO "public"."tb_role"("id", "name", "english_name", "remarks") VALUES (0, '承接单位普通用户', NULL, NULL);
INSERT INTO "public"."tb_role"("id", "name", "english_name", "remarks") VALUES (1, '承接单位主用户', '', NULL);
INSERT INTO "public"."tb_role"("id", "name", "english_name", "remarks") VALUES (2, '业主用户', NULL, NULL);
INSERT INTO "public"."tb_role"("id", "name", "english_name", "remarks") VALUES (3, 'admin超级用户', 'admin', NULL);
SELECT setval('tb_role_id_seq',(SELECT MAX(id) FROM tb_role));


INSERT INTO "public"."tb_user"("id", "username", "password", "gender", "phone", "real_name", "pet_name", "email", "create_user_id", "status", "create_time", "modify_time", "unit_id", "device_id") VALUES (1, 'admin', 'e10adc3949ba59abbe56e057f20f883e', NULL, '', '超级管理员', '超级管理员', '', 4, 1, NULL, NULL, NULL, NULL);
SELECT setval('tb_user_id_seq',(SELECT MAX(id) FROM tb_user));

INSERT INTO "public"."tb_user_role_rel"("user_id", "role_id") VALUES (1, 3);


INSERT INTO "public"."tb_app_role"("id", "name", "english_name", "remarks") VALUES (1, '巡检人员', 'xunjian', NULL);
INSERT INTO "public"."tb_app_role"("id", "name", "english_name", "remarks") VALUES (2, '维养人员', 'weiyang', NULL);
INSERT INTO "public"."tb_app_role"("id", "name", "english_name", "remarks") VALUES (3, '检测人员', 'jiance', NULL);
SELECT setval('tb_app_role_id_seq',(SELECT MAX(id) FROM tb_app_role));


-----------------------------------
--通用模块
-----------------------------------


INSERT INTO "public"."tb_component_info"("id", "name", "english_name", "part_id") VALUES (1, '桥面铺装', NULL, 1);
INSERT INTO "public"."tb_component_info"("id", "name", "english_name", "part_id") VALUES (2, '桥头平顺', NULL, 1);
INSERT INTO "public"."tb_component_info"("id", "name", "english_name", "part_id") VALUES (3, '伸缩缝', NULL, 1);
INSERT INTO "public"."tb_component_info"("id", "name", "english_name", "part_id") VALUES (4, '排水系统', NULL, 1);
INSERT INTO "public"."tb_component_info"("id", "name", "english_name", "part_id") VALUES (5, '栏杆或护栏', NULL, 1);
INSERT INTO "public"."tb_component_info"("id", "name", "english_name", "part_id") VALUES (6, '人行道块件', NULL, 1);
INSERT INTO "public"."tb_component_info"("id", "name", "english_name", "part_id") VALUES (7, '钢结构物', NULL, 2);
INSERT INTO "public"."tb_component_info"("id", "name", "english_name", "part_id") VALUES (8, 'PC或RC梁式构件', NULL, 2);
INSERT INTO "public"."tb_component_info"("id", "name", "english_name", "part_id") VALUES (9, '横向联系', NULL, 2);
INSERT INTO "public"."tb_component_info"("id", "name", "english_name", "part_id") VALUES (10, '拱桥横向联系', NULL, 2);
INSERT INTO "public"."tb_component_info"("id", "name", "english_name", "part_id") VALUES (11, '防落梁装置', NULL, 2);
INSERT INTO "public"."tb_component_info"("id", "name", "english_name", "part_id") VALUES (12, '主拱圈', NULL, 2);
INSERT INTO "public"."tb_component_info"("id", "name", "english_name", "part_id") VALUES (13, '拱上构造-实腹式', NULL, 2);
INSERT INTO "public"."tb_component_info"("id", "name", "english_name", "part_id") VALUES (14, '拱上构造-空腹式', NULL, 2);
INSERT INTO "public"."tb_component_info"("id", "name", "english_name", "part_id") VALUES (15, '人行天桥外部装饰板', NULL, 2);
INSERT INTO "public"."tb_component_info"("id", "name", "english_name", "part_id") VALUES (16, '台帽盖梁', NULL, 3);
INSERT INTO "public"."tb_component_info"("id", "name", "english_name", "part_id") VALUES (17, '墩台身', NULL, 3);
INSERT INTO "public"."tb_component_info"("id", "name", "english_name", "part_id") VALUES (18, '支座', NULL, 3);
INSERT INTO "public"."tb_component_info"("id", "name", "english_name", "part_id") VALUES (19, '基础', NULL, 3);
INSERT INTO "public"."tb_component_info"("id", "name", "english_name", "part_id") VALUES (20, '耳墙翼墙（台）', NULL, 3);
INSERT INTO "public"."tb_component_info"("id", "name", "english_name", "part_id") VALUES (21, '拱脚', NULL, 3);
INSERT INTO "public"."tb_component_info"("id", "name", "english_name", "part_id") VALUES (22, '衬砌结构', NULL, 4);
INSERT INTO "public"."tb_component_info"("id", "name", "english_name", "part_id") VALUES (23, '挡墙结构', NULL, 4);
INSERT INTO "public"."tb_component_info"("id", "name", "english_name", "part_id") VALUES (24, '变形缝', NULL, 4);
INSERT INTO "public"."tb_component_info"("id", "name", "english_name", "part_id") VALUES (25, '梯道', NULL, 4);
INSERT INTO "public"."tb_component_info"("id", "name", "english_name", "part_id") VALUES (26, '栏杆或护栏', NULL, 4);
INSERT INTO "public"."tb_component_info"("id", "name", "english_name", "part_id") VALUES (27, '道面', NULL, 4);
INSERT INTO "public"."tb_component_info"("id", "name", "english_name", "part_id") VALUES (28, '排水设施', NULL, 4);
INSERT INTO "public"."tb_component_info"("id", "name", "english_name", "part_id") VALUES (29, '照明设施', NULL, 4);
INSERT INTO "public"."tb_component_info"("id", "name", "english_name", "part_id") VALUES (30, '通风设施', NULL, 4);
INSERT INTO "public"."tb_component_info"("id", "name", "english_name", "part_id") VALUES (31, '雨棚', NULL, 4);
INSERT INTO "public"."tb_component_info"("id", "name", "english_name", "part_id") VALUES (32, '台帽（台）', NULL, 3);
INSERT INTO "public"."tb_component_info"("id", "name", "english_name", "part_id") VALUES (33, '台身（台）', NULL, 3);
INSERT INTO "public"."tb_component_info"("id", "name", "english_name", "part_id") VALUES (34, '基础（台）', NULL, 3);
INSERT INTO "public"."tb_component_info"("id", "name", "english_name", "part_id") VALUES (35, '拱脚（台）', NULL, 3);
INSERT INTO "public"."tb_component_info"("id", "name", "english_name", "part_id") VALUES (36, '主拱圈（桁）', NULL, 2);
INSERT INTO "public"."tb_component_info"("id", "name", "english_name", "part_id") VALUES (37, '吊杆', NULL, 2);
INSERT INTO "public"."tb_component_info"("id", "name", "english_name", "part_id") VALUES (38, '主塔', NULL, 2);
SELECT setval('tb_component_info_id_seq',(SELECT MAX(id) FROM tb_component_info));


INSERT INTO "public"."tb_part_info"("id", "name", "english_name") VALUES (1, '桥面系', '00');
INSERT INTO "public"."tb_part_info"("id", "name", "english_name") VALUES (2, '上部结构', '01');
INSERT INTO "public"."tb_part_info"("id", "name", "english_name") VALUES (3, '下部结构', '01');
INSERT INTO "public"."tb_part_info"("id", "name", "english_name") VALUES (4, '人行地下通道', '10');
SELECT setval('tb_part_info_id_seq',(SELECT MAX(id) FROM tb_part_info));


INSERT INTO "public"."tb_area"("id", "name", "parent", "code") VALUES (1, '北京市', 0, NULL);
INSERT INTO "public"."tb_area"("id", "name", "parent", "code") VALUES (2, '天津市', 0, NULL);
INSERT INTO "public"."tb_area"("id", "name", "parent", "code") VALUES (3, '河北省', 0, NULL);
INSERT INTO "public"."tb_area"("id", "name", "parent", "code") VALUES (4, '山西省', 0, NULL);
INSERT INTO "public"."tb_area"("id", "name", "parent", "code") VALUES (5, '内蒙古', 0, NULL);
INSERT INTO "public"."tb_area"("id", "name", "parent", "code") VALUES (6, '辽宁省', 0, NULL);
INSERT INTO "public"."tb_area"("id", "name", "parent", "code") VALUES (7, '吉林省', 0, NULL);
INSERT INTO "public"."tb_area"("id", "name", "parent", "code") VALUES (8, '黑龙江', 0, NULL);
INSERT INTO "public"."tb_area"("id", "name", "parent", "code") VALUES (9, '上海市', 0, NULL);
INSERT INTO "public"."tb_area"("id", "name", "parent", "code") VALUES (10, '江苏省', 0, NULL);
INSERT INTO "public"."tb_area"("id", "name", "parent", "code") VALUES (11, '浙江省', 0, NULL);
INSERT INTO "public"."tb_area"("id", "name", "parent", "code") VALUES (12, '安徽省', 0, NULL);
INSERT INTO "public"."tb_area"("id", "name", "parent", "code") VALUES (13, '福建省', 0, NULL);
INSERT INTO "public"."tb_area"("id", "name", "parent", "code") VALUES (14, '江西省', 0, NULL);
INSERT INTO "public"."tb_area"("id", "name", "parent", "code") VALUES (15, '山东省', 0, NULL);
INSERT INTO "public"."tb_area"("id", "name", "parent", "code") VALUES (16, '河南省', 0, NULL);
INSERT INTO "public"."tb_area"("id", "name", "parent", "code") VALUES (17, '湖北省', 0, NULL);
INSERT INTO "public"."tb_area"("id", "name", "parent", "code") VALUES (18, '湖南省', 0, NULL);
INSERT INTO "public"."tb_area"("id", "name", "parent", "code") VALUES (19, '广东省', 0, NULL);
INSERT INTO "public"."tb_area"("id", "name", "parent", "code") VALUES (20, '广  西', 0, NULL);
INSERT INTO "public"."tb_area"("id", "name", "parent", "code") VALUES (21, '海南省', 0, NULL);
INSERT INTO "public"."tb_area"("id", "name", "parent", "code") VALUES (22, '重庆市', 0, NULL);
INSERT INTO "public"."tb_area"("id", "name", "parent", "code") VALUES (23, '四川省', 0, NULL);
INSERT INTO "public"."tb_area"("id", "name", "parent", "code") VALUES (24, '贵州省', 0, NULL);
INSERT INTO "public"."tb_area"("id", "name", "parent", "code") VALUES (25, '云南省', 0, NULL);
INSERT INTO "public"."tb_area"("id", "name", "parent", "code") VALUES (26, '西  藏', 0, NULL);
INSERT INTO "public"."tb_area"("id", "name", "parent", "code") VALUES (27, '陕西省', 0, NULL);
INSERT INTO "public"."tb_area"("id", "name", "parent", "code") VALUES (28, '甘肃省', 0, NULL);
INSERT INTO "public"."tb_area"("id", "name", "parent", "code") VALUES (29, '青海省', 0, NULL);
INSERT INTO "public"."tb_area"("id", "name", "parent", "code") VALUES (30, '宁  夏', 0, NULL);
INSERT INTO "public"."tb_area"("id", "name", "parent", "code") VALUES (31, '新  疆', 0, NULL);
INSERT INTO "public"."tb_area"("id", "name", "parent", "code") VALUES (32, '台湾省', 0, NULL);
INSERT INTO "public"."tb_area"("id", "name", "parent", "code") VALUES (33, '香  港', 0, NULL);
INSERT INTO "public"."tb_area"("id", "name", "parent", "code") VALUES (34, '澳  门', 0, NULL);
INSERT INTO "public"."tb_area"("id", "name", "parent", "code") VALUES (35, '北京市', 1, NULL);
INSERT INTO "public"."tb_area"("id", "name", "parent", "code") VALUES (36, '石家庄市', 3, NULL);
INSERT INTO "public"."tb_area"("id", "name", "parent", "code") VALUES (37, '唐山市', 3, NULL);
INSERT INTO "public"."tb_area"("id", "name", "parent", "code") VALUES (38, '秦皇岛市', 3, NULL);
INSERT INTO "public"."tb_area"("id", "name", "parent", "code") VALUES (39, '邯郸市', 3, NULL);
INSERT INTO "public"."tb_area"("id", "name", "parent", "code") VALUES (40, '邢台市', 3, NULL);
INSERT INTO "public"."tb_area"("id", "name", "parent", "code") VALUES (41, '保定市', 3, NULL);
INSERT INTO "public"."tb_area"("id", "name", "parent", "code") VALUES (42, '张家口市', 3, NULL);
INSERT INTO "public"."tb_area"("id", "name", "parent", "code") VALUES (43, '承德市', 3, NULL);
INSERT INTO "public"."tb_area"("id", "name", "parent", "code") VALUES (44, '沧州市', 3, NULL);
INSERT INTO "public"."tb_area"("id", "name", "parent", "code") VALUES (45, '廊坊市', 3, NULL);
INSERT INTO "public"."tb_area"("id", "name", "parent", "code") VALUES (46, '衡水市', 3, NULL);
INSERT INTO "public"."tb_area"("id", "name", "parent", "code") VALUES (47, '太原市', 4, NULL);
INSERT INTO "public"."tb_area"("id", "name", "parent", "code") VALUES (48, '大同市', 4, NULL);
INSERT INTO "public"."tb_area"("id", "name", "parent", "code") VALUES (49, '阳泉市', 4, NULL);
INSERT INTO "public"."tb_area"("id", "name", "parent", "code") VALUES (50, '长治市', 4, NULL);
INSERT INTO "public"."tb_area"("id", "name", "parent", "code") VALUES (51, '晋城市', 4, NULL);
INSERT INTO "public"."tb_area"("id", "name", "parent", "code") VALUES (52, '朔州市', 4, NULL);
INSERT INTO "public"."tb_area"("id", "name", "parent", "code") VALUES (53, '晋中市', 4, NULL);
INSERT INTO "public"."tb_area"("id", "name", "parent", "code") VALUES (54, '运城市', 4, NULL);
INSERT INTO "public"."tb_area"("id", "name", "parent", "code") VALUES (55, '忻州市', 4, NULL);
INSERT INTO "public"."tb_area"("id", "name", "parent", "code") VALUES (56, '临汾市', 4, NULL);
INSERT INTO "public"."tb_area"("id", "name", "parent", "code") VALUES (57, '吕梁市', 4, NULL);
INSERT INTO "public"."tb_area"("id", "name", "parent", "code") VALUES (58, '呼和浩特市', 5, NULL);
INSERT INTO "public"."tb_area"("id", "name", "parent", "code") VALUES (59, '包头市', 5, NULL);
INSERT INTO "public"."tb_area"("id", "name", "parent", "code") VALUES (60, '乌海市', 5, NULL);
INSERT INTO "public"."tb_area"("id", "name", "parent", "code") VALUES (61, '赤峰市', 5, NULL);
INSERT INTO "public"."tb_area"("id", "name", "parent", "code") VALUES (62, '通辽市', 5, NULL);
INSERT INTO "public"."tb_area"("id", "name", "parent", "code") VALUES (63, '鄂尔多斯市', 5, NULL);
INSERT INTO "public"."tb_area"("id", "name", "parent", "code") VALUES (64, '呼伦贝尔市', 5, NULL);
INSERT INTO "public"."tb_area"("id", "name", "parent", "code") VALUES (65, '巴彦淖尔市', 5, NULL);
INSERT INTO "public"."tb_area"("id", "name", "parent", "code") VALUES (66, '乌兰察布市', 5, NULL);
INSERT INTO "public"."tb_area"("id", "name", "parent", "code") VALUES (67, '兴安盟', 5, NULL);
INSERT INTO "public"."tb_area"("id", "name", "parent", "code") VALUES (68, '锡林郭勒盟', 5, NULL);
INSERT INTO "public"."tb_area"("id", "name", "parent", "code") VALUES (69, '阿拉善盟', 5, NULL);
INSERT INTO "public"."tb_area"("id", "name", "parent", "code") VALUES (70, '沈阳市', 6, NULL);
INSERT INTO "public"."tb_area"("id", "name", "parent", "code") VALUES (71, '大连市', 6, NULL);
INSERT INTO "public"."tb_area"("id", "name", "parent", "code") VALUES (72, '鞍山市', 6, NULL);
INSERT INTO "public"."tb_area"("id", "name", "parent", "code") VALUES (73, '抚顺市', 6, NULL);
INSERT INTO "public"."tb_area"("id", "name", "parent", "code") VALUES (74, '本溪市', 6, NULL);
INSERT INTO "public"."tb_area"("id", "name", "parent", "code") VALUES (75, '丹东市', 6, NULL);
INSERT INTO "public"."tb_area"("id", "name", "parent", "code") VALUES (76, '锦州市', 6, NULL);
INSERT INTO "public"."tb_area"("id", "name", "parent", "code") VALUES (77, '营口市', 6, NULL);
INSERT INTO "public"."tb_area"("id", "name", "parent", "code") VALUES (78, '阜新市', 6, NULL);
INSERT INTO "public"."tb_area"("id", "name", "parent", "code") VALUES (79, '辽阳市', 6, NULL);
INSERT INTO "public"."tb_area"("id", "name", "parent", "code") VALUES (80, '盘锦市', 6, NULL);
INSERT INTO "public"."tb_area"("id", "name", "parent", "code") VALUES (81, '铁岭市', 6, NULL);
INSERT INTO "public"."tb_area"("id", "name", "parent", "code") VALUES (82, '朝阳市', 6, NULL);
INSERT INTO "public"."tb_area"("id", "name", "parent", "code") VALUES (83, '葫芦岛市', 6, NULL);
INSERT INTO "public"."tb_area"("id", "name", "parent", "code") VALUES (84, '长春市', 7, NULL);
INSERT INTO "public"."tb_area"("id", "name", "parent", "code") VALUES (85, '吉林市', 7, NULL);
INSERT INTO "public"."tb_area"("id", "name", "parent", "code") VALUES (86, '四平市', 7, NULL);
INSERT INTO "public"."tb_area"("id", "name", "parent", "code") VALUES (87, '辽源市', 7, NULL);
INSERT INTO "public"."tb_area"("id", "name", "parent", "code") VALUES (88, '通化市', 7, NULL);
INSERT INTO "public"."tb_area"("id", "name", "parent", "code") VALUES (89, '白山市', 7, NULL);
INSERT INTO "public"."tb_area"("id", "name", "parent", "code") VALUES (90, '松原市', 7, NULL);
INSERT INTO "public"."tb_area"("id", "name", "parent", "code") VALUES (91, '白城市', 7, NULL);
INSERT INTO "public"."tb_area"("id", "name", "parent", "code") VALUES (92, '延边朝鲜族自治州', 7, NULL);
INSERT INTO "public"."tb_area"("id", "name", "parent", "code") VALUES (93, '哈尔滨市', 8, NULL);
INSERT INTO "public"."tb_area"("id", "name", "parent", "code") VALUES (94, '齐齐哈尔市', 8, NULL);
INSERT INTO "public"."tb_area"("id", "name", "parent", "code") VALUES (95, '鸡西市', 8, NULL);
INSERT INTO "public"."tb_area"("id", "name", "parent", "code") VALUES (96, '鹤岗市', 8, NULL);
INSERT INTO "public"."tb_area"("id", "name", "parent", "code") VALUES (97, '双鸭山市', 8, NULL);
INSERT INTO "public"."tb_area"("id", "name", "parent", "code") VALUES (98, '大庆市', 8, NULL);
INSERT INTO "public"."tb_area"("id", "name", "parent", "code") VALUES (99, '伊春市', 8, NULL);
INSERT INTO "public"."tb_area"("id", "name", "parent", "code") VALUES (100, '佳木斯市', 8, NULL);
INSERT INTO "public"."tb_area"("id", "name", "parent", "code") VALUES (101, '七台河市', 8, NULL);
INSERT INTO "public"."tb_area"("id", "name", "parent", "code") VALUES (102, '牡丹江市', 8, NULL);
INSERT INTO "public"."tb_area"("id", "name", "parent", "code") VALUES (103, '黑河市', 8, NULL);
INSERT INTO "public"."tb_area"("id", "name", "parent", "code") VALUES (104, '绥化市', 8, NULL);
INSERT INTO "public"."tb_area"("id", "name", "parent", "code") VALUES (105, '大兴安岭地区', 8, NULL);
INSERT INTO "public"."tb_area"("id", "name", "parent", "code") VALUES (108, '南京市', 10, NULL);
INSERT INTO "public"."tb_area"("id", "name", "parent", "code") VALUES (109, '无锡市', 10, NULL);
INSERT INTO "public"."tb_area"("id", "name", "parent", "code") VALUES (110, '徐州市', 10, NULL);
INSERT INTO "public"."tb_area"("id", "name", "parent", "code") VALUES (111, '常州市', 10, NULL);
INSERT INTO "public"."tb_area"("id", "name", "parent", "code") VALUES (112, '苏州市', 10, NULL);
INSERT INTO "public"."tb_area"("id", "name", "parent", "code") VALUES (113, '南通市', 10, NULL);
INSERT INTO "public"."tb_area"("id", "name", "parent", "code") VALUES (114, '连云港市', 10, NULL);
INSERT INTO "public"."tb_area"("id", "name", "parent", "code") VALUES (115, '淮安市', 10, NULL);
INSERT INTO "public"."tb_area"("id", "name", "parent", "code") VALUES (116, '盐城市', 10, NULL);
INSERT INTO "public"."tb_area"("id", "name", "parent", "code") VALUES (117, '扬州市', 10, NULL);
INSERT INTO "public"."tb_area"("id", "name", "parent", "code") VALUES (118, '镇江市', 10, NULL);
INSERT INTO "public"."tb_area"("id", "name", "parent", "code") VALUES (119, '泰州市', 10, NULL);
INSERT INTO "public"."tb_area"("id", "name", "parent", "code") VALUES (120, '宿迁市', 10, NULL);
INSERT INTO "public"."tb_area"("id", "name", "parent", "code") VALUES (121, '杭州市', 11, NULL);
INSERT INTO "public"."tb_area"("id", "name", "parent", "code") VALUES (122, '宁波市', 11, NULL);
INSERT INTO "public"."tb_area"("id", "name", "parent", "code") VALUES (123, '温州市', 11, NULL);
INSERT INTO "public"."tb_area"("id", "name", "parent", "code") VALUES (124, '嘉兴市', 11, NULL);
INSERT INTO "public"."tb_area"("id", "name", "parent", "code") VALUES (125, '湖州市', 11, NULL);
INSERT INTO "public"."tb_area"("id", "name", "parent", "code") VALUES (126, '绍兴市', 11, NULL);
INSERT INTO "public"."tb_area"("id", "name", "parent", "code") VALUES (127, '金华市', 11, NULL);
INSERT INTO "public"."tb_area"("id", "name", "parent", "code") VALUES (128, '衢州市', 11, NULL);
INSERT INTO "public"."tb_area"("id", "name", "parent", "code") VALUES (129, '舟山市', 11, NULL);
INSERT INTO "public"."tb_area"("id", "name", "parent", "code") VALUES (130, '台州市', 11, NULL);
INSERT INTO "public"."tb_area"("id", "name", "parent", "code") VALUES (131, '丽水市', 11, NULL);
INSERT INTO "public"."tb_area"("id", "name", "parent", "code") VALUES (132, '合肥市', 12, NULL);
INSERT INTO "public"."tb_area"("id", "name", "parent", "code") VALUES (133, '芜湖市', 12, NULL);
INSERT INTO "public"."tb_area"("id", "name", "parent", "code") VALUES (134, '蚌埠市', 12, NULL);
INSERT INTO "public"."tb_area"("id", "name", "parent", "code") VALUES (135, '淮南市', 12, NULL);
INSERT INTO "public"."tb_area"("id", "name", "parent", "code") VALUES (136, '马鞍山市', 12, NULL);
INSERT INTO "public"."tb_area"("id", "name", "parent", "code") VALUES (137, '淮北市', 12, NULL);
INSERT INTO "public"."tb_area"("id", "name", "parent", "code") VALUES (138, '铜陵市', 12, NULL);
INSERT INTO "public"."tb_area"("id", "name", "parent", "code") VALUES (139, '安庆市', 12, NULL);
INSERT INTO "public"."tb_area"("id", "name", "parent", "code") VALUES (140, '黄山市', 12, NULL);
INSERT INTO "public"."tb_area"("id", "name", "parent", "code") VALUES (141, '滁州市', 12, NULL);
INSERT INTO "public"."tb_area"("id", "name", "parent", "code") VALUES (142, '阜阳市', 12, NULL);
INSERT INTO "public"."tb_area"("id", "name", "parent", "code") VALUES (143, '宿州市', 12, NULL);
INSERT INTO "public"."tb_area"("id", "name", "parent", "code") VALUES (145, '六安市', 12, NULL);
INSERT INTO "public"."tb_area"("id", "name", "parent", "code") VALUES (146, '亳州市', 12, NULL);
INSERT INTO "public"."tb_area"("id", "name", "parent", "code") VALUES (147, '池州市', 12, NULL);
INSERT INTO "public"."tb_area"("id", "name", "parent", "code") VALUES (148, '宣城市', 12, NULL);
INSERT INTO "public"."tb_area"("id", "name", "parent", "code") VALUES (149, '福州市', 13, NULL);
INSERT INTO "public"."tb_area"("id", "name", "parent", "code") VALUES (150, '厦门市', 13, NULL);
INSERT INTO "public"."tb_area"("id", "name", "parent", "code") VALUES (151, '莆田市', 13, NULL);
INSERT INTO "public"."tb_area"("id", "name", "parent", "code") VALUES (152, '三明市', 13, NULL);
INSERT INTO "public"."tb_area"("id", "name", "parent", "code") VALUES (153, '泉州市', 13, NULL);
INSERT INTO "public"."tb_area"("id", "name", "parent", "code") VALUES (154, '漳州市', 13, NULL);
INSERT INTO "public"."tb_area"("id", "name", "parent", "code") VALUES (155, '南平市', 13, NULL);
INSERT INTO "public"."tb_area"("id", "name", "parent", "code") VALUES (156, '龙岩市', 13, NULL);
INSERT INTO "public"."tb_area"("id", "name", "parent", "code") VALUES (157, '宁德市', 13, NULL);
INSERT INTO "public"."tb_area"("id", "name", "parent", "code") VALUES (158, '南昌市', 14, NULL);
INSERT INTO "public"."tb_area"("id", "name", "parent", "code") VALUES (159, '景德镇市', 14, NULL);
INSERT INTO "public"."tb_area"("id", "name", "parent", "code") VALUES (160, '萍乡市', 14, NULL);
INSERT INTO "public"."tb_area"("id", "name", "parent", "code") VALUES (161, '九江市', 14, NULL);
INSERT INTO "public"."tb_area"("id", "name", "parent", "code") VALUES (162, '新余市', 14, NULL);
INSERT INTO "public"."tb_area"("id", "name", "parent", "code") VALUES (163, '鹰潭市', 14, NULL);
INSERT INTO "public"."tb_area"("id", "name", "parent", "code") VALUES (164, '赣州市', 14, NULL);
INSERT INTO "public"."tb_area"("id", "name", "parent", "code") VALUES (165, '吉安市', 14, NULL);
INSERT INTO "public"."tb_area"("id", "name", "parent", "code") VALUES (166, '宜春市', 14, NULL);
INSERT INTO "public"."tb_area"("id", "name", "parent", "code") VALUES (167, '抚州市', 14, NULL);
INSERT INTO "public"."tb_area"("id", "name", "parent", "code") VALUES (168, '上饶市', 14, NULL);
INSERT INTO "public"."tb_area"("id", "name", "parent", "code") VALUES (169, '济南市', 15, NULL);
INSERT INTO "public"."tb_area"("id", "name", "parent", "code") VALUES (170, '青岛市', 15, NULL);
INSERT INTO "public"."tb_area"("id", "name", "parent", "code") VALUES (171, '淄博市', 15, NULL);
INSERT INTO "public"."tb_area"("id", "name", "parent", "code") VALUES (172, '枣庄市', 15, NULL);
INSERT INTO "public"."tb_area"("id", "name", "parent", "code") VALUES (173, '东营市', 15, NULL);
INSERT INTO "public"."tb_area"("id", "name", "parent", "code") VALUES (174, '烟台市', 15, NULL);
INSERT INTO "public"."tb_area"("id", "name", "parent", "code") VALUES (175, '潍坊市', 15, NULL);
INSERT INTO "public"."tb_area"("id", "name", "parent", "code") VALUES (176, '济宁市', 15, NULL);
INSERT INTO "public"."tb_area"("id", "name", "parent", "code") VALUES (177, '泰安市', 15, NULL);
INSERT INTO "public"."tb_area"("id", "name", "parent", "code") VALUES (178, '威海市', 15, NULL);
INSERT INTO "public"."tb_area"("id", "name", "parent", "code") VALUES (179, '日照市', 15, NULL);
INSERT INTO "public"."tb_area"("id", "name", "parent", "code") VALUES (180, '莱芜市', 15, NULL);
INSERT INTO "public"."tb_area"("id", "name", "parent", "code") VALUES (181, '临沂市', 15, NULL);
INSERT INTO "public"."tb_area"("id", "name", "parent", "code") VALUES (182, '德州市', 15, NULL);
INSERT INTO "public"."tb_area"("id", "name", "parent", "code") VALUES (183, '聊城市', 15, NULL);
INSERT INTO "public"."tb_area"("id", "name", "parent", "code") VALUES (184, '滨州市', 15, NULL);
INSERT INTO "public"."tb_area"("id", "name", "parent", "code") VALUES (185, '荷泽市', 15, NULL);
INSERT INTO "public"."tb_area"("id", "name", "parent", "code") VALUES (186, '郑州市', 16, NULL);
INSERT INTO "public"."tb_area"("id", "name", "parent", "code") VALUES (187, '开封市', 16, NULL);
INSERT INTO "public"."tb_area"("id", "name", "parent", "code") VALUES (188, '洛阳市', 16, NULL);
INSERT INTO "public"."tb_area"("id", "name", "parent", "code") VALUES (189, '平顶山市', 16, NULL);
INSERT INTO "public"."tb_area"("id", "name", "parent", "code") VALUES (190, '安阳市', 16, NULL);
INSERT INTO "public"."tb_area"("id", "name", "parent", "code") VALUES (191, '鹤壁市', 16, NULL);
INSERT INTO "public"."tb_area"("id", "name", "parent", "code") VALUES (192, '新乡市', 16, NULL);
INSERT INTO "public"."tb_area"("id", "name", "parent", "code") VALUES (193, '焦作市', 16, NULL);
INSERT INTO "public"."tb_area"("id", "name", "parent", "code") VALUES (194, '濮阳市', 16, NULL);
INSERT INTO "public"."tb_area"("id", "name", "parent", "code") VALUES (195, '许昌市', 16, NULL);
INSERT INTO "public"."tb_area"("id", "name", "parent", "code") VALUES (196, '漯河市', 16, NULL);
INSERT INTO "public"."tb_area"("id", "name", "parent", "code") VALUES (197, '三门峡市', 16, NULL);
INSERT INTO "public"."tb_area"("id", "name", "parent", "code") VALUES (198, '南阳市', 16, NULL);
INSERT INTO "public"."tb_area"("id", "name", "parent", "code") VALUES (199, '商丘市', 16, NULL);
INSERT INTO "public"."tb_area"("id", "name", "parent", "code") VALUES (200, '信阳市', 16, NULL);
INSERT INTO "public"."tb_area"("id", "name", "parent", "code") VALUES (201, '周口市', 16, NULL);
INSERT INTO "public"."tb_area"("id", "name", "parent", "code") VALUES (202, '驻马店市', 16, NULL);
INSERT INTO "public"."tb_area"("id", "name", "parent", "code") VALUES (203, '武汉市', 17, NULL);
INSERT INTO "public"."tb_area"("id", "name", "parent", "code") VALUES (204, '黄石市', 17, NULL);
INSERT INTO "public"."tb_area"("id", "name", "parent", "code") VALUES (205, '十堰市', 17, NULL);
INSERT INTO "public"."tb_area"("id", "name", "parent", "code") VALUES (206, '宜昌市', 17, NULL);
INSERT INTO "public"."tb_area"("id", "name", "parent", "code") VALUES (207, '襄樊市', 17, NULL);
INSERT INTO "public"."tb_area"("id", "name", "parent", "code") VALUES (208, '鄂州市', 17, NULL);
INSERT INTO "public"."tb_area"("id", "name", "parent", "code") VALUES (209, '荆门市', 17, NULL);
INSERT INTO "public"."tb_area"("id", "name", "parent", "code") VALUES (210, '孝感市', 17, NULL);
INSERT INTO "public"."tb_area"("id", "name", "parent", "code") VALUES (211, '荆州市', 17, NULL);
INSERT INTO "public"."tb_area"("id", "name", "parent", "code") VALUES (212, '黄冈市', 17, NULL);
INSERT INTO "public"."tb_area"("id", "name", "parent", "code") VALUES (213, '咸宁市', 17, NULL);
INSERT INTO "public"."tb_area"("id", "name", "parent", "code") VALUES (214, '随州市', 17, NULL);
INSERT INTO "public"."tb_area"("id", "name", "parent", "code") VALUES (215, '恩施土家族苗族自治州', 17, NULL);
INSERT INTO "public"."tb_area"("id", "name", "parent", "code") VALUES (216, '仙桃市', 17, NULL);
INSERT INTO "public"."tb_area"("id", "name", "parent", "code") VALUES (217, '长沙市', 18, NULL);
INSERT INTO "public"."tb_area"("id", "name", "parent", "code") VALUES (218, '株洲市', 18, NULL);
INSERT INTO "public"."tb_area"("id", "name", "parent", "code") VALUES (219, '湘潭市', 18, NULL);
INSERT INTO "public"."tb_area"("id", "name", "parent", "code") VALUES (220, '衡阳市', 18, NULL);
INSERT INTO "public"."tb_area"("id", "name", "parent", "code") VALUES (221, '邵阳市', 18, NULL);
INSERT INTO "public"."tb_area"("id", "name", "parent", "code") VALUES (222, '岳阳市', 18, NULL);
INSERT INTO "public"."tb_area"("id", "name", "parent", "code") VALUES (223, '常德市', 18, NULL);
INSERT INTO "public"."tb_area"("id", "name", "parent", "code") VALUES (224, '张家界市', 18, NULL);
INSERT INTO "public"."tb_area"("id", "name", "parent", "code") VALUES (225, '益阳市', 18, NULL);
INSERT INTO "public"."tb_area"("id", "name", "parent", "code") VALUES (226, '郴州市', 18, NULL);
INSERT INTO "public"."tb_area"("id", "name", "parent", "code") VALUES (227, '永州市', 18, NULL);
INSERT INTO "public"."tb_area"("id", "name", "parent", "code") VALUES (228, '怀化市', 18, NULL);
INSERT INTO "public"."tb_area"("id", "name", "parent", "code") VALUES (229, '娄底市', 18, NULL);
INSERT INTO "public"."tb_area"("id", "name", "parent", "code") VALUES (230, '湘西州市', 18, NULL);
INSERT INTO "public"."tb_area"("id", "name", "parent", "code") VALUES (231, '广州市', 19, NULL);
INSERT INTO "public"."tb_area"("id", "name", "parent", "code") VALUES (232, '韶关市', 19, NULL);
INSERT INTO "public"."tb_area"("id", "name", "parent", "code") VALUES (233, '深圳市', 19, NULL);
INSERT INTO "public"."tb_area"("id", "name", "parent", "code") VALUES (234, '珠海市', 19, NULL);
INSERT INTO "public"."tb_area"("id", "name", "parent", "code") VALUES (235, '汕头市', 19, NULL);
INSERT INTO "public"."tb_area"("id", "name", "parent", "code") VALUES (236, '佛山市', 19, NULL);
INSERT INTO "public"."tb_area"("id", "name", "parent", "code") VALUES (237, '江门市', 19, NULL);
INSERT INTO "public"."tb_area"("id", "name", "parent", "code") VALUES (238, '湛江市', 19, NULL);
INSERT INTO "public"."tb_area"("id", "name", "parent", "code") VALUES (239, '茂名市', 19, NULL);
INSERT INTO "public"."tb_area"("id", "name", "parent", "code") VALUES (240, '肇庆市', 19, NULL);
INSERT INTO "public"."tb_area"("id", "name", "parent", "code") VALUES (241, '惠州市', 19, NULL);
INSERT INTO "public"."tb_area"("id", "name", "parent", "code") VALUES (242, '梅州市', 19, NULL);
INSERT INTO "public"."tb_area"("id", "name", "parent", "code") VALUES (243, '汕尾市', 19, NULL);
INSERT INTO "public"."tb_area"("id", "name", "parent", "code") VALUES (244, '河源市', 19, NULL);
INSERT INTO "public"."tb_area"("id", "name", "parent", "code") VALUES (245, '阳江市', 19, NULL);
INSERT INTO "public"."tb_area"("id", "name", "parent", "code") VALUES (246, '清远市', 19, NULL);
INSERT INTO "public"."tb_area"("id", "name", "parent", "code") VALUES (247, '东莞市', 19, NULL);
INSERT INTO "public"."tb_area"("id", "name", "parent", "code") VALUES (248, '中山市', 19, NULL);
INSERT INTO "public"."tb_area"("id", "name", "parent", "code") VALUES (249, '潮州市', 19, NULL);
INSERT INTO "public"."tb_area"("id", "name", "parent", "code") VALUES (250, '揭阳市', 19, NULL);
INSERT INTO "public"."tb_area"("id", "name", "parent", "code") VALUES (251, '云浮市', 19, NULL);
INSERT INTO "public"."tb_area"("id", "name", "parent", "code") VALUES (252, '南宁市', 20, NULL);
INSERT INTO "public"."tb_area"("id", "name", "parent", "code") VALUES (253, '柳州市', 20, NULL);
INSERT INTO "public"."tb_area"("id", "name", "parent", "code") VALUES (254, '桂林市', 20, NULL);
INSERT INTO "public"."tb_area"("id", "name", "parent", "code") VALUES (255, '梧州市', 20, NULL);
INSERT INTO "public"."tb_area"("id", "name", "parent", "code") VALUES (256, '北海市', 20, NULL);
INSERT INTO "public"."tb_area"("id", "name", "parent", "code") VALUES (257, '防城港市', 20, NULL);
INSERT INTO "public"."tb_area"("id", "name", "parent", "code") VALUES (258, '钦州市', 20, NULL);
INSERT INTO "public"."tb_area"("id", "name", "parent", "code") VALUES (259, '贵港市', 20, NULL);
INSERT INTO "public"."tb_area"("id", "name", "parent", "code") VALUES (260, '玉林市', 20, NULL);
INSERT INTO "public"."tb_area"("id", "name", "parent", "code") VALUES (261, '百色市', 20, NULL);
INSERT INTO "public"."tb_area"("id", "name", "parent", "code") VALUES (262, '贺州市', 20, NULL);
INSERT INTO "public"."tb_area"("id", "name", "parent", "code") VALUES (263, '河池市', 20, NULL);
INSERT INTO "public"."tb_area"("id", "name", "parent", "code") VALUES (264, '来宾市', 20, NULL);
INSERT INTO "public"."tb_area"("id", "name", "parent", "code") VALUES (265, '崇左市', 20, NULL);
INSERT INTO "public"."tb_area"("id", "name", "parent", "code") VALUES (266, '海口市', 21, NULL);
INSERT INTO "public"."tb_area"("id", "name", "parent", "code") VALUES (267, '三亚市', 21, NULL);
INSERT INTO "public"."tb_area"("id", "name", "parent", "code") VALUES (268, '省直辖县级行政单位', 21, NULL);
INSERT INTO "public"."tb_area"("id", "name", "parent", "code") VALUES (270, '县', 22, NULL);
INSERT INTO "public"."tb_area"("id", "name", "parent", "code") VALUES (271, '市', 22, NULL);
INSERT INTO "public"."tb_area"("id", "name", "parent", "code") VALUES (272, '成都市', 23, NULL);
INSERT INTO "public"."tb_area"("id", "name", "parent", "code") VALUES (273, '自贡市', 23, NULL);
INSERT INTO "public"."tb_area"("id", "name", "parent", "code") VALUES (274, '攀枝花市', 23, NULL);
INSERT INTO "public"."tb_area"("id", "name", "parent", "code") VALUES (275, '泸州市', 23, NULL);
INSERT INTO "public"."tb_area"("id", "name", "parent", "code") VALUES (276, '德阳市', 23, NULL);
INSERT INTO "public"."tb_area"("id", "name", "parent", "code") VALUES (277, '绵阳市', 23, NULL);
INSERT INTO "public"."tb_area"("id", "name", "parent", "code") VALUES (278, '广元市', 23, NULL);
INSERT INTO "public"."tb_area"("id", "name", "parent", "code") VALUES (279, '遂宁市', 23, NULL);
INSERT INTO "public"."tb_area"("id", "name", "parent", "code") VALUES (280, '内江市', 23, NULL);
INSERT INTO "public"."tb_area"("id", "name", "parent", "code") VALUES (281, '乐山市', 23, NULL);
INSERT INTO "public"."tb_area"("id", "name", "parent", "code") VALUES (282, '南充市', 23, NULL);
INSERT INTO "public"."tb_area"("id", "name", "parent", "code") VALUES (283, '眉山市', 23, NULL);
INSERT INTO "public"."tb_area"("id", "name", "parent", "code") VALUES (284, '宜宾市', 23, NULL);
INSERT INTO "public"."tb_area"("id", "name", "parent", "code") VALUES (285, '广安市', 23, NULL);
INSERT INTO "public"."tb_area"("id", "name", "parent", "code") VALUES (286, '达州市', 23, NULL);
INSERT INTO "public"."tb_area"("id", "name", "parent", "code") VALUES (287, '雅安市', 23, NULL);
INSERT INTO "public"."tb_area"("id", "name", "parent", "code") VALUES (288, '巴中市', 23, NULL);
INSERT INTO "public"."tb_area"("id", "name", "parent", "code") VALUES (289, '资阳市', 23, NULL);
INSERT INTO "public"."tb_area"("id", "name", "parent", "code") VALUES (290, '阿坝藏族羌族自治州', 23, NULL);
INSERT INTO "public"."tb_area"("id", "name", "parent", "code") VALUES (291, '甘孜藏族自治州', 23, NULL);
INSERT INTO "public"."tb_area"("id", "name", "parent", "code") VALUES (292, '凉山彝族自治州', 23, NULL);
INSERT INTO "public"."tb_area"("id", "name", "parent", "code") VALUES (293, '贵阳市', 24, NULL);
INSERT INTO "public"."tb_area"("id", "name", "parent", "code") VALUES (294, '六盘水市', 24, NULL);
INSERT INTO "public"."tb_area"("id", "name", "parent", "code") VALUES (295, '遵义市', 24, NULL);
INSERT INTO "public"."tb_area"("id", "name", "parent", "code") VALUES (296, '安顺市', 24, NULL);
INSERT INTO "public"."tb_area"("id", "name", "parent", "code") VALUES (297, '铜仁地区', 24, NULL);
INSERT INTO "public"."tb_area"("id", "name", "parent", "code") VALUES (298, '黔西南布依族苗族自治州', 24, NULL);
INSERT INTO "public"."tb_area"("id", "name", "parent", "code") VALUES (299, '毕节地区', 24, NULL);
INSERT INTO "public"."tb_area"("id", "name", "parent", "code") VALUES (300, '黔东南苗族侗族自治州', 24, NULL);
INSERT INTO "public"."tb_area"("id", "name", "parent", "code") VALUES (301, '黔南布依族苗族自治州', 24, NULL);
INSERT INTO "public"."tb_area"("id", "name", "parent", "code") VALUES (302, '昆明市', 25, NULL);
INSERT INTO "public"."tb_area"("id", "name", "parent", "code") VALUES (303, '曲靖市', 25, NULL);
INSERT INTO "public"."tb_area"("id", "name", "parent", "code") VALUES (304, '玉溪市', 25, NULL);
INSERT INTO "public"."tb_area"("id", "name", "parent", "code") VALUES (305, '保山市', 25, NULL);
INSERT INTO "public"."tb_area"("id", "name", "parent", "code") VALUES (306, '昭通市', 25, NULL);
INSERT INTO "public"."tb_area"("id", "name", "parent", "code") VALUES (307, '丽江市', 25, NULL);
INSERT INTO "public"."tb_area"("id", "name", "parent", "code") VALUES (308, '普洱市', 25, NULL);
INSERT INTO "public"."tb_area"("id", "name", "parent", "code") VALUES (309, '临沧市', 25, NULL);
INSERT INTO "public"."tb_area"("id", "name", "parent", "code") VALUES (310, '楚雄彝族自治州', 25, NULL);
INSERT INTO "public"."tb_area"("id", "name", "parent", "code") VALUES (311, '红河哈尼族彝族自治州', 25, NULL);
INSERT INTO "public"."tb_area"("id", "name", "parent", "code") VALUES (312, '文山壮族苗族自治州', 25, NULL);
INSERT INTO "public"."tb_area"("id", "name", "parent", "code") VALUES (313, '西双版纳傣族自治州', 25, NULL);
INSERT INTO "public"."tb_area"("id", "name", "parent", "code") VALUES (314, '大理白族自治州', 25, NULL);
INSERT INTO "public"."tb_area"("id", "name", "parent", "code") VALUES (315, '德宏傣族景颇族自治州', 25, NULL);
INSERT INTO "public"."tb_area"("id", "name", "parent", "code") VALUES (316, '怒江傈僳族自治州', 25, NULL);
INSERT INTO "public"."tb_area"("id", "name", "parent", "code") VALUES (317, '迪庆藏族自治州', 25, NULL);
INSERT INTO "public"."tb_area"("id", "name", "parent", "code") VALUES (318, '拉萨市', 26, NULL);
INSERT INTO "public"."tb_area"("id", "name", "parent", "code") VALUES (319, '昌都市', 26, NULL);
INSERT INTO "public"."tb_area"("id", "name", "parent", "code") VALUES (320, '山南市', 26, NULL);
INSERT INTO "public"."tb_area"("id", "name", "parent", "code") VALUES (321, '日喀则市', 26, NULL);
INSERT INTO "public"."tb_area"("id", "name", "parent", "code") VALUES (322, '那曲市', 26, NULL);
INSERT INTO "public"."tb_area"("id", "name", "parent", "code") VALUES (323, '阿里', 26, NULL);
INSERT INTO "public"."tb_area"("id", "name", "parent", "code") VALUES (324, '林芝', 26, NULL);
INSERT INTO "public"."tb_area"("id", "name", "parent", "code") VALUES (325, '西安市', 27, NULL);
INSERT INTO "public"."tb_area"("id", "name", "parent", "code") VALUES (326, '铜川市', 27, NULL);
INSERT INTO "public"."tb_area"("id", "name", "parent", "code") VALUES (327, '宝鸡市', 27, NULL);
INSERT INTO "public"."tb_area"("id", "name", "parent", "code") VALUES (328, '咸阳市', 27, NULL);
INSERT INTO "public"."tb_area"("id", "name", "parent", "code") VALUES (329, '渭南市', 27, NULL);
INSERT INTO "public"."tb_area"("id", "name", "parent", "code") VALUES (330, '延安市', 27, NULL);
INSERT INTO "public"."tb_area"("id", "name", "parent", "code") VALUES (331, '汉中市', 27, NULL);
INSERT INTO "public"."tb_area"("id", "name", "parent", "code") VALUES (332, '榆林市', 27, NULL);
INSERT INTO "public"."tb_area"("id", "name", "parent", "code") VALUES (333, '安康市', 27, NULL);
INSERT INTO "public"."tb_area"("id", "name", "parent", "code") VALUES (334, '商洛市', 27, NULL);
INSERT INTO "public"."tb_area"("id", "name", "parent", "code") VALUES (335, '兰州市', 28, NULL);
INSERT INTO "public"."tb_area"("id", "name", "parent", "code") VALUES (336, '嘉峪关市', 28, NULL);
INSERT INTO "public"."tb_area"("id", "name", "parent", "code") VALUES (337, '金昌市', 28, NULL);
INSERT INTO "public"."tb_area"("id", "name", "parent", "code") VALUES (338, '白银市', 28, NULL);
INSERT INTO "public"."tb_area"("id", "name", "parent", "code") VALUES (339, '天水市', 28, NULL);
INSERT INTO "public"."tb_area"("id", "name", "parent", "code") VALUES (340, '武威市', 28, NULL);
INSERT INTO "public"."tb_area"("id", "name", "parent", "code") VALUES (341, '张掖市', 28, NULL);
INSERT INTO "public"."tb_area"("id", "name", "parent", "code") VALUES (342, '平凉市', 28, NULL);
INSERT INTO "public"."tb_area"("id", "name", "parent", "code") VALUES (343, '酒泉市', 28, NULL);
INSERT INTO "public"."tb_area"("id", "name", "parent", "code") VALUES (344, '庆阳市', 28, NULL);
INSERT INTO "public"."tb_area"("id", "name", "parent", "code") VALUES (345, '定西市', 28, NULL);
INSERT INTO "public"."tb_area"("id", "name", "parent", "code") VALUES (346, '陇南市', 28, NULL);
INSERT INTO "public"."tb_area"("id", "name", "parent", "code") VALUES (347, '临夏州', 28, NULL);
INSERT INTO "public"."tb_area"("id", "name", "parent", "code") VALUES (348, '甘南州', 28, NULL);
INSERT INTO "public"."tb_area"("id", "name", "parent", "code") VALUES (349, '西宁市', 29, NULL);
INSERT INTO "public"."tb_area"("id", "name", "parent", "code") VALUES (350, '海东市', 29, NULL);
INSERT INTO "public"."tb_area"("id", "name", "parent", "code") VALUES (351, '海北藏族自治州', 29, NULL);
INSERT INTO "public"."tb_area"("id", "name", "parent", "code") VALUES (352, '黄南藏族自治州', 29, NULL);
INSERT INTO "public"."tb_area"("id", "name", "parent", "code") VALUES (353, '海南藏族自治州', 29, NULL);
INSERT INTO "public"."tb_area"("id", "name", "parent", "code") VALUES (354, '果洛藏族自治州', 29, NULL);
INSERT INTO "public"."tb_area"("id", "name", "parent", "code") VALUES (355, '玉树藏族自治州', 29, NULL);
INSERT INTO "public"."tb_area"("id", "name", "parent", "code") VALUES (356, '海西蒙古族藏族自治州', 29, NULL);
INSERT INTO "public"."tb_area"("id", "name", "parent", "code") VALUES (357, '银川市', 30, NULL);
INSERT INTO "public"."tb_area"("id", "name", "parent", "code") VALUES (358, '石嘴山市', 30, NULL);
INSERT INTO "public"."tb_area"("id", "name", "parent", "code") VALUES (359, '吴忠市', 30, NULL);
INSERT INTO "public"."tb_area"("id", "name", "parent", "code") VALUES (360, '固原市', 30, NULL);
INSERT INTO "public"."tb_area"("id", "name", "parent", "code") VALUES (361, '中卫市', 30, NULL);
INSERT INTO "public"."tb_area"("id", "name", "parent", "code") VALUES (362, '乌鲁木齐市', 31, NULL);
INSERT INTO "public"."tb_area"("id", "name", "parent", "code") VALUES (363, '克拉玛依市', 31, NULL);
INSERT INTO "public"."tb_area"("id", "name", "parent", "code") VALUES (364, '吐鲁番市', 31, NULL);
INSERT INTO "public"."tb_area"("id", "name", "parent", "code") VALUES (365, '哈密市', 31, NULL);
INSERT INTO "public"."tb_area"("id", "name", "parent", "code") VALUES (366, '昌吉回族自治州', 31, NULL);
INSERT INTO "public"."tb_area"("id", "name", "parent", "code") VALUES (367, '博尔塔拉蒙古自治州', 31, NULL);
INSERT INTO "public"."tb_area"("id", "name", "parent", "code") VALUES (368, '巴音郭楞蒙古自治州', 31, NULL);
INSERT INTO "public"."tb_area"("id", "name", "parent", "code") VALUES (369, '阿克苏地区', 31, NULL);
INSERT INTO "public"."tb_area"("id", "name", "parent", "code") VALUES (370, '克孜勒苏柯尔克孜自治州', 31, NULL);
INSERT INTO "public"."tb_area"("id", "name", "parent", "code") VALUES (371, '喀什地区', 31, NULL);
INSERT INTO "public"."tb_area"("id", "name", "parent", "code") VALUES (372, '和田地区', 31, NULL);
INSERT INTO "public"."tb_area"("id", "name", "parent", "code") VALUES (373, '伊犁哈萨克自治州', 31, NULL);
INSERT INTO "public"."tb_area"("id", "name", "parent", "code") VALUES (374, '塔城地区', 31, NULL);
INSERT INTO "public"."tb_area"("id", "name", "parent", "code") VALUES (375, '阿勒泰地区', 31, NULL);
INSERT INTO "public"."tb_area"("id", "name", "parent", "code") VALUES (376, '省直辖行政单位', 31, NULL);
INSERT INTO "public"."tb_area"("id", "name", "parent", "code") VALUES (377, '天津市', 2, NULL);
INSERT INTO "public"."tb_area"("id", "name", "parent", "code") VALUES (378, '东城区', 35, NULL);
INSERT INTO "public"."tb_area"("id", "name", "parent", "code") VALUES (379, '西城区', 35, NULL);
INSERT INTO "public"."tb_area"("id", "name", "parent", "code") VALUES (382, '朝阳区', 35, NULL);
INSERT INTO "public"."tb_area"("id", "name", "parent", "code") VALUES (383, '丰台区', 35, NULL);
INSERT INTO "public"."tb_area"("id", "name", "parent", "code") VALUES (384, '石景山区', 35, NULL);
INSERT INTO "public"."tb_area"("id", "name", "parent", "code") VALUES (385, '海淀区', 35, NULL);
INSERT INTO "public"."tb_area"("id", "name", "parent", "code") VALUES (386, '门头沟区', 35, NULL);
INSERT INTO "public"."tb_area"("id", "name", "parent", "code") VALUES (387, '房山区', 35, NULL);
INSERT INTO "public"."tb_area"("id", "name", "parent", "code") VALUES (388, '通州区', 35, NULL);
INSERT INTO "public"."tb_area"("id", "name", "parent", "code") VALUES (389, '顺义区', 35, NULL);
INSERT INTO "public"."tb_area"("id", "name", "parent", "code") VALUES (390, '昌平区', 35, NULL);
INSERT INTO "public"."tb_area"("id", "name", "parent", "code") VALUES (391, '大兴区', 35, NULL);
INSERT INTO "public"."tb_area"("id", "name", "parent", "code") VALUES (392, '怀柔区', 35, NULL);
INSERT INTO "public"."tb_area"("id", "name", "parent", "code") VALUES (393, '平谷区', 35, NULL);
INSERT INTO "public"."tb_area"("id", "name", "parent", "code") VALUES (394, '密云县', 35, NULL);
INSERT INTO "public"."tb_area"("id", "name", "parent", "code") VALUES (395, '延庆县', 35, NULL);
INSERT INTO "public"."tb_area"("id", "name", "parent", "code") VALUES (396, '和平区', 377, NULL);
INSERT INTO "public"."tb_area"("id", "name", "parent", "code") VALUES (397, '河东区', 377, NULL);
INSERT INTO "public"."tb_area"("id", "name", "parent", "code") VALUES (398, '河西区', 377, NULL);
INSERT INTO "public"."tb_area"("id", "name", "parent", "code") VALUES (399, '南开区', 377, NULL);
INSERT INTO "public"."tb_area"("id", "name", "parent", "code") VALUES (400, '河北区', 377, NULL);
INSERT INTO "public"."tb_area"("id", "name", "parent", "code") VALUES (401, '红桥区', 377, NULL);
INSERT INTO "public"."tb_area"("id", "name", "parent", "code") VALUES (405, '东丽区', 377, NULL);
INSERT INTO "public"."tb_area"("id", "name", "parent", "code") VALUES (406, '西青区', 377, NULL);
INSERT INTO "public"."tb_area"("id", "name", "parent", "code") VALUES (407, '津南区', 377, NULL);
INSERT INTO "public"."tb_area"("id", "name", "parent", "code") VALUES (408, '北辰区', 377, NULL);
INSERT INTO "public"."tb_area"("id", "name", "parent", "code") VALUES (409, '武清区', 377, NULL);
INSERT INTO "public"."tb_area"("id", "name", "parent", "code") VALUES (410, '宝坻区', 377, NULL);
INSERT INTO "public"."tb_area"("id", "name", "parent", "code") VALUES (411, '宁河区', 377, NULL);
INSERT INTO "public"."tb_area"("id", "name", "parent", "code") VALUES (412, '静海区', 377, NULL);
INSERT INTO "public"."tb_area"("id", "name", "parent", "code") VALUES (413, '蓟州区', 377, NULL);
INSERT INTO "public"."tb_area"("id", "name", "parent", "code") VALUES (415, '长安区', 36, NULL);
INSERT INTO "public"."tb_area"("id", "name", "parent", "code") VALUES (417, '桥西区', 36, NULL);
INSERT INTO "public"."tb_area"("id", "name", "parent", "code") VALUES (418, '新华区', 36, NULL);
INSERT INTO "public"."tb_area"("id", "name", "parent", "code") VALUES (419, '井陉矿区', 36, NULL);
INSERT INTO "public"."tb_area"("id", "name", "parent", "code") VALUES (420, '裕华区', 36, NULL);
INSERT INTO "public"."tb_area"("id", "name", "parent", "code") VALUES (421, '井陉县', 36, NULL);
INSERT INTO "public"."tb_area"("id", "name", "parent", "code") VALUES (422, '正定县', 36, NULL);
INSERT INTO "public"."tb_area"("id", "name", "parent", "code") VALUES (423, '栾城区', 36, NULL);
INSERT INTO "public"."tb_area"("id", "name", "parent", "code") VALUES (424, '行唐县', 36, NULL);
INSERT INTO "public"."tb_area"("id", "name", "parent", "code") VALUES (425, '灵寿县', 36, NULL);
INSERT INTO "public"."tb_area"("id", "name", "parent", "code") VALUES (426, '高邑县', 36, NULL);
INSERT INTO "public"."tb_area"("id", "name", "parent", "code") VALUES (427, '深泽县', 36, NULL);
INSERT INTO "public"."tb_area"("id", "name", "parent", "code") VALUES (428, '赞皇县', 36, NULL);
INSERT INTO "public"."tb_area"("id", "name", "parent", "code") VALUES (429, '无极县', 36, NULL);
INSERT INTO "public"."tb_area"("id", "name", "parent", "code") VALUES (430, '平山县', 36, NULL);
INSERT INTO "public"."tb_area"("id", "name", "parent", "code") VALUES (431, '元氏县', 36, NULL);
INSERT INTO "public"."tb_area"("id", "name", "parent", "code") VALUES (432, '赵　县', 36, NULL);
INSERT INTO "public"."tb_area"("id", "name", "parent", "code") VALUES (433, '辛集市', 36, NULL);
INSERT INTO "public"."tb_area"("id", "name", "parent", "code") VALUES (434, '藁城区', 36, NULL);
INSERT INTO "public"."tb_area"("id", "name", "parent", "code") VALUES (435, '晋州市', 36, NULL);
INSERT INTO "public"."tb_area"("id", "name", "parent", "code") VALUES (436, '新乐市', 36, NULL);
INSERT INTO "public"."tb_area"("id", "name", "parent", "code") VALUES (437, '鹿泉区', 36, NULL);
INSERT INTO "public"."tb_area"("id", "name", "parent", "code") VALUES (439, '路南区', 37, NULL);
INSERT INTO "public"."tb_area"("id", "name", "parent", "code") VALUES (440, '路北区', 37, NULL);
INSERT INTO "public"."tb_area"("id", "name", "parent", "code") VALUES (441, '古冶区', 37, NULL);
INSERT INTO "public"."tb_area"("id", "name", "parent", "code") VALUES (442, '开平区', 37, NULL);
INSERT INTO "public"."tb_area"("id", "name", "parent", "code") VALUES (443, '丰南区', 37, NULL);
INSERT INTO "public"."tb_area"("id", "name", "parent", "code") VALUES (444, '丰润区', 37, NULL);
INSERT INTO "public"."tb_area"("id", "name", "parent", "code") VALUES (445, '滦　县', 37, NULL);
INSERT INTO "public"."tb_area"("id", "name", "parent", "code") VALUES (446, '滦南县', 37, NULL);
INSERT INTO "public"."tb_area"("id", "name", "parent", "code") VALUES (447, '乐亭县', 37, NULL);
INSERT INTO "public"."tb_area"("id", "name", "parent", "code") VALUES (448, '迁西县', 37, NULL);
INSERT INTO "public"."tb_area"("id", "name", "parent", "code") VALUES (449, '玉田县', 37, NULL);
INSERT INTO "public"."tb_area"("id", "name", "parent", "code") VALUES (451, '遵化市', 37, NULL);
INSERT INTO "public"."tb_area"("id", "name", "parent", "code") VALUES (452, '迁安市', 37, NULL);
INSERT INTO "public"."tb_area"("id", "name", "parent", "code") VALUES (454, '海港区', 38, NULL);
INSERT INTO "public"."tb_area"("id", "name", "parent", "code") VALUES (455, '山海关区', 38, NULL);
INSERT INTO "public"."tb_area"("id", "name", "parent", "code") VALUES (456, '北戴河区', 38, NULL);
INSERT INTO "public"."tb_area"("id", "name", "parent", "code") VALUES (457, '青龙满族自治县', 38, NULL);
INSERT INTO "public"."tb_area"("id", "name", "parent", "code") VALUES (458, '昌黎县', 38, NULL);
INSERT INTO "public"."tb_area"("id", "name", "parent", "code") VALUES (459, '抚宁区', 38, NULL);
INSERT INTO "public"."tb_area"("id", "name", "parent", "code") VALUES (460, '卢龙县', 38, NULL);
INSERT INTO "public"."tb_area"("id", "name", "parent", "code") VALUES (462, '邯山区', 39, NULL);
INSERT INTO "public"."tb_area"("id", "name", "parent", "code") VALUES (463, '丛台区', 39, NULL);
INSERT INTO "public"."tb_area"("id", "name", "parent", "code") VALUES (464, '复兴区', 39, NULL);
INSERT INTO "public"."tb_area"("id", "name", "parent", "code") VALUES (465, '峰峰矿区', 39, NULL);
INSERT INTO "public"."tb_area"("id", "name", "parent", "code") VALUES (467, '临漳县', 39, NULL);
INSERT INTO "public"."tb_area"("id", "name", "parent", "code") VALUES (468, '成安县', 39, NULL);
INSERT INTO "public"."tb_area"("id", "name", "parent", "code") VALUES (469, '大名县', 39, NULL);
INSERT INTO "public"."tb_area"("id", "name", "parent", "code") VALUES (470, '涉　县', 39, NULL);
INSERT INTO "public"."tb_area"("id", "name", "parent", "code") VALUES (471, '磁　县', 39, NULL);
INSERT INTO "public"."tb_area"("id", "name", "parent", "code") VALUES (474, '邱　县', 39, NULL);
INSERT INTO "public"."tb_area"("id", "name", "parent", "code") VALUES (475, '鸡泽县', 39, NULL);
INSERT INTO "public"."tb_area"("id", "name", "parent", "code") VALUES (476, '广平县', 39, NULL);
INSERT INTO "public"."tb_area"("id", "name", "parent", "code") VALUES (477, '馆陶县', 39, NULL);
INSERT INTO "public"."tb_area"("id", "name", "parent", "code") VALUES (478, '魏　县', 39, NULL);
INSERT INTO "public"."tb_area"("id", "name", "parent", "code") VALUES (479, '曲周县', 39, NULL);
INSERT INTO "public"."tb_area"("id", "name", "parent", "code") VALUES (480, '武安市', 39, NULL);
INSERT INTO "public"."tb_area"("id", "name", "parent", "code") VALUES (482, '桥东区', 40, NULL);
INSERT INTO "public"."tb_area"("id", "name", "parent", "code") VALUES (483, '桥西区', 40, NULL);
INSERT INTO "public"."tb_area"("id", "name", "parent", "code") VALUES (484, '邢台县', 40, NULL);
INSERT INTO "public"."tb_area"("id", "name", "parent", "code") VALUES (485, '临城县', 40, NULL);
INSERT INTO "public"."tb_area"("id", "name", "parent", "code") VALUES (486, '内丘县', 40, NULL);
INSERT INTO "public"."tb_area"("id", "name", "parent", "code") VALUES (487, '柏乡县', 40, NULL);
INSERT INTO "public"."tb_area"("id", "name", "parent", "code") VALUES (488, '隆尧县', 40, NULL);
INSERT INTO "public"."tb_area"("id", "name", "parent", "code") VALUES (489, '任　县', 40, NULL);
INSERT INTO "public"."tb_area"("id", "name", "parent", "code") VALUES (490, '南和县', 40, NULL);
INSERT INTO "public"."tb_area"("id", "name", "parent", "code") VALUES (491, '宁晋县', 40, NULL);
INSERT INTO "public"."tb_area"("id", "name", "parent", "code") VALUES (492, '巨鹿县', 40, NULL);
INSERT INTO "public"."tb_area"("id", "name", "parent", "code") VALUES (493, '新河县', 40, NULL);
INSERT INTO "public"."tb_area"("id", "name", "parent", "code") VALUES (494, '广宗县', 40, NULL);
INSERT INTO "public"."tb_area"("id", "name", "parent", "code") VALUES (495, '平乡县', 40, NULL);
INSERT INTO "public"."tb_area"("id", "name", "parent", "code") VALUES (496, '威　县', 40, NULL);
INSERT INTO "public"."tb_area"("id", "name", "parent", "code") VALUES (497, '清河县', 40, NULL);
INSERT INTO "public"."tb_area"("id", "name", "parent", "code") VALUES (498, '临西县', 40, NULL);
INSERT INTO "public"."tb_area"("id", "name", "parent", "code") VALUES (499, '南宫市', 40, NULL);
INSERT INTO "public"."tb_area"("id", "name", "parent", "code") VALUES (500, '沙河市', 40, NULL);
INSERT INTO "public"."tb_area"("id", "name", "parent", "code") VALUES (505, '满城区', 41, NULL);
INSERT INTO "public"."tb_area"("id", "name", "parent", "code") VALUES (506, '清苑区', 41, NULL);
INSERT INTO "public"."tb_area"("id", "name", "parent", "code") VALUES (507, '涞水县', 41, NULL);
INSERT INTO "public"."tb_area"("id", "name", "parent", "code") VALUES (508, '阜平县', 41, NULL);
INSERT INTO "public"."tb_area"("id", "name", "parent", "code") VALUES (509, '徐水县', 41, NULL);
INSERT INTO "public"."tb_area"("id", "name", "parent", "code") VALUES (510, '定兴县', 41, NULL);
INSERT INTO "public"."tb_area"("id", "name", "parent", "code") VALUES (511, '唐　县', 41, NULL);
INSERT INTO "public"."tb_area"("id", "name", "parent", "code") VALUES (514, '涞源县', 41, NULL);
INSERT INTO "public"."tb_area"("id", "name", "parent", "code") VALUES (515, '望都县', 41, NULL);
INSERT INTO "public"."tb_area"("id", "name", "parent", "code") VALUES (516, '安新县', 41, NULL);
INSERT INTO "public"."tb_area"("id", "name", "parent", "code") VALUES (517, '易　县', 41, NULL);
INSERT INTO "public"."tb_area"("id", "name", "parent", "code") VALUES (518, '曲阳县', 41, NULL);
INSERT INTO "public"."tb_area"("id", "name", "parent", "code") VALUES (519, '蠡　县', 41, NULL);
INSERT INTO "public"."tb_area"("id", "name", "parent", "code") VALUES (520, '顺平县', 41, NULL);
INSERT INTO "public"."tb_area"("id", "name", "parent", "code") VALUES (521, '博野县', 41, NULL);
INSERT INTO "public"."tb_area"("id", "name", "parent", "code") VALUES (523, '涿州市', 41, NULL);
INSERT INTO "public"."tb_area"("id", "name", "parent", "code") VALUES (524, '定州市', 41, NULL);
INSERT INTO "public"."tb_area"("id", "name", "parent", "code") VALUES (525, '安国市', 41, NULL);
INSERT INTO "public"."tb_area"("id", "name", "parent", "code") VALUES (526, '高碑店市', 41, NULL);
INSERT INTO "public"."tb_area"("id", "name", "parent", "code") VALUES (528, '桥东区', 42, NULL);
INSERT INTO "public"."tb_area"("id", "name", "parent", "code") VALUES (529, '桥西区', 42, NULL);
INSERT INTO "public"."tb_area"("id", "name", "parent", "code") VALUES (530, '宣化区', 42, NULL);
INSERT INTO "public"."tb_area"("id", "name", "parent", "code") VALUES (531, '下花园区', 42, NULL);
INSERT INTO "public"."tb_area"("id", "name", "parent", "code") VALUES (533, '张北县', 42, NULL);
INSERT INTO "public"."tb_area"("id", "name", "parent", "code") VALUES (534, '康保县', 42, NULL);
INSERT INTO "public"."tb_area"("id", "name", "parent", "code") VALUES (535, '沽源县', 42, NULL);
INSERT INTO "public"."tb_area"("id", "name", "parent", "code") VALUES (536, '尚义县', 42, NULL);
INSERT INTO "public"."tb_area"("id", "name", "parent", "code") VALUES (537, '蔚　县', 42, NULL);
INSERT INTO "public"."tb_area"("id", "name", "parent", "code") VALUES (538, '阳原县', 42, NULL);
INSERT INTO "public"."tb_area"("id", "name", "parent", "code") VALUES (539, '怀安县', 42, NULL);
INSERT INTO "public"."tb_area"("id", "name", "parent", "code") VALUES (540, '万全区', 42, NULL);
INSERT INTO "public"."tb_area"("id", "name", "parent", "code") VALUES (541, '怀来县', 42, NULL);
INSERT INTO "public"."tb_area"("id", "name", "parent", "code") VALUES (542, '涿鹿县', 42, NULL);
INSERT INTO "public"."tb_area"("id", "name", "parent", "code") VALUES (543, '赤城县', 42, NULL);
INSERT INTO "public"."tb_area"("id", "name", "parent", "code") VALUES (544, '崇礼区', 42, NULL);
INSERT INTO "public"."tb_area"("id", "name", "parent", "code") VALUES (546, '双桥区', 43, NULL);
INSERT INTO "public"."tb_area"("id", "name", "parent", "code") VALUES (547, '双滦区', 43, NULL);
INSERT INTO "public"."tb_area"("id", "name", "parent", "code") VALUES (548, '鹰手营子矿区', 43, NULL);
INSERT INTO "public"."tb_area"("id", "name", "parent", "code") VALUES (549, '承德县', 43, NULL);
INSERT INTO "public"."tb_area"("id", "name", "parent", "code") VALUES (550, '兴隆县', 43, NULL);
INSERT INTO "public"."tb_area"("id", "name", "parent", "code") VALUES (551, '平泉县', 43, NULL);
INSERT INTO "public"."tb_area"("id", "name", "parent", "code") VALUES (552, '滦平县', 43, NULL);
INSERT INTO "public"."tb_area"("id", "name", "parent", "code") VALUES (553, '隆化县', 43, NULL);
INSERT INTO "public"."tb_area"("id", "name", "parent", "code") VALUES (554, '丰宁满族自治县', 43, NULL);
INSERT INTO "public"."tb_area"("id", "name", "parent", "code") VALUES (555, '宽城满族自治县', 43, NULL);
INSERT INTO "public"."tb_area"("id", "name", "parent", "code") VALUES (556, '围场满族蒙古族自治县', 43, NULL);
INSERT INTO "public"."tb_area"("id", "name", "parent", "code") VALUES (558, '新华区', 44, NULL);
INSERT INTO "public"."tb_area"("id", "name", "parent", "code") VALUES (559, '运河区', 44, NULL);
INSERT INTO "public"."tb_area"("id", "name", "parent", "code") VALUES (560, '沧　县', 44, NULL);
INSERT INTO "public"."tb_area"("id", "name", "parent", "code") VALUES (561, '青　县', 44, NULL);
INSERT INTO "public"."tb_area"("id", "name", "parent", "code") VALUES (562, '东光县', 44, NULL);
INSERT INTO "public"."tb_area"("id", "name", "parent", "code") VALUES (563, '海兴县', 44, NULL);
INSERT INTO "public"."tb_area"("id", "name", "parent", "code") VALUES (564, '盐山县', 44, NULL);
INSERT INTO "public"."tb_area"("id", "name", "parent", "code") VALUES (565, '肃宁县', 44, NULL);
INSERT INTO "public"."tb_area"("id", "name", "parent", "code") VALUES (566, '南皮县', 44, NULL);
INSERT INTO "public"."tb_area"("id", "name", "parent", "code") VALUES (567, '吴桥县', 44, NULL);
INSERT INTO "public"."tb_area"("id", "name", "parent", "code") VALUES (568, '献　县', 44, NULL);
INSERT INTO "public"."tb_area"("id", "name", "parent", "code") VALUES (569, '孟村回族自治县', 44, NULL);
INSERT INTO "public"."tb_area"("id", "name", "parent", "code") VALUES (570, '泊头市', 44, NULL);
INSERT INTO "public"."tb_area"("id", "name", "parent", "code") VALUES (571, '任丘市', 44, NULL);
INSERT INTO "public"."tb_area"("id", "name", "parent", "code") VALUES (572, '黄骅市', 44, NULL);
INSERT INTO "public"."tb_area"("id", "name", "parent", "code") VALUES (573, '河间市', 44, NULL);
INSERT INTO "public"."tb_area"("id", "name", "parent", "code") VALUES (575, '安次区', 45, NULL);
INSERT INTO "public"."tb_area"("id", "name", "parent", "code") VALUES (576, '广阳区', 45, NULL);
INSERT INTO "public"."tb_area"("id", "name", "parent", "code") VALUES (577, '固安县', 45, NULL);
INSERT INTO "public"."tb_area"("id", "name", "parent", "code") VALUES (578, '永清县', 45, NULL);
INSERT INTO "public"."tb_area"("id", "name", "parent", "code") VALUES (579, '香河县', 45, NULL);
INSERT INTO "public"."tb_area"("id", "name", "parent", "code") VALUES (580, '大城县', 45, NULL);
INSERT INTO "public"."tb_area"("id", "name", "parent", "code") VALUES (581, '文安县', 45, NULL);
INSERT INTO "public"."tb_area"("id", "name", "parent", "code") VALUES (582, '大厂回族自治县', 45, NULL);
INSERT INTO "public"."tb_area"("id", "name", "parent", "code") VALUES (583, '霸州市', 45, NULL);
INSERT INTO "public"."tb_area"("id", "name", "parent", "code") VALUES (584, '三河市', 45, NULL);
INSERT INTO "public"."tb_area"("id", "name", "parent", "code") VALUES (586, '桃城区', 46, NULL);
INSERT INTO "public"."tb_area"("id", "name", "parent", "code") VALUES (587, '枣强县', 46, NULL);
INSERT INTO "public"."tb_area"("id", "name", "parent", "code") VALUES (588, '武邑县', 46, NULL);
INSERT INTO "public"."tb_area"("id", "name", "parent", "code") VALUES (589, '武强县', 46, NULL);
INSERT INTO "public"."tb_area"("id", "name", "parent", "code") VALUES (590, '饶阳县', 46, NULL);
INSERT INTO "public"."tb_area"("id", "name", "parent", "code") VALUES (591, '安平县', 46, NULL);
INSERT INTO "public"."tb_area"("id", "name", "parent", "code") VALUES (592, '故城县', 46, NULL);
INSERT INTO "public"."tb_area"("id", "name", "parent", "code") VALUES (593, '景　县', 46, NULL);
INSERT INTO "public"."tb_area"("id", "name", "parent", "code") VALUES (594, '阜城县', 46, NULL);
INSERT INTO "public"."tb_area"("id", "name", "parent", "code") VALUES (595, '冀州市', 46, NULL);
INSERT INTO "public"."tb_area"("id", "name", "parent", "code") VALUES (596, '深州市', 46, NULL);
INSERT INTO "public"."tb_area"("id", "name", "parent", "code") VALUES (598, '小店区', 47, NULL);
INSERT INTO "public"."tb_area"("id", "name", "parent", "code") VALUES (599, '迎泽区', 47, NULL);
INSERT INTO "public"."tb_area"("id", "name", "parent", "code") VALUES (600, '杏花岭区', 47, NULL);
INSERT INTO "public"."tb_area"("id", "name", "parent", "code") VALUES (601, '尖草坪区', 47, NULL);
INSERT INTO "public"."tb_area"("id", "name", "parent", "code") VALUES (602, '万柏林区', 47, NULL);
INSERT INTO "public"."tb_area"("id", "name", "parent", "code") VALUES (603, '晋源区', 47, NULL);
INSERT INTO "public"."tb_area"("id", "name", "parent", "code") VALUES (604, '清徐县', 47, NULL);
INSERT INTO "public"."tb_area"("id", "name", "parent", "code") VALUES (605, '阳曲县', 47, NULL);
INSERT INTO "public"."tb_area"("id", "name", "parent", "code") VALUES (606, '娄烦县', 47, NULL);
INSERT INTO "public"."tb_area"("id", "name", "parent", "code") VALUES (607, '古交市', 47, NULL);
INSERT INTO "public"."tb_area"("id", "name", "parent", "code") VALUES (609, '平城区', 48, NULL);
INSERT INTO "public"."tb_area"("id", "name", "parent", "code") VALUES (610, '云冈区', 48, NULL);
INSERT INTO "public"."tb_area"("id", "name", "parent", "code") VALUES (612, '新荣区', 48, NULL);
INSERT INTO "public"."tb_area"("id", "name", "parent", "code") VALUES (613, '阳高县', 48, NULL);
INSERT INTO "public"."tb_area"("id", "name", "parent", "code") VALUES (614, '天镇县', 48, NULL);
INSERT INTO "public"."tb_area"("id", "name", "parent", "code") VALUES (615, '广灵县', 48, NULL);
INSERT INTO "public"."tb_area"("id", "name", "parent", "code") VALUES (616, '灵丘县', 48, NULL);
INSERT INTO "public"."tb_area"("id", "name", "parent", "code") VALUES (617, '浑源县', 48, NULL);
INSERT INTO "public"."tb_area"("id", "name", "parent", "code") VALUES (618, '左云县', 48, NULL);
INSERT INTO "public"."tb_area"("id", "name", "parent", "code") VALUES (621, '城　区', 49, NULL);
INSERT INTO "public"."tb_area"("id", "name", "parent", "code") VALUES (622, '矿　区', 49, NULL);
INSERT INTO "public"."tb_area"("id", "name", "parent", "code") VALUES (623, '郊　区', 49, NULL);
INSERT INTO "public"."tb_area"("id", "name", "parent", "code") VALUES (624, '平定县', 49, NULL);
INSERT INTO "public"."tb_area"("id", "name", "parent", "code") VALUES (625, '盂　县', 49, NULL);
INSERT INTO "public"."tb_area"("id", "name", "parent", "code") VALUES (627, '城　区', 50, NULL);
INSERT INTO "public"."tb_area"("id", "name", "parent", "code") VALUES (628, '郊　区', 50, NULL);
INSERT INTO "public"."tb_area"("id", "name", "parent", "code") VALUES (629, '长治县', 50, NULL);
INSERT INTO "public"."tb_area"("id", "name", "parent", "code") VALUES (630, '襄垣县', 50, NULL);
INSERT INTO "public"."tb_area"("id", "name", "parent", "code") VALUES (631, '屯留县', 50, NULL);
INSERT INTO "public"."tb_area"("id", "name", "parent", "code") VALUES (632, '平顺县', 50, NULL);
INSERT INTO "public"."tb_area"("id", "name", "parent", "code") VALUES (633, '黎城县', 50, NULL);
INSERT INTO "public"."tb_area"("id", "name", "parent", "code") VALUES (634, '壶关县', 50, NULL);
INSERT INTO "public"."tb_area"("id", "name", "parent", "code") VALUES (635, '长子县', 50, NULL);
INSERT INTO "public"."tb_area"("id", "name", "parent", "code") VALUES (636, '武乡县', 50, NULL);
INSERT INTO "public"."tb_area"("id", "name", "parent", "code") VALUES (637, '沁　县', 50, NULL);
INSERT INTO "public"."tb_area"("id", "name", "parent", "code") VALUES (638, '沁源县', 50, NULL);
INSERT INTO "public"."tb_area"("id", "name", "parent", "code") VALUES (639, '潞城市', 50, NULL);
INSERT INTO "public"."tb_area"("id", "name", "parent", "code") VALUES (641, '城　区', 51, NULL);
INSERT INTO "public"."tb_area"("id", "name", "parent", "code") VALUES (642, '沁水县', 51, NULL);
INSERT INTO "public"."tb_area"("id", "name", "parent", "code") VALUES (643, '阳城县', 51, NULL);
INSERT INTO "public"."tb_area"("id", "name", "parent", "code") VALUES (644, '陵川县', 51, NULL);
INSERT INTO "public"."tb_area"("id", "name", "parent", "code") VALUES (645, '泽州县', 51, NULL);
INSERT INTO "public"."tb_area"("id", "name", "parent", "code") VALUES (646, '高平市', 51, NULL);
INSERT INTO "public"."tb_area"("id", "name", "parent", "code") VALUES (648, '朔城区', 52, NULL);
INSERT INTO "public"."tb_area"("id", "name", "parent", "code") VALUES (649, '平鲁区', 52, NULL);
INSERT INTO "public"."tb_area"("id", "name", "parent", "code") VALUES (650, '山阴县', 52, NULL);
INSERT INTO "public"."tb_area"("id", "name", "parent", "code") VALUES (651, '应　县', 52, NULL);
INSERT INTO "public"."tb_area"("id", "name", "parent", "code") VALUES (652, '右玉县', 52, NULL);
INSERT INTO "public"."tb_area"("id", "name", "parent", "code") VALUES (653, '怀仁县', 52, NULL);
INSERT INTO "public"."tb_area"("id", "name", "parent", "code") VALUES (655, '榆次区', 53, NULL);
INSERT INTO "public"."tb_area"("id", "name", "parent", "code") VALUES (656, '榆社县', 53, NULL);
INSERT INTO "public"."tb_area"("id", "name", "parent", "code") VALUES (657, '左权县', 53, NULL);
INSERT INTO "public"."tb_area"("id", "name", "parent", "code") VALUES (658, '和顺县', 53, NULL);
INSERT INTO "public"."tb_area"("id", "name", "parent", "code") VALUES (659, '昔阳县', 53, NULL);
INSERT INTO "public"."tb_area"("id", "name", "parent", "code") VALUES (660, '寿阳县', 53, NULL);
INSERT INTO "public"."tb_area"("id", "name", "parent", "code") VALUES (661, '太谷县', 53, NULL);
INSERT INTO "public"."tb_area"("id", "name", "parent", "code") VALUES (662, '祁　县', 53, NULL);
INSERT INTO "public"."tb_area"("id", "name", "parent", "code") VALUES (663, '平遥县', 53, NULL);
INSERT INTO "public"."tb_area"("id", "name", "parent", "code") VALUES (664, '灵石县', 53, NULL);
INSERT INTO "public"."tb_area"("id", "name", "parent", "code") VALUES (665, '介休市', 53, NULL);
INSERT INTO "public"."tb_area"("id", "name", "parent", "code") VALUES (667, '盐湖区', 54, NULL);
INSERT INTO "public"."tb_area"("id", "name", "parent", "code") VALUES (668, '临猗县', 54, NULL);
INSERT INTO "public"."tb_area"("id", "name", "parent", "code") VALUES (669, '万荣县', 54, NULL);
INSERT INTO "public"."tb_area"("id", "name", "parent", "code") VALUES (670, '闻喜县', 54, NULL);
INSERT INTO "public"."tb_area"("id", "name", "parent", "code") VALUES (671, '稷山县', 54, NULL);
INSERT INTO "public"."tb_area"("id", "name", "parent", "code") VALUES (672, '新绛县', 54, NULL);
INSERT INTO "public"."tb_area"("id", "name", "parent", "code") VALUES (673, '绛　县', 54, NULL);
INSERT INTO "public"."tb_area"("id", "name", "parent", "code") VALUES (674, '垣曲县', 54, NULL);
INSERT INTO "public"."tb_area"("id", "name", "parent", "code") VALUES (675, '夏　县', 54, NULL);
INSERT INTO "public"."tb_area"("id", "name", "parent", "code") VALUES (676, '平陆县', 54, NULL);
INSERT INTO "public"."tb_area"("id", "name", "parent", "code") VALUES (677, '芮城县', 54, NULL);
INSERT INTO "public"."tb_area"("id", "name", "parent", "code") VALUES (678, '永济市', 54, NULL);
INSERT INTO "public"."tb_area"("id", "name", "parent", "code") VALUES (679, '河津市', 54, NULL);
INSERT INTO "public"."tb_area"("id", "name", "parent", "code") VALUES (681, '忻府区', 55, NULL);
INSERT INTO "public"."tb_area"("id", "name", "parent", "code") VALUES (682, '定襄县', 55, NULL);
INSERT INTO "public"."tb_area"("id", "name", "parent", "code") VALUES (683, '五台县', 55, NULL);
INSERT INTO "public"."tb_area"("id", "name", "parent", "code") VALUES (684, '代　县', 55, NULL);
INSERT INTO "public"."tb_area"("id", "name", "parent", "code") VALUES (685, '繁峙县', 55, NULL);
INSERT INTO "public"."tb_area"("id", "name", "parent", "code") VALUES (686, '宁武县', 55, NULL);
INSERT INTO "public"."tb_area"("id", "name", "parent", "code") VALUES (687, '静乐县', 55, NULL);
INSERT INTO "public"."tb_area"("id", "name", "parent", "code") VALUES (688, '神池县', 55, NULL);
INSERT INTO "public"."tb_area"("id", "name", "parent", "code") VALUES (689, '五寨县', 55, NULL);
INSERT INTO "public"."tb_area"("id", "name", "parent", "code") VALUES (690, '岢岚县', 55, NULL);
INSERT INTO "public"."tb_area"("id", "name", "parent", "code") VALUES (691, '河曲县', 55, NULL);
INSERT INTO "public"."tb_area"("id", "name", "parent", "code") VALUES (692, '保德县', 55, NULL);
INSERT INTO "public"."tb_area"("id", "name", "parent", "code") VALUES (693, '偏关县', 55, NULL);
INSERT INTO "public"."tb_area"("id", "name", "parent", "code") VALUES (694, '原平市', 55, NULL);
INSERT INTO "public"."tb_area"("id", "name", "parent", "code") VALUES (696, '尧都区', 56, NULL);
INSERT INTO "public"."tb_area"("id", "name", "parent", "code") VALUES (697, '曲沃县', 56, NULL);
INSERT INTO "public"."tb_area"("id", "name", "parent", "code") VALUES (698, '翼城县', 56, NULL);
INSERT INTO "public"."tb_area"("id", "name", "parent", "code") VALUES (699, '襄汾县', 56, NULL);
INSERT INTO "public"."tb_area"("id", "name", "parent", "code") VALUES (700, '洪洞县', 56, NULL);
INSERT INTO "public"."tb_area"("id", "name", "parent", "code") VALUES (701, '古　县', 56, NULL);
INSERT INTO "public"."tb_area"("id", "name", "parent", "code") VALUES (702, '安泽县', 56, NULL);
INSERT INTO "public"."tb_area"("id", "name", "parent", "code") VALUES (703, '浮山县', 56, NULL);
INSERT INTO "public"."tb_area"("id", "name", "parent", "code") VALUES (704, '吉　县', 56, NULL);
INSERT INTO "public"."tb_area"("id", "name", "parent", "code") VALUES (705, '乡宁县', 56, NULL);
INSERT INTO "public"."tb_area"("id", "name", "parent", "code") VALUES (706, '大宁县', 56, NULL);
INSERT INTO "public"."tb_area"("id", "name", "parent", "code") VALUES (707, '隰　县', 56, NULL);
INSERT INTO "public"."tb_area"("id", "name", "parent", "code") VALUES (708, '永和县', 56, NULL);
INSERT INTO "public"."tb_area"("id", "name", "parent", "code") VALUES (709, '蒲　县', 56, NULL);
INSERT INTO "public"."tb_area"("id", "name", "parent", "code") VALUES (710, '汾西县', 56, NULL);
INSERT INTO "public"."tb_area"("id", "name", "parent", "code") VALUES (711, '侯马市', 56, NULL);
INSERT INTO "public"."tb_area"("id", "name", "parent", "code") VALUES (712, '霍州市', 56, NULL);
INSERT INTO "public"."tb_area"("id", "name", "parent", "code") VALUES (714, '离石区', 57, NULL);
INSERT INTO "public"."tb_area"("id", "name", "parent", "code") VALUES (715, '文水县', 57, NULL);
INSERT INTO "public"."tb_area"("id", "name", "parent", "code") VALUES (716, '交城县', 57, NULL);
INSERT INTO "public"."tb_area"("id", "name", "parent", "code") VALUES (717, '兴　县', 57, NULL);
INSERT INTO "public"."tb_area"("id", "name", "parent", "code") VALUES (718, '临　县', 57, NULL);
INSERT INTO "public"."tb_area"("id", "name", "parent", "code") VALUES (719, '柳林县', 57, NULL);
INSERT INTO "public"."tb_area"("id", "name", "parent", "code") VALUES (720, '石楼县', 57, NULL);
INSERT INTO "public"."tb_area"("id", "name", "parent", "code") VALUES (721, '岚　县', 57, NULL);
INSERT INTO "public"."tb_area"("id", "name", "parent", "code") VALUES (722, '方山县', 57, NULL);
INSERT INTO "public"."tb_area"("id", "name", "parent", "code") VALUES (723, '中阳县', 57, NULL);
INSERT INTO "public"."tb_area"("id", "name", "parent", "code") VALUES (724, '交口县', 57, NULL);
INSERT INTO "public"."tb_area"("id", "name", "parent", "code") VALUES (725, '孝义市', 57, NULL);
INSERT INTO "public"."tb_area"("id", "name", "parent", "code") VALUES (726, '汾阳市', 57, NULL);
INSERT INTO "public"."tb_area"("id", "name", "parent", "code") VALUES (728, '新城区', 58, NULL);
INSERT INTO "public"."tb_area"("id", "name", "parent", "code") VALUES (729, '回民区', 58, NULL);
INSERT INTO "public"."tb_area"("id", "name", "parent", "code") VALUES (730, '玉泉区', 58, NULL);
INSERT INTO "public"."tb_area"("id", "name", "parent", "code") VALUES (731, '赛罕区', 58, NULL);
INSERT INTO "public"."tb_area"("id", "name", "parent", "code") VALUES (732, '土默特左旗', 58, NULL);
INSERT INTO "public"."tb_area"("id", "name", "parent", "code") VALUES (733, '托克托县', 58, NULL);
INSERT INTO "public"."tb_area"("id", "name", "parent", "code") VALUES (734, '和林格尔县', 58, NULL);
INSERT INTO "public"."tb_area"("id", "name", "parent", "code") VALUES (735, '清水河县', 58, NULL);
INSERT INTO "public"."tb_area"("id", "name", "parent", "code") VALUES (736, '武川县', 58, NULL);
INSERT INTO "public"."tb_area"("id", "name", "parent", "code") VALUES (738, '东河区', 59, NULL);
INSERT INTO "public"."tb_area"("id", "name", "parent", "code") VALUES (739, '昆都仑区', 59, NULL);
INSERT INTO "public"."tb_area"("id", "name", "parent", "code") VALUES (740, '青山区', 59, NULL);
INSERT INTO "public"."tb_area"("id", "name", "parent", "code") VALUES (741, '石拐区', 59, NULL);
INSERT INTO "public"."tb_area"("id", "name", "parent", "code") VALUES (742, '白云矿区', 59, NULL);
INSERT INTO "public"."tb_area"("id", "name", "parent", "code") VALUES (743, '九原区', 59, NULL);
INSERT INTO "public"."tb_area"("id", "name", "parent", "code") VALUES (744, '土默特右旗', 59, NULL);
INSERT INTO "public"."tb_area"("id", "name", "parent", "code") VALUES (745, '固阳县', 59, NULL);
INSERT INTO "public"."tb_area"("id", "name", "parent", "code") VALUES (746, '达尔罕茂明安联合旗', 59, NULL);
INSERT INTO "public"."tb_area"("id", "name", "parent", "code") VALUES (748, '海勃湾区', 60, NULL);
INSERT INTO "public"."tb_area"("id", "name", "parent", "code") VALUES (749, '海南区', 60, NULL);
INSERT INTO "public"."tb_area"("id", "name", "parent", "code") VALUES (750, '乌达区', 60, NULL);
INSERT INTO "public"."tb_area"("id", "name", "parent", "code") VALUES (752, '红山区', 61, NULL);
INSERT INTO "public"."tb_area"("id", "name", "parent", "code") VALUES (753, '元宝山区', 61, NULL);
INSERT INTO "public"."tb_area"("id", "name", "parent", "code") VALUES (754, '松山区', 61, NULL);
INSERT INTO "public"."tb_area"("id", "name", "parent", "code") VALUES (755, '阿鲁科尔沁旗', 61, NULL);
INSERT INTO "public"."tb_area"("id", "name", "parent", "code") VALUES (756, '巴林左旗', 61, NULL);
INSERT INTO "public"."tb_area"("id", "name", "parent", "code") VALUES (757, '巴林右旗', 61, NULL);
INSERT INTO "public"."tb_area"("id", "name", "parent", "code") VALUES (758, '林西县', 61, NULL);
INSERT INTO "public"."tb_area"("id", "name", "parent", "code") VALUES (759, '克什克腾旗', 61, NULL);
INSERT INTO "public"."tb_area"("id", "name", "parent", "code") VALUES (760, '翁牛特旗', 61, NULL);
INSERT INTO "public"."tb_area"("id", "name", "parent", "code") VALUES (761, '喀喇沁旗', 61, NULL);
INSERT INTO "public"."tb_area"("id", "name", "parent", "code") VALUES (762, '宁城县', 61, NULL);
INSERT INTO "public"."tb_area"("id", "name", "parent", "code") VALUES (763, '敖汉旗', 61, NULL);
INSERT INTO "public"."tb_area"("id", "name", "parent", "code") VALUES (765, '科尔沁区', 62, NULL);
INSERT INTO "public"."tb_area"("id", "name", "parent", "code") VALUES (766, '科尔沁左翼中旗', 62, NULL);
INSERT INTO "public"."tb_area"("id", "name", "parent", "code") VALUES (767, '科尔沁左翼后旗', 62, NULL);
INSERT INTO "public"."tb_area"("id", "name", "parent", "code") VALUES (768, '开鲁县', 62, NULL);
INSERT INTO "public"."tb_area"("id", "name", "parent", "code") VALUES (769, '库伦旗', 62, NULL);
INSERT INTO "public"."tb_area"("id", "name", "parent", "code") VALUES (770, '奈曼旗', 62, NULL);
INSERT INTO "public"."tb_area"("id", "name", "parent", "code") VALUES (771, '扎鲁特旗', 62, NULL);
INSERT INTO "public"."tb_area"("id", "name", "parent", "code") VALUES (772, '霍林郭勒市', 62, NULL);
INSERT INTO "public"."tb_area"("id", "name", "parent", "code") VALUES (773, '东胜区', 63, NULL);
INSERT INTO "public"."tb_area"("id", "name", "parent", "code") VALUES (774, '达拉特旗', 63, NULL);
INSERT INTO "public"."tb_area"("id", "name", "parent", "code") VALUES (775, '准格尔旗', 63, NULL);
INSERT INTO "public"."tb_area"("id", "name", "parent", "code") VALUES (776, '鄂托克前旗', 63, NULL);
INSERT INTO "public"."tb_area"("id", "name", "parent", "code") VALUES (777, '鄂托克旗', 63, NULL);
INSERT INTO "public"."tb_area"("id", "name", "parent", "code") VALUES (778, '杭锦旗', 63, NULL);
INSERT INTO "public"."tb_area"("id", "name", "parent", "code") VALUES (779, '乌审旗', 63, NULL);
INSERT INTO "public"."tb_area"("id", "name", "parent", "code") VALUES (780, '伊金霍洛旗', 63, NULL);
INSERT INTO "public"."tb_area"("id", "name", "parent", "code") VALUES (782, '海拉尔区', 64, NULL);
INSERT INTO "public"."tb_area"("id", "name", "parent", "code") VALUES (783, '阿荣旗', 64, NULL);
INSERT INTO "public"."tb_area"("id", "name", "parent", "code") VALUES (784, '莫力达瓦达斡尔族自治旗', 64, NULL);
INSERT INTO "public"."tb_area"("id", "name", "parent", "code") VALUES (785, '鄂伦春自治旗', 64, NULL);
INSERT INTO "public"."tb_area"("id", "name", "parent", "code") VALUES (786, '鄂温克族自治旗', 64, NULL);
INSERT INTO "public"."tb_area"("id", "name", "parent", "code") VALUES (787, '陈巴尔虎旗', 64, NULL);
INSERT INTO "public"."tb_area"("id", "name", "parent", "code") VALUES (788, '新巴尔虎左旗', 64, NULL);
INSERT INTO "public"."tb_area"("id", "name", "parent", "code") VALUES (789, '新巴尔虎右旗', 64, NULL);
INSERT INTO "public"."tb_area"("id", "name", "parent", "code") VALUES (790, '满洲里市', 64, NULL);
INSERT INTO "public"."tb_area"("id", "name", "parent", "code") VALUES (791, '牙克石市', 64, NULL);
INSERT INTO "public"."tb_area"("id", "name", "parent", "code") VALUES (792, '扎兰屯市', 64, NULL);
INSERT INTO "public"."tb_area"("id", "name", "parent", "code") VALUES (793, '额尔古纳市', 64, NULL);
INSERT INTO "public"."tb_area"("id", "name", "parent", "code") VALUES (794, '根河市', 64, NULL);
INSERT INTO "public"."tb_area"("id", "name", "parent", "code") VALUES (796, '临河区', 65, NULL);
INSERT INTO "public"."tb_area"("id", "name", "parent", "code") VALUES (797, '五原县', 65, NULL);
INSERT INTO "public"."tb_area"("id", "name", "parent", "code") VALUES (798, '磴口县', 65, NULL);
INSERT INTO "public"."tb_area"("id", "name", "parent", "code") VALUES (799, '乌拉特前旗', 65, NULL);
INSERT INTO "public"."tb_area"("id", "name", "parent", "code") VALUES (800, '乌拉特中旗', 65, NULL);
INSERT INTO "public"."tb_area"("id", "name", "parent", "code") VALUES (801, '乌拉特后旗', 65, NULL);
INSERT INTO "public"."tb_area"("id", "name", "parent", "code") VALUES (802, '杭锦后旗', 65, NULL);
INSERT INTO "public"."tb_area"("id", "name", "parent", "code") VALUES (804, '集宁区', 66, NULL);
INSERT INTO "public"."tb_area"("id", "name", "parent", "code") VALUES (805, '卓资县', 66, NULL);
INSERT INTO "public"."tb_area"("id", "name", "parent", "code") VALUES (806, '化德县', 66, NULL);
INSERT INTO "public"."tb_area"("id", "name", "parent", "code") VALUES (807, '商都县', 66, NULL);
INSERT INTO "public"."tb_area"("id", "name", "parent", "code") VALUES (808, '兴和县', 66, NULL);
INSERT INTO "public"."tb_area"("id", "name", "parent", "code") VALUES (809, '凉城县', 66, NULL);
INSERT INTO "public"."tb_area"("id", "name", "parent", "code") VALUES (810, '察哈尔右翼前旗', 66, NULL);
INSERT INTO "public"."tb_area"("id", "name", "parent", "code") VALUES (811, '察哈尔右翼中旗', 66, NULL);
INSERT INTO "public"."tb_area"("id", "name", "parent", "code") VALUES (812, '察哈尔右翼后旗', 66, NULL);
INSERT INTO "public"."tb_area"("id", "name", "parent", "code") VALUES (813, '四子王旗', 66, NULL);
INSERT INTO "public"."tb_area"("id", "name", "parent", "code") VALUES (814, '丰镇市', 66, NULL);
INSERT INTO "public"."tb_area"("id", "name", "parent", "code") VALUES (815, '乌兰浩特市', 67, NULL);
INSERT INTO "public"."tb_area"("id", "name", "parent", "code") VALUES (816, '阿尔山市', 67, NULL);
INSERT INTO "public"."tb_area"("id", "name", "parent", "code") VALUES (817, '科尔沁右翼前旗', 67, NULL);
INSERT INTO "public"."tb_area"("id", "name", "parent", "code") VALUES (818, '科尔沁右翼中旗', 67, NULL);
INSERT INTO "public"."tb_area"("id", "name", "parent", "code") VALUES (819, '扎赉特旗', 67, NULL);
INSERT INTO "public"."tb_area"("id", "name", "parent", "code") VALUES (820, '突泉县', 67, NULL);
INSERT INTO "public"."tb_area"("id", "name", "parent", "code") VALUES (821, '二连浩特市', 68, NULL);
INSERT INTO "public"."tb_area"("id", "name", "parent", "code") VALUES (822, '锡林浩特市', 68, NULL);
INSERT INTO "public"."tb_area"("id", "name", "parent", "code") VALUES (823, '阿巴嘎旗', 68, NULL);
INSERT INTO "public"."tb_area"("id", "name", "parent", "code") VALUES (824, '苏尼特左旗', 68, NULL);
INSERT INTO "public"."tb_area"("id", "name", "parent", "code") VALUES (825, '苏尼特右旗', 68, NULL);
INSERT INTO "public"."tb_area"("id", "name", "parent", "code") VALUES (826, '东乌珠穆沁旗', 68, NULL);
INSERT INTO "public"."tb_area"("id", "name", "parent", "code") VALUES (827, '西乌珠穆沁旗', 68, NULL);
INSERT INTO "public"."tb_area"("id", "name", "parent", "code") VALUES (828, '太仆寺旗', 68, NULL);
INSERT INTO "public"."tb_area"("id", "name", "parent", "code") VALUES (829, '镶黄旗', 68, NULL);
INSERT INTO "public"."tb_area"("id", "name", "parent", "code") VALUES (830, '正镶白旗', 68, NULL);
INSERT INTO "public"."tb_area"("id", "name", "parent", "code") VALUES (831, '正蓝旗', 68, NULL);
INSERT INTO "public"."tb_area"("id", "name", "parent", "code") VALUES (832, '多伦县', 68, NULL);
INSERT INTO "public"."tb_area"("id", "name", "parent", "code") VALUES (833, '阿拉善左旗', 69, NULL);
INSERT INTO "public"."tb_area"("id", "name", "parent", "code") VALUES (834, '阿拉善右旗', 69, NULL);
INSERT INTO "public"."tb_area"("id", "name", "parent", "code") VALUES (835, '额济纳旗', 69, NULL);
INSERT INTO "public"."tb_area"("id", "name", "parent", "code") VALUES (837, '和平区', 70, NULL);
INSERT INTO "public"."tb_area"("id", "name", "parent", "code") VALUES (838, '沈河区', 70, NULL);
INSERT INTO "public"."tb_area"("id", "name", "parent", "code") VALUES (839, '大东区', 70, NULL);
INSERT INTO "public"."tb_area"("id", "name", "parent", "code") VALUES (840, '皇姑区', 70, NULL);
INSERT INTO "public"."tb_area"("id", "name", "parent", "code") VALUES (841, '铁西区', 70, NULL);
INSERT INTO "public"."tb_area"("id", "name", "parent", "code") VALUES (842, '苏家屯区', 70, NULL);
INSERT INTO "public"."tb_area"("id", "name", "parent", "code") VALUES (845, '于洪区', 70, NULL);
INSERT INTO "public"."tb_area"("id", "name", "parent", "code") VALUES (846, '辽中区', 70, NULL);
INSERT INTO "public"."tb_area"("id", "name", "parent", "code") VALUES (847, '康平县', 70, NULL);
INSERT INTO "public"."tb_area"("id", "name", "parent", "code") VALUES (848, '法库县', 70, NULL);
INSERT INTO "public"."tb_area"("id", "name", "parent", "code") VALUES (849, '新民市', 70, NULL);
INSERT INTO "public"."tb_area"("id", "name", "parent", "code") VALUES (851, '中山区', 71, NULL);
INSERT INTO "public"."tb_area"("id", "name", "parent", "code") VALUES (852, '西岗区', 71, NULL);
INSERT INTO "public"."tb_area"("id", "name", "parent", "code") VALUES (853, '沙河口区', 71, NULL);
INSERT INTO "public"."tb_area"("id", "name", "parent", "code") VALUES (854, '甘井子区', 71, NULL);
INSERT INTO "public"."tb_area"("id", "name", "parent", "code") VALUES (855, '旅顺口区', 71, NULL);
INSERT INTO "public"."tb_area"("id", "name", "parent", "code") VALUES (856, '金州区', 71, NULL);
INSERT INTO "public"."tb_area"("id", "name", "parent", "code") VALUES (857, '长海县', 71, NULL);
INSERT INTO "public"."tb_area"("id", "name", "parent", "code") VALUES (858, '瓦房店市', 71, NULL);
INSERT INTO "public"."tb_area"("id", "name", "parent", "code") VALUES (859, '普兰店市', 71, NULL);
INSERT INTO "public"."tb_area"("id", "name", "parent", "code") VALUES (860, '庄河市', 71, NULL);
INSERT INTO "public"."tb_area"("id", "name", "parent", "code") VALUES (862, '铁东区', 72, NULL);
INSERT INTO "public"."tb_area"("id", "name", "parent", "code") VALUES (863, '铁西区', 72, NULL);
INSERT INTO "public"."tb_area"("id", "name", "parent", "code") VALUES (864, '立山区', 72, NULL);
INSERT INTO "public"."tb_area"("id", "name", "parent", "code") VALUES (865, '千山区', 72, NULL);
INSERT INTO "public"."tb_area"("id", "name", "parent", "code") VALUES (866, '台安县', 72, NULL);
INSERT INTO "public"."tb_area"("id", "name", "parent", "code") VALUES (867, '岫岩满族自治县', 72, NULL);
INSERT INTO "public"."tb_area"("id", "name", "parent", "code") VALUES (868, '海城市', 72, NULL);
INSERT INTO "public"."tb_area"("id", "name", "parent", "code") VALUES (870, '新抚区', 73, NULL);
INSERT INTO "public"."tb_area"("id", "name", "parent", "code") VALUES (871, '东洲区', 73, NULL);
INSERT INTO "public"."tb_area"("id", "name", "parent", "code") VALUES (872, '望花区', 73, NULL);
INSERT INTO "public"."tb_area"("id", "name", "parent", "code") VALUES (873, '顺城区', 73, NULL);
INSERT INTO "public"."tb_area"("id", "name", "parent", "code") VALUES (874, '抚顺县', 73, NULL);
INSERT INTO "public"."tb_area"("id", "name", "parent", "code") VALUES (875, '新宾满族自治县', 73, NULL);
INSERT INTO "public"."tb_area"("id", "name", "parent", "code") VALUES (876, '清原满族自治县', 73, NULL);
INSERT INTO "public"."tb_area"("id", "name", "parent", "code") VALUES (878, '平山区', 74, NULL);
INSERT INTO "public"."tb_area"("id", "name", "parent", "code") VALUES (879, '溪湖区', 74, NULL);
INSERT INTO "public"."tb_area"("id", "name", "parent", "code") VALUES (880, '明山区', 74, NULL);
INSERT INTO "public"."tb_area"("id", "name", "parent", "code") VALUES (881, '南芬区', 74, NULL);
INSERT INTO "public"."tb_area"("id", "name", "parent", "code") VALUES (882, '本溪满族自治县', 74, NULL);
INSERT INTO "public"."tb_area"("id", "name", "parent", "code") VALUES (883, '桓仁满族自治县', 74, NULL);
INSERT INTO "public"."tb_area"("id", "name", "parent", "code") VALUES (885, '元宝区', 75, NULL);
INSERT INTO "public"."tb_area"("id", "name", "parent", "code") VALUES (886, '振兴区', 75, NULL);
INSERT INTO "public"."tb_area"("id", "name", "parent", "code") VALUES (887, '振安区', 75, NULL);
INSERT INTO "public"."tb_area"("id", "name", "parent", "code") VALUES (888, '宽甸满族自治县', 75, NULL);
INSERT INTO "public"."tb_area"("id", "name", "parent", "code") VALUES (889, '东港市', 75, NULL);
INSERT INTO "public"."tb_area"("id", "name", "parent", "code") VALUES (890, '凤城市', 75, NULL);
INSERT INTO "public"."tb_area"("id", "name", "parent", "code") VALUES (892, '古塔区', 76, NULL);
INSERT INTO "public"."tb_area"("id", "name", "parent", "code") VALUES (893, '凌河区', 76, NULL);
INSERT INTO "public"."tb_area"("id", "name", "parent", "code") VALUES (894, '太和区', 76, NULL);
INSERT INTO "public"."tb_area"("id", "name", "parent", "code") VALUES (895, '黑山县', 76, NULL);
INSERT INTO "public"."tb_area"("id", "name", "parent", "code") VALUES (896, '义　县', 76, NULL);
INSERT INTO "public"."tb_area"("id", "name", "parent", "code") VALUES (897, '凌海市', 76, NULL);
INSERT INTO "public"."tb_area"("id", "name", "parent", "code") VALUES (898, '北镇市', 76, NULL);
INSERT INTO "public"."tb_area"("id", "name", "parent", "code") VALUES (900, '站前区', 77, NULL);
INSERT INTO "public"."tb_area"("id", "name", "parent", "code") VALUES (901, '西市区', 77, NULL);
INSERT INTO "public"."tb_area"("id", "name", "parent", "code") VALUES (902, '鲅鱼圈区', 77, NULL);
INSERT INTO "public"."tb_area"("id", "name", "parent", "code") VALUES (903, '老边区', 77, NULL);
INSERT INTO "public"."tb_area"("id", "name", "parent", "code") VALUES (904, '盖州市', 77, NULL);
INSERT INTO "public"."tb_area"("id", "name", "parent", "code") VALUES (905, '大石桥市', 77, NULL);
INSERT INTO "public"."tb_area"("id", "name", "parent", "code") VALUES (907, '海州区', 78, NULL);
INSERT INTO "public"."tb_area"("id", "name", "parent", "code") VALUES (908, '新邱区', 78, NULL);
INSERT INTO "public"."tb_area"("id", "name", "parent", "code") VALUES (909, '太平区', 78, NULL);
INSERT INTO "public"."tb_area"("id", "name", "parent", "code") VALUES (910, '清河门区', 78, NULL);
INSERT INTO "public"."tb_area"("id", "name", "parent", "code") VALUES (911, '细河区', 78, NULL);
INSERT INTO "public"."tb_area"("id", "name", "parent", "code") VALUES (912, '阜新蒙古族自治县', 78, NULL);
INSERT INTO "public"."tb_area"("id", "name", "parent", "code") VALUES (913, '彰武县', 78, NULL);
INSERT INTO "public"."tb_area"("id", "name", "parent", "code") VALUES (915, '白塔区', 79, NULL);
INSERT INTO "public"."tb_area"("id", "name", "parent", "code") VALUES (916, '文圣区', 79, NULL);
INSERT INTO "public"."tb_area"("id", "name", "parent", "code") VALUES (917, '宏伟区', 79, NULL);
INSERT INTO "public"."tb_area"("id", "name", "parent", "code") VALUES (918, '弓长岭区', 79, NULL);
INSERT INTO "public"."tb_area"("id", "name", "parent", "code") VALUES (919, '太子河区', 79, NULL);
INSERT INTO "public"."tb_area"("id", "name", "parent", "code") VALUES (920, '辽阳县', 79, NULL);
INSERT INTO "public"."tb_area"("id", "name", "parent", "code") VALUES (921, '灯塔市', 79, NULL);
INSERT INTO "public"."tb_area"("id", "name", "parent", "code") VALUES (923, '双台子区', 80, NULL);
INSERT INTO "public"."tb_area"("id", "name", "parent", "code") VALUES (924, '兴隆台区', 80, NULL);
INSERT INTO "public"."tb_area"("id", "name", "parent", "code") VALUES (925, '大洼区', 80, NULL);
INSERT INTO "public"."tb_area"("id", "name", "parent", "code") VALUES (926, '盘山县', 80, NULL);
INSERT INTO "public"."tb_area"("id", "name", "parent", "code") VALUES (928, '银州区', 81, NULL);
INSERT INTO "public"."tb_area"("id", "name", "parent", "code") VALUES (929, '清河区', 81, NULL);
INSERT INTO "public"."tb_area"("id", "name", "parent", "code") VALUES (930, '铁岭县', 81, NULL);
INSERT INTO "public"."tb_area"("id", "name", "parent", "code") VALUES (931, '西丰县', 81, NULL);
INSERT INTO "public"."tb_area"("id", "name", "parent", "code") VALUES (932, '昌图县', 81, NULL);
INSERT INTO "public"."tb_area"("id", "name", "parent", "code") VALUES (933, '调兵山市', 81, NULL);
INSERT INTO "public"."tb_area"("id", "name", "parent", "code") VALUES (934, '开原市', 81, NULL);
INSERT INTO "public"."tb_area"("id", "name", "parent", "code") VALUES (936, '双塔区', 82, NULL);
INSERT INTO "public"."tb_area"("id", "name", "parent", "code") VALUES (937, '龙城区', 82, NULL);
INSERT INTO "public"."tb_area"("id", "name", "parent", "code") VALUES (938, '朝阳县', 82, NULL);
INSERT INTO "public"."tb_area"("id", "name", "parent", "code") VALUES (939, '建平县', 82, NULL);
INSERT INTO "public"."tb_area"("id", "name", "parent", "code") VALUES (940, '喀喇沁左翼蒙古族自治县', 82, NULL);
INSERT INTO "public"."tb_area"("id", "name", "parent", "code") VALUES (941, '北票市', 82, NULL);
INSERT INTO "public"."tb_area"("id", "name", "parent", "code") VALUES (942, '凌源市', 82, NULL);
INSERT INTO "public"."tb_area"("id", "name", "parent", "code") VALUES (944, '连山区', 83, NULL);
INSERT INTO "public"."tb_area"("id", "name", "parent", "code") VALUES (945, '龙港区', 83, NULL);
INSERT INTO "public"."tb_area"("id", "name", "parent", "code") VALUES (946, '南票区', 83, NULL);
INSERT INTO "public"."tb_area"("id", "name", "parent", "code") VALUES (947, '绥中县', 83, NULL);
INSERT INTO "public"."tb_area"("id", "name", "parent", "code") VALUES (948, '建昌县', 83, NULL);
INSERT INTO "public"."tb_area"("id", "name", "parent", "code") VALUES (949, '兴城市', 83, NULL);
INSERT INTO "public"."tb_area"("id", "name", "parent", "code") VALUES (951, '南关区', 84, NULL);
INSERT INTO "public"."tb_area"("id", "name", "parent", "code") VALUES (952, '宽城区', 84, NULL);
INSERT INTO "public"."tb_area"("id", "name", "parent", "code") VALUES (953, '朝阳区', 84, NULL);
INSERT INTO "public"."tb_area"("id", "name", "parent", "code") VALUES (954, '二道区', 84, NULL);
INSERT INTO "public"."tb_area"("id", "name", "parent", "code") VALUES (955, '绿园区', 84, NULL);
INSERT INTO "public"."tb_area"("id", "name", "parent", "code") VALUES (956, '双阳区', 84, NULL);
INSERT INTO "public"."tb_area"("id", "name", "parent", "code") VALUES (957, '农安县', 84, NULL);
INSERT INTO "public"."tb_area"("id", "name", "parent", "code") VALUES (958, '九台区', 84, NULL);
INSERT INTO "public"."tb_area"("id", "name", "parent", "code") VALUES (959, '榆树市', 84, NULL);
INSERT INTO "public"."tb_area"("id", "name", "parent", "code") VALUES (960, '德惠市', 84, NULL);
INSERT INTO "public"."tb_area"("id", "name", "parent", "code") VALUES (962, '昌邑区', 85, NULL);
INSERT INTO "public"."tb_area"("id", "name", "parent", "code") VALUES (963, '龙潭区', 85, NULL);
INSERT INTO "public"."tb_area"("id", "name", "parent", "code") VALUES (964, '船营区', 85, NULL);
INSERT INTO "public"."tb_area"("id", "name", "parent", "code") VALUES (965, '丰满区', 85, NULL);
INSERT INTO "public"."tb_area"("id", "name", "parent", "code") VALUES (966, '永吉县', 85, NULL);
INSERT INTO "public"."tb_area"("id", "name", "parent", "code") VALUES (967, '蛟河市', 85, NULL);
INSERT INTO "public"."tb_area"("id", "name", "parent", "code") VALUES (968, '桦甸市', 85, NULL);
INSERT INTO "public"."tb_area"("id", "name", "parent", "code") VALUES (969, '舒兰市', 85, NULL);
INSERT INTO "public"."tb_area"("id", "name", "parent", "code") VALUES (970, '磐石市', 85, NULL);
INSERT INTO "public"."tb_area"("id", "name", "parent", "code") VALUES (972, '铁西区', 86, NULL);
INSERT INTO "public"."tb_area"("id", "name", "parent", "code") VALUES (973, '铁东区', 86, NULL);
INSERT INTO "public"."tb_area"("id", "name", "parent", "code") VALUES (974, '梨树县', 86, NULL);
INSERT INTO "public"."tb_area"("id", "name", "parent", "code") VALUES (975, '伊通满族自治县', 86, NULL);
INSERT INTO "public"."tb_area"("id", "name", "parent", "code") VALUES (976, '公主岭市', 86, NULL);
INSERT INTO "public"."tb_area"("id", "name", "parent", "code") VALUES (977, '双辽市', 86, NULL);
INSERT INTO "public"."tb_area"("id", "name", "parent", "code") VALUES (979, '龙山区', 87, NULL);
INSERT INTO "public"."tb_area"("id", "name", "parent", "code") VALUES (980, '西安区', 87, NULL);
INSERT INTO "public"."tb_area"("id", "name", "parent", "code") VALUES (981, '东丰县', 87, NULL);
INSERT INTO "public"."tb_area"("id", "name", "parent", "code") VALUES (982, '东辽县', 87, NULL);
INSERT INTO "public"."tb_area"("id", "name", "parent", "code") VALUES (984, '东昌区', 88, NULL);
INSERT INTO "public"."tb_area"("id", "name", "parent", "code") VALUES (985, '二道江区', 88, NULL);
INSERT INTO "public"."tb_area"("id", "name", "parent", "code") VALUES (986, '通化县', 88, NULL);
INSERT INTO "public"."tb_area"("id", "name", "parent", "code") VALUES (987, '辉南县', 88, NULL);
INSERT INTO "public"."tb_area"("id", "name", "parent", "code") VALUES (988, '柳河县', 88, NULL);
INSERT INTO "public"."tb_area"("id", "name", "parent", "code") VALUES (989, '梅河口市', 88, NULL);
INSERT INTO "public"."tb_area"("id", "name", "parent", "code") VALUES (990, '集安市', 88, NULL);
INSERT INTO "public"."tb_area"("id", "name", "parent", "code") VALUES (992, '浑江区', 89, NULL);
INSERT INTO "public"."tb_area"("id", "name", "parent", "code") VALUES (993, '抚松县', 89, NULL);
INSERT INTO "public"."tb_area"("id", "name", "parent", "code") VALUES (994, '靖宇县', 89, NULL);
INSERT INTO "public"."tb_area"("id", "name", "parent", "code") VALUES (995, '长白朝鲜族自治县', 89, NULL);
INSERT INTO "public"."tb_area"("id", "name", "parent", "code") VALUES (996, '江源区', 89, NULL);
INSERT INTO "public"."tb_area"("id", "name", "parent", "code") VALUES (997, '临江市', 89, NULL);
INSERT INTO "public"."tb_area"("id", "name", "parent", "code") VALUES (999, '宁江区', 90, NULL);
INSERT INTO "public"."tb_area"("id", "name", "parent", "code") VALUES (1000, '前郭尔罗斯蒙古族自治县', 90, NULL);
INSERT INTO "public"."tb_area"("id", "name", "parent", "code") VALUES (1001, '长岭县', 90, NULL);
INSERT INTO "public"."tb_area"("id", "name", "parent", "code") VALUES (1002, '乾安县', 90, NULL);
INSERT INTO "public"."tb_area"("id", "name", "parent", "code") VALUES (1003, '扶余县', 90, NULL);
INSERT INTO "public"."tb_area"("id", "name", "parent", "code") VALUES (1005, '洮北区', 91, NULL);
INSERT INTO "public"."tb_area"("id", "name", "parent", "code") VALUES (1006, '镇赉县', 91, NULL);
INSERT INTO "public"."tb_area"("id", "name", "parent", "code") VALUES (1007, '通榆县', 91, NULL);
INSERT INTO "public"."tb_area"("id", "name", "parent", "code") VALUES (1008, '洮南市', 91, NULL);
INSERT INTO "public"."tb_area"("id", "name", "parent", "code") VALUES (1009, '大安市', 91, NULL);
INSERT INTO "public"."tb_area"("id", "name", "parent", "code") VALUES (1010, '延吉市', 92, NULL);
INSERT INTO "public"."tb_area"("id", "name", "parent", "code") VALUES (1011, '图们市', 92, NULL);
INSERT INTO "public"."tb_area"("id", "name", "parent", "code") VALUES (1012, '敦化市', 92, NULL);
INSERT INTO "public"."tb_area"("id", "name", "parent", "code") VALUES (1013, '珲春市', 92, NULL);
INSERT INTO "public"."tb_area"("id", "name", "parent", "code") VALUES (1014, '龙井市', 92, NULL);
INSERT INTO "public"."tb_area"("id", "name", "parent", "code") VALUES (1015, '和龙市', 92, NULL);
INSERT INTO "public"."tb_area"("id", "name", "parent", "code") VALUES (1016, '汪清县', 92, NULL);
INSERT INTO "public"."tb_area"("id", "name", "parent", "code") VALUES (1017, '安图县', 92, NULL);
INSERT INTO "public"."tb_area"("id", "name", "parent", "code") VALUES (1019, '道里区', 93, NULL);
INSERT INTO "public"."tb_area"("id", "name", "parent", "code") VALUES (1020, '南岗区', 93, NULL);
INSERT INTO "public"."tb_area"("id", "name", "parent", "code") VALUES (1021, '道外区', 93, NULL);
INSERT INTO "public"."tb_area"("id", "name", "parent", "code") VALUES (1022, '香坊区', 93, NULL);
INSERT INTO "public"."tb_area"("id", "name", "parent", "code") VALUES (1024, '平房区', 93, NULL);
INSERT INTO "public"."tb_area"("id", "name", "parent", "code") VALUES (1025, '松北区', 93, NULL);
INSERT INTO "public"."tb_area"("id", "name", "parent", "code") VALUES (1026, '呼兰区', 93, NULL);
INSERT INTO "public"."tb_area"("id", "name", "parent", "code") VALUES (1027, '依兰县', 93, NULL);
INSERT INTO "public"."tb_area"("id", "name", "parent", "code") VALUES (1028, '方正县', 93, NULL);
INSERT INTO "public"."tb_area"("id", "name", "parent", "code") VALUES (1029, '宾　县', 93, NULL);
INSERT INTO "public"."tb_area"("id", "name", "parent", "code") VALUES (1030, '巴彦县', 93, NULL);
INSERT INTO "public"."tb_area"("id", "name", "parent", "code") VALUES (1031, '木兰县', 93, NULL);
INSERT INTO "public"."tb_area"("id", "name", "parent", "code") VALUES (1032, '通河县', 93, NULL);
INSERT INTO "public"."tb_area"("id", "name", "parent", "code") VALUES (1033, '延寿县', 93, NULL);
INSERT INTO "public"."tb_area"("id", "name", "parent", "code") VALUES (1034, '阿城区', 93, NULL);
INSERT INTO "public"."tb_area"("id", "name", "parent", "code") VALUES (1035, '双城区', 93, NULL);
INSERT INTO "public"."tb_area"("id", "name", "parent", "code") VALUES (1036, '尚志市', 93, NULL);
INSERT INTO "public"."tb_area"("id", "name", "parent", "code") VALUES (1037, '五常市', 93, NULL);
INSERT INTO "public"."tb_area"("id", "name", "parent", "code") VALUES (1039, '龙沙区', 94, NULL);
INSERT INTO "public"."tb_area"("id", "name", "parent", "code") VALUES (1040, '建华区', 94, NULL);
INSERT INTO "public"."tb_area"("id", "name", "parent", "code") VALUES (1041, '铁锋区', 94, NULL);
INSERT INTO "public"."tb_area"("id", "name", "parent", "code") VALUES (1042, '昂昂溪区', 94, NULL);
INSERT INTO "public"."tb_area"("id", "name", "parent", "code") VALUES (1043, '富拉尔基区', 94, NULL);
INSERT INTO "public"."tb_area"("id", "name", "parent", "code") VALUES (1044, '碾子山区', 94, NULL);
INSERT INTO "public"."tb_area"("id", "name", "parent", "code") VALUES (1045, '梅里斯达斡尔族区', 94, NULL);
INSERT INTO "public"."tb_area"("id", "name", "parent", "code") VALUES (1046, '龙江县', 94, NULL);
INSERT INTO "public"."tb_area"("id", "name", "parent", "code") VALUES (1047, '依安县', 94, NULL);
INSERT INTO "public"."tb_area"("id", "name", "parent", "code") VALUES (1048, '泰来县', 94, NULL);
INSERT INTO "public"."tb_area"("id", "name", "parent", "code") VALUES (1049, '甘南县', 94, NULL);
INSERT INTO "public"."tb_area"("id", "name", "parent", "code") VALUES (1050, '富裕县', 94, NULL);
INSERT INTO "public"."tb_area"("id", "name", "parent", "code") VALUES (1051, '克山县', 94, NULL);
INSERT INTO "public"."tb_area"("id", "name", "parent", "code") VALUES (1052, '克东县', 94, NULL);
INSERT INTO "public"."tb_area"("id", "name", "parent", "code") VALUES (1053, '拜泉县', 94, NULL);
INSERT INTO "public"."tb_area"("id", "name", "parent", "code") VALUES (1054, '讷河市', 94, NULL);
INSERT INTO "public"."tb_area"("id", "name", "parent", "code") VALUES (1056, '鸡冠区', 95, NULL);
INSERT INTO "public"."tb_area"("id", "name", "parent", "code") VALUES (1057, '恒山市', 95, NULL);
INSERT INTO "public"."tb_area"("id", "name", "parent", "code") VALUES (1058, '滴道区', 95, NULL);
INSERT INTO "public"."tb_area"("id", "name", "parent", "code") VALUES (1059, '梨树区', 95, NULL);
INSERT INTO "public"."tb_area"("id", "name", "parent", "code") VALUES (1060, '城子河区', 95, NULL);
INSERT INTO "public"."tb_area"("id", "name", "parent", "code") VALUES (1061, '麻山区', 95, NULL);
INSERT INTO "public"."tb_area"("id", "name", "parent", "code") VALUES (1062, '鸡东县', 95, NULL);
INSERT INTO "public"."tb_area"("id", "name", "parent", "code") VALUES (1063, '虎林市', 95, NULL);
INSERT INTO "public"."tb_area"("id", "name", "parent", "code") VALUES (1064, '密山市', 95, NULL);
INSERT INTO "public"."tb_area"("id", "name", "parent", "code") VALUES (1066, '向阳区', 96, NULL);
INSERT INTO "public"."tb_area"("id", "name", "parent", "code") VALUES (1067, '工农区', 96, NULL);
INSERT INTO "public"."tb_area"("id", "name", "parent", "code") VALUES (1068, '南山区', 96, NULL);
INSERT INTO "public"."tb_area"("id", "name", "parent", "code") VALUES (1069, '兴安区', 96, NULL);
INSERT INTO "public"."tb_area"("id", "name", "parent", "code") VALUES (1070, '东山区', 96, NULL);
INSERT INTO "public"."tb_area"("id", "name", "parent", "code") VALUES (1071, '兴山区', 96, NULL);
INSERT INTO "public"."tb_area"("id", "name", "parent", "code") VALUES (1072, '萝北县', 96, NULL);
INSERT INTO "public"."tb_area"("id", "name", "parent", "code") VALUES (1073, '绥滨县', 96, NULL);
INSERT INTO "public"."tb_area"("id", "name", "parent", "code") VALUES (1075, '尖山区', 97, NULL);
INSERT INTO "public"."tb_area"("id", "name", "parent", "code") VALUES (1076, '岭东区', 97, NULL);
INSERT INTO "public"."tb_area"("id", "name", "parent", "code") VALUES (1077, '四方台区', 97, NULL);
INSERT INTO "public"."tb_area"("id", "name", "parent", "code") VALUES (1078, '宝山区', 97, NULL);
INSERT INTO "public"."tb_area"("id", "name", "parent", "code") VALUES (1079, '集贤县', 97, NULL);
INSERT INTO "public"."tb_area"("id", "name", "parent", "code") VALUES (1080, '友谊县', 97, NULL);
INSERT INTO "public"."tb_area"("id", "name", "parent", "code") VALUES (1081, '宝清县', 97, NULL);
INSERT INTO "public"."tb_area"("id", "name", "parent", "code") VALUES (1082, '饶河县', 97, NULL);
INSERT INTO "public"."tb_area"("id", "name", "parent", "code") VALUES (1084, '萨尔图区', 98, NULL);
SELECT setval('tb_area_id_seq',(SELECT MAX(id) FROM tb_area));


-----------------------------------
--巡查维养模块
-----------------------------------


INSERT INTO "public"."tb_inspection_disease"("id", "name", "disease_part", "check_item", "damage_type", "unit", "structure_type", "type") VALUES (1, '桥名牌/限载牌', '桥名牌', '桥名牌', '桥名牌', '处', 1, 1);
INSERT INTO "public"."tb_inspection_disease"("id", "name", "disease_part", "check_item", "damage_type", "unit", "structure_type", "type") VALUES (2, '桥名牌/限载牌', '限载牌', '限载牌', '限载牌', '处', 1, 1);
INSERT INTO "public"."tb_inspection_disease"("id", "name", "disease_part", "check_item", "damage_type", "unit", "structure_type", "type") VALUES (3, '桥面系', '桥面系', '车行道', '碎裂', '处', 1, 1);
INSERT INTO "public"."tb_inspection_disease"("id", "name", "disease_part", "check_item", "damage_type", "unit", "structure_type", "type") VALUES (4, '桥面系', '桥面系', '车行道', '局部坑槽', '处', 1, 1);
INSERT INTO "public"."tb_inspection_disease"("id", "name", "disease_part", "check_item", "damage_type", "unit", "structure_type", "type") VALUES (5, '桥面系', '桥面系', '车行道', '拥包', '处', 1, 1);
INSERT INTO "public"."tb_inspection_disease"("id", "name", "disease_part", "check_item", "damage_type", "unit", "structure_type", "type") VALUES (6, '桥面系', '桥面系', '车行道', '车辙', '处', 1, 1);
INSERT INTO "public"."tb_inspection_disease"("id", "name", "disease_part", "check_item", "damage_type", "unit", "structure_type", "type") VALUES (7, '桥面系', '桥面系', '车行道', '桥头跳车', '处', 1, 1);
INSERT INTO "public"."tb_inspection_disease"("id", "name", "disease_part", "check_item", "damage_type", "unit", "structure_type", "type") VALUES (8, '桥面系', '桥面系', '车行道', '隔离栏', '处', 1, 1);
INSERT INTO "public"."tb_inspection_disease"("id", "name", "disease_part", "check_item", "damage_type", "unit", "structure_type", "type") VALUES (9, '桥面系', '桥面系', '人行道', '板件', '处', 1, 1);
INSERT INTO "public"."tb_inspection_disease"("id", "name", "disease_part", "check_item", "damage_type", "unit", "structure_type", "type") VALUES (10, '桥面系', '桥面系', '人行道', '铺装(砖)', '处', 1, 1);
INSERT INTO "public"."tb_inspection_disease"("id", "name", "disease_part", "check_item", "damage_type", "unit", "structure_type", "type") VALUES (11, '桥面系', '桥面系', '栏杆', '栏杆扶手', '处', 1, 1);
INSERT INTO "public"."tb_inspection_disease"("id", "name", "disease_part", "check_item", "damage_type", "unit", "structure_type", "type") VALUES (12, '桥面系', '桥面系', '栏杆', '栏杆立柱', '处', 1, 1);
INSERT INTO "public"."tb_inspection_disease"("id", "name", "disease_part", "check_item", "damage_type", "unit", "structure_type", "type") VALUES (13, '桥面系', '桥面系', '伸缩缝装置', '缺损', '处', 1, 1);
INSERT INTO "public"."tb_inspection_disease"("id", "name", "disease_part", "check_item", "damage_type", "unit", "structure_type", "type") VALUES (14, '桥面系', '桥面系', '伸缩缝装置', '阻塞', '处', 1, 1);
INSERT INTO "public"."tb_inspection_disease"("id", "name", "disease_part", "check_item", "damage_type", "unit", "structure_type", "type") VALUES (15, '桥面系', '桥面系', '泄水孔', '泄水孔', '处', 1, 1);
INSERT INTO "public"."tb_inspection_disease"("id", "name", "disease_part", "check_item", "damage_type", "unit", "structure_type", "type") VALUES (16, '上部结构', '上部结构', '上部结构', '主梁(整体完好情况、振动)', NULL, 1, 1);
INSERT INTO "public"."tb_inspection_disease"("id", "name", "disease_part", "check_item", "damage_type", "unit", "structure_type", "type") VALUES (17, '上部结构', '上部结构', '上部结构', '横向联系', NULL, 1, 1);
INSERT INTO "public"."tb_inspection_disease"("id", "name", "disease_part", "check_item", "damage_type", "unit", "structure_type", "type") VALUES (18, '上部结构', '上部结构', '上部结构', '拱肋(拱脚区、钢管节点)', NULL, 1, 1);
INSERT INTO "public"."tb_inspection_disease"("id", "name", "disease_part", "check_item", "damage_type", "unit", "structure_type", "type") VALUES (19, '上部结构', '上部结构', '上部结构', '吊杆(上下锚头、振动)', NULL, 1, 1);
INSERT INTO "public"."tb_inspection_disease"("id", "name", "disease_part", "check_item", "damage_type", "unit", "structure_type", "type") VALUES (20, '上部结构', '上部结构', '上部结构', '上部其他变异', NULL, 1, 1);
INSERT INTO "public"."tb_inspection_disease"("id", "name", "disease_part", "check_item", "damage_type", "unit", "structure_type", "type") VALUES (21, '台/墩/附属物', '桥墩、桥台、附属物', '桥墩、桥台、附属物', '桥墩/桥台', NULL, 1, 1);
INSERT INTO "public"."tb_inspection_disease"("id", "name", "disease_part", "check_item", "damage_type", "unit", "structure_type", "type") VALUES (22, '台/墩/附属物', '桥墩、桥台、附属物', '桥墩、桥台、附属物', '锥坡', NULL, 1, 1);
INSERT INTO "public"."tb_inspection_disease"("id", "name", "disease_part", "check_item", "damage_type", "unit", "structure_type", "type") VALUES (23, '台/墩/附属物', '桥墩、桥台、附属物', '桥墩、桥台、附属物', '下部其他变异', NULL, 1, 1);
INSERT INTO "public"."tb_inspection_disease"("id", "name", "disease_part", "check_item", "damage_type", "unit", "structure_type", "type") VALUES (24, '施工', '桥、桥区施工', '桥、桥区施工', '桥、桥区施工', NULL, 1, 1);
INSERT INTO "public"."tb_inspection_disease"("id", "name", "disease_part", "check_item", "damage_type", "unit", "structure_type", "type") VALUES (25, '其他病害因素', '其他危及行车、行船、行人安全的病害因素', '其他危及行车、行船、行人安全的病害因素', '其他危及行车、行船、行人安全的病害因素', NULL, 1, 2);
INSERT INTO "public"."tb_inspection_disease"("id", "name", "disease_part", "check_item", "damage_type", "unit", "structure_type", "type") VALUES (26, '其他说明', '其他说明', '其他说明', '其他说明', NULL, 1, 3);
INSERT INTO "public"."tb_inspection_disease"("id", "name", "disease_part", "check_item", "damage_type", "unit", "structure_type", "type") VALUES (27, '洞口', '洞口', '洞口', '边坡危石', '处', 2, 1);
INSERT INTO "public"."tb_inspection_disease"("id", "name", "disease_part", "check_item", "damage_type", "unit", "structure_type", "type") VALUES (28, '洞口', '洞口', '洞口', '边坡积水', '处', 2, 1);
INSERT INTO "public"."tb_inspection_disease"("id", "name", "disease_part", "check_item", "damage_type", "unit", "structure_type", "type") VALUES (29, '洞口', '洞口', '洞口', '边沟淤塞', '处', 2, 1);
INSERT INTO "public"."tb_inspection_disease"("id", "name", "disease_part", "check_item", "damage_type", "unit", "structure_type", "type") VALUES (30, '洞口', '洞口', '洞口', '开裂', '处', 2, 1);
INSERT INTO "public"."tb_inspection_disease"("id", "name", "disease_part", "check_item", "damage_type", "unit", "structure_type", "type") VALUES (31, '洞口', '洞口', '洞口', '倾斜', '处', 2, 1);
INSERT INTO "public"."tb_inspection_disease"("id", "name", "disease_part", "check_item", "damage_type", "unit", "structure_type", "type") VALUES (32, '洞口', '洞口', '洞口', '沉陷', '处', 2, 1);
INSERT INTO "public"."tb_inspection_disease"("id", "name", "disease_part", "check_item", "damage_type", "unit", "structure_type", "type") VALUES (33, '洞门', '洞门', '洞门', '开裂', '处', 2, 1);
INSERT INTO "public"."tb_inspection_disease"("id", "name", "disease_part", "check_item", "damage_type", "unit", "structure_type", "type") VALUES (34, '洞门', '洞门', '洞门', '倾斜', '处', 2, 1);
INSERT INTO "public"."tb_inspection_disease"("id", "name", "disease_part", "check_item", "damage_type", "unit", "structure_type", "type") VALUES (35, '洞门', '洞门', '洞门', '沉陷', '处', 2, 1);
INSERT INTO "public"."tb_inspection_disease"("id", "name", "disease_part", "check_item", "damage_type", "unit", "structure_type", "type") VALUES (36, '洞门', '洞门', '洞门', '错台', '处', 2, 1);
INSERT INTO "public"."tb_inspection_disease"("id", "name", "disease_part", "check_item", "damage_type", "unit", "structure_type", "type") VALUES (37, '洞门', '洞门', '洞门', '起层', '处', 2, 1);
INSERT INTO "public"."tb_inspection_disease"("id", "name", "disease_part", "check_item", "damage_type", "unit", "structure_type", "type") VALUES (38, '洞门', '洞门', '洞门', '剥落', '处', 2, 1);
INSERT INTO "public"."tb_inspection_disease"("id", "name", "disease_part", "check_item", "damage_type", "unit", "structure_type", "type") VALUES (39, '洞门', '洞门', '洞门', '渗漏水', '处', 2, 1);
INSERT INTO "public"."tb_inspection_disease"("id", "name", "disease_part", "check_item", "damage_type", "unit", "structure_type", "type") VALUES (40, '衬砌', '衬砌', '衬砌', '裂纹', '处', 2, 1);
INSERT INTO "public"."tb_inspection_disease"("id", "name", "disease_part", "check_item", "damage_type", "unit", "structure_type", "type") VALUES (41, '衬砌', '衬砌', '衬砌', '错台', '处', 2, 1);
INSERT INTO "public"."tb_inspection_disease"("id", "name", "disease_part", "check_item", "damage_type", "unit", "structure_type", "type") VALUES (42, '衬砌', '衬砌', '衬砌', '起层', '处', 2, 1);
INSERT INTO "public"."tb_inspection_disease"("id", "name", "disease_part", "check_item", "damage_type", "unit", "structure_type", "type") VALUES (43, '衬砌', '衬砌', '衬砌', '剥落', '处', 2, 1);
INSERT INTO "public"."tb_inspection_disease"("id", "name", "disease_part", "check_item", "damage_type", "unit", "structure_type", "type") VALUES (44, '衬砌', '衬砌', '衬砌', '渗漏水', '处', 2, 1);
INSERT INTO "public"."tb_inspection_disease"("id", "name", "disease_part", "check_item", "damage_type", "unit", "structure_type", "type") VALUES (45, '路面', '路面', '路面', '落物', '处', 2, 1);
INSERT INTO "public"."tb_inspection_disease"("id", "name", "disease_part", "check_item", "damage_type", "unit", "structure_type", "type") VALUES (46, '路面', '路面', '路面', '油污', '处', 2, 1);
INSERT INTO "public"."tb_inspection_disease"("id", "name", "disease_part", "check_item", "damage_type", "unit", "structure_type", "type") VALUES (47, '路面', '路面', '路面', '滞水', '处', 2, 1);
INSERT INTO "public"."tb_inspection_disease"("id", "name", "disease_part", "check_item", "damage_type", "unit", "structure_type", "type") VALUES (48, '路面', '路面', '路面', '路面拱起', '处', 2, 1);
INSERT INTO "public"."tb_inspection_disease"("id", "name", "disease_part", "check_item", "damage_type", "unit", "structure_type", "type") VALUES (49, '路面', '路面', '路面', '坑槽', '处', 2, 1);
INSERT INTO "public"."tb_inspection_disease"("id", "name", "disease_part", "check_item", "damage_type", "unit", "structure_type", "type") VALUES (50, '路面', '路面', '路面', '开裂', '处', 2, 1);
INSERT INTO "public"."tb_inspection_disease"("id", "name", "disease_part", "check_item", "damage_type", "unit", "structure_type", "type") VALUES (51, '路面', '路面', '路面', '错台', '处', 2, 1);
INSERT INTO "public"."tb_inspection_disease"("id", "name", "disease_part", "check_item", "damage_type", "unit", "structure_type", "type") VALUES (52, '检修道', '检修道', '检修道', '结构破损', '处', 2, 1);
INSERT INTO "public"."tb_inspection_disease"("id", "name", "disease_part", "check_item", "damage_type", "unit", "structure_type", "type") VALUES (53, '检修道', '检修道', '检修道', '盖板缺损', '处', 2, 1);
INSERT INTO "public"."tb_inspection_disease"("id", "name", "disease_part", "check_item", "damage_type", "unit", "structure_type", "type") VALUES (54, '排水设施', '排水设施', '排水设施', '缺损', '处', 2, 1);
INSERT INTO "public"."tb_inspection_disease"("id", "name", "disease_part", "check_item", "damage_type", "unit", "structure_type", "type") VALUES (55, '排水设施', '排水设施', '排水设施', '堵塞', '处', 2, 1);
INSERT INTO "public"."tb_inspection_disease"("id", "name", "disease_part", "check_item", "damage_type", "unit", "structure_type", "type") VALUES (56, '排水设施', '排水设施', '排水设施', '积水', '处', 2, 1);
INSERT INTO "public"."tb_inspection_disease"("id", "name", "disease_part", "check_item", "damage_type", "unit", "structure_type", "type") VALUES (57, '吊顶/预埋件', '吊顶及各种预埋件', '吊顶及各种预埋件', '变形', '处', 2, 1);
INSERT INTO "public"."tb_inspection_disease"("id", "name", "disease_part", "check_item", "damage_type", "unit", "structure_type", "type") VALUES (58, '吊顶/预埋件', '吊顶及各种预埋件', '吊顶及各种预埋件', '缺损', '处', 2, 1);
INSERT INTO "public"."tb_inspection_disease"("id", "name", "disease_part", "check_item", "damage_type", "unit", "structure_type", "type") VALUES (59, '吊顶/预埋件', '吊顶及各种预埋件', '吊顶及各种预埋件', '漏水', '处', 2, 1);
INSERT INTO "public"."tb_inspection_disease"("id", "name", "disease_part", "check_item", "damage_type", "unit", "structure_type", "type") VALUES (60, '内饰', '内饰', '内饰', '脏污', '处', 2, 1);
INSERT INTO "public"."tb_inspection_disease"("id", "name", "disease_part", "check_item", "damage_type", "unit", "structure_type", "type") VALUES (61, '内饰', '内饰', '内饰', '变形', '处', 2, 1);
INSERT INTO "public"."tb_inspection_disease"("id", "name", "disease_part", "check_item", "damage_type", "unit", "structure_type", "type") VALUES (62, '内饰', '内饰', '内饰', '缺损', '处', 2, 1);
INSERT INTO "public"."tb_inspection_disease"("id", "name", "disease_part", "check_item", "damage_type", "unit", "structure_type", "type") VALUES (63, '标志标线轮廓标', '各种标志标线轮廓标', '各种标志标线轮廓标', '各种标志标线轮廓标', '处', 2, 1);
INSERT INTO "public"."tb_inspection_disease"("id", "name", "disease_part", "check_item", "damage_type", "unit", "structure_type", "type") VALUES (64, '其它说明', '其它说明', '其它说明', '其它说明', NULL, 2, 3);
INSERT INTO "public"."tb_inspection_disease"("id", "name", "disease_part", "check_item", "damage_type", "unit", "structure_type", "type") VALUES (65, '上部结构', '上部结构', '上部结构', '主拱圈', NULL, 1, 1);
INSERT INTO "public"."tb_inspection_disease"("id", "name", "disease_part", "check_item", "damage_type", "unit", "structure_type", "type") VALUES (66, '上部结构', '上部结构', '上部结构', '拱上结构', NULL, 1, 1);
INSERT INTO "public"."tb_inspection_disease"("id", "name", "disease_part", "check_item", "damage_type", "unit", "structure_type", "type") VALUES (67, '上部结构', '上部结构', '上部结构', '桥面板', NULL, 1, 1);
INSERT INTO "public"."tb_inspection_disease"("id", "name", "disease_part", "check_item", "damage_type", "unit", "structure_type", "type") VALUES (68, '上部结构', '上部结构', '上部结构', '拱片', NULL, 1, 1);
INSERT INTO "public"."tb_inspection_disease"("id", "name", "disease_part", "check_item", "damage_type", "unit", "structure_type", "type") VALUES (69, '上部结构', '上部结构', '上部结构', '主缆', NULL, 1, 1);
INSERT INTO "public"."tb_inspection_disease"("id", "name", "disease_part", "check_item", "damage_type", "unit", "structure_type", "type") VALUES (70, '上部结构', '上部结构', '上部结构', '吊索', NULL, 1, 1);
INSERT INTO "public"."tb_inspection_disease"("id", "name", "disease_part", "check_item", "damage_type", "unit", "structure_type", "type") VALUES (71, '上部结构', '上部结构', '上部结构', '加劲梁', NULL, 1, 1);
INSERT INTO "public"."tb_inspection_disease"("id", "name", "disease_part", "check_item", "damage_type", "unit", "structure_type", "type") VALUES (72, '上部结构', '上部结构', '上部结构', '索塔', NULL, 1, 1);
INSERT INTO "public"."tb_inspection_disease"("id", "name", "disease_part", "check_item", "damage_type", "unit", "structure_type", "type") VALUES (73, '上部结构', '上部结构', '上部结构', '斜拉索（包括锚具）', NULL, 1, 1);
SELECT setval('tb_inspection_disease_id_seq',(SELECT MAX(id) FROM tb_inspection_disease));


INSERT INTO "public"."tb_bridge_type_disease_rel"("id", "inspection_disease_id", "bridge_type_id", "seq_num") VALUES (1, 1, 1, 1);
INSERT INTO "public"."tb_bridge_type_disease_rel"("id", "inspection_disease_id", "bridge_type_id", "seq_num") VALUES (2, 2, 1, 2);
INSERT INTO "public"."tb_bridge_type_disease_rel"("id", "inspection_disease_id", "bridge_type_id", "seq_num") VALUES (3, 3, 1, 3);
INSERT INTO "public"."tb_bridge_type_disease_rel"("id", "inspection_disease_id", "bridge_type_id", "seq_num") VALUES (4, 4, 1, 4);
INSERT INTO "public"."tb_bridge_type_disease_rel"("id", "inspection_disease_id", "bridge_type_id", "seq_num") VALUES (5, 5, 1, 5);
INSERT INTO "public"."tb_bridge_type_disease_rel"("id", "inspection_disease_id", "bridge_type_id", "seq_num") VALUES (6, 6, 1, 6);
INSERT INTO "public"."tb_bridge_type_disease_rel"("id", "inspection_disease_id", "bridge_type_id", "seq_num") VALUES (7, 7, 1, 7);
INSERT INTO "public"."tb_bridge_type_disease_rel"("id", "inspection_disease_id", "bridge_type_id", "seq_num") VALUES (8, 8, 1, 8);
INSERT INTO "public"."tb_bridge_type_disease_rel"("id", "inspection_disease_id", "bridge_type_id", "seq_num") VALUES (9, 9, 1, 9);
INSERT INTO "public"."tb_bridge_type_disease_rel"("id", "inspection_disease_id", "bridge_type_id", "seq_num") VALUES (10, 10, 1, 10);
INSERT INTO "public"."tb_bridge_type_disease_rel"("id", "inspection_disease_id", "bridge_type_id", "seq_num") VALUES (11, 11, 1, 11);
INSERT INTO "public"."tb_bridge_type_disease_rel"("id", "inspection_disease_id", "bridge_type_id", "seq_num") VALUES (12, 12, 1, 12);
INSERT INTO "public"."tb_bridge_type_disease_rel"("id", "inspection_disease_id", "bridge_type_id", "seq_num") VALUES (13, 13, 1, 13);
INSERT INTO "public"."tb_bridge_type_disease_rel"("id", "inspection_disease_id", "bridge_type_id", "seq_num") VALUES (14, 14, 1, 14);
INSERT INTO "public"."tb_bridge_type_disease_rel"("id", "inspection_disease_id", "bridge_type_id", "seq_num") VALUES (15, 16, 1, 15);
INSERT INTO "public"."tb_bridge_type_disease_rel"("id", "inspection_disease_id", "bridge_type_id", "seq_num") VALUES (16, 17, 1, 16);
INSERT INTO "public"."tb_bridge_type_disease_rel"("id", "inspection_disease_id", "bridge_type_id", "seq_num") VALUES (17, 20, 1, 17);
INSERT INTO "public"."tb_bridge_type_disease_rel"("id", "inspection_disease_id", "bridge_type_id", "seq_num") VALUES (18, 21, 1, 18);
INSERT INTO "public"."tb_bridge_type_disease_rel"("id", "inspection_disease_id", "bridge_type_id", "seq_num") VALUES (19, 23, 1, 19);
INSERT INTO "public"."tb_bridge_type_disease_rel"("id", "inspection_disease_id", "bridge_type_id", "seq_num") VALUES (20, 24, 1, 20);
INSERT INTO "public"."tb_bridge_type_disease_rel"("id", "inspection_disease_id", "bridge_type_id", "seq_num") VALUES (21, 25, 1, 21);
INSERT INTO "public"."tb_bridge_type_disease_rel"("id", "inspection_disease_id", "bridge_type_id", "seq_num") VALUES (22, 26, 1, 22);
INSERT INTO "public"."tb_bridge_type_disease_rel"("id", "inspection_disease_id", "bridge_type_id", "seq_num") VALUES (23, 1, 2, 1);
INSERT INTO "public"."tb_bridge_type_disease_rel"("id", "inspection_disease_id", "bridge_type_id", "seq_num") VALUES (24, 2, 2, 2);
INSERT INTO "public"."tb_bridge_type_disease_rel"("id", "inspection_disease_id", "bridge_type_id", "seq_num") VALUES (25, 3, 2, 3);
INSERT INTO "public"."tb_bridge_type_disease_rel"("id", "inspection_disease_id", "bridge_type_id", "seq_num") VALUES (26, 4, 2, 4);
INSERT INTO "public"."tb_bridge_type_disease_rel"("id", "inspection_disease_id", "bridge_type_id", "seq_num") VALUES (27, 6, 2, 5);
INSERT INTO "public"."tb_bridge_type_disease_rel"("id", "inspection_disease_id", "bridge_type_id", "seq_num") VALUES (28, 7, 2, 6);
INSERT INTO "public"."tb_bridge_type_disease_rel"("id", "inspection_disease_id", "bridge_type_id", "seq_num") VALUES (29, 9, 2, 7);
INSERT INTO "public"."tb_bridge_type_disease_rel"("id", "inspection_disease_id", "bridge_type_id", "seq_num") VALUES (30, 10, 2, 8);
INSERT INTO "public"."tb_bridge_type_disease_rel"("id", "inspection_disease_id", "bridge_type_id", "seq_num") VALUES (31, 11, 2, 9);
INSERT INTO "public"."tb_bridge_type_disease_rel"("id", "inspection_disease_id", "bridge_type_id", "seq_num") VALUES (32, 12, 2, 10);
INSERT INTO "public"."tb_bridge_type_disease_rel"("id", "inspection_disease_id", "bridge_type_id", "seq_num") VALUES (33, 15, 2, 11);
INSERT INTO "public"."tb_bridge_type_disease_rel"("id", "inspection_disease_id", "bridge_type_id", "seq_num") VALUES (34, 65, 2, 12);
INSERT INTO "public"."tb_bridge_type_disease_rel"("id", "inspection_disease_id", "bridge_type_id", "seq_num") VALUES (35, 66, 2, 13);
INSERT INTO "public"."tb_bridge_type_disease_rel"("id", "inspection_disease_id", "bridge_type_id", "seq_num") VALUES (36, 67, 2, 14);
INSERT INTO "public"."tb_bridge_type_disease_rel"("id", "inspection_disease_id", "bridge_type_id", "seq_num") VALUES (37, 21, 2, 15);
INSERT INTO "public"."tb_bridge_type_disease_rel"("id", "inspection_disease_id", "bridge_type_id", "seq_num") VALUES (38, 23, 2, 16);
INSERT INTO "public"."tb_bridge_type_disease_rel"("id", "inspection_disease_id", "bridge_type_id", "seq_num") VALUES (39, 24, 2, 17);
INSERT INTO "public"."tb_bridge_type_disease_rel"("id", "inspection_disease_id", "bridge_type_id", "seq_num") VALUES (40, 25, 2, 18);
INSERT INTO "public"."tb_bridge_type_disease_rel"("id", "inspection_disease_id", "bridge_type_id", "seq_num") VALUES (41, 26, 2, 19);
INSERT INTO "public"."tb_bridge_type_disease_rel"("id", "inspection_disease_id", "bridge_type_id", "seq_num") VALUES (42, 1, 3, 1);
INSERT INTO "public"."tb_bridge_type_disease_rel"("id", "inspection_disease_id", "bridge_type_id", "seq_num") VALUES (43, 2, 3, 2);
INSERT INTO "public"."tb_bridge_type_disease_rel"("id", "inspection_disease_id", "bridge_type_id", "seq_num") VALUES (44, 3, 3, 3);
INSERT INTO "public"."tb_bridge_type_disease_rel"("id", "inspection_disease_id", "bridge_type_id", "seq_num") VALUES (45, 4, 3, 4);
INSERT INTO "public"."tb_bridge_type_disease_rel"("id", "inspection_disease_id", "bridge_type_id", "seq_num") VALUES (46, 6, 3, 5);
INSERT INTO "public"."tb_bridge_type_disease_rel"("id", "inspection_disease_id", "bridge_type_id", "seq_num") VALUES (47, 7, 3, 6);
INSERT INTO "public"."tb_bridge_type_disease_rel"("id", "inspection_disease_id", "bridge_type_id", "seq_num") VALUES (48, 9, 3, 7);
INSERT INTO "public"."tb_bridge_type_disease_rel"("id", "inspection_disease_id", "bridge_type_id", "seq_num") VALUES (49, 10, 3, 8);
INSERT INTO "public"."tb_bridge_type_disease_rel"("id", "inspection_disease_id", "bridge_type_id", "seq_num") VALUES (50, 11, 3, 9);
INSERT INTO "public"."tb_bridge_type_disease_rel"("id", "inspection_disease_id", "bridge_type_id", "seq_num") VALUES (51, 12, 3, 10);
INSERT INTO "public"."tb_bridge_type_disease_rel"("id", "inspection_disease_id", "bridge_type_id", "seq_num") VALUES (52, 15, 3, 11);
INSERT INTO "public"."tb_bridge_type_disease_rel"("id", "inspection_disease_id", "bridge_type_id", "seq_num") VALUES (53, 68, 3, 12);
INSERT INTO "public"."tb_bridge_type_disease_rel"("id", "inspection_disease_id", "bridge_type_id", "seq_num") VALUES (54, 17, 3, 13);
INSERT INTO "public"."tb_bridge_type_disease_rel"("id", "inspection_disease_id", "bridge_type_id", "seq_num") VALUES (55, 67, 3, 14);
INSERT INTO "public"."tb_bridge_type_disease_rel"("id", "inspection_disease_id", "bridge_type_id", "seq_num") VALUES (56, 21, 3, 15);
INSERT INTO "public"."tb_bridge_type_disease_rel"("id", "inspection_disease_id", "bridge_type_id", "seq_num") VALUES (57, 23, 3, 16);
INSERT INTO "public"."tb_bridge_type_disease_rel"("id", "inspection_disease_id", "bridge_type_id", "seq_num") VALUES (58, 24, 3, 17);
INSERT INTO "public"."tb_bridge_type_disease_rel"("id", "inspection_disease_id", "bridge_type_id", "seq_num") VALUES (59, 25, 3, 18);
INSERT INTO "public"."tb_bridge_type_disease_rel"("id", "inspection_disease_id", "bridge_type_id", "seq_num") VALUES (60, 26, 3, 19);
INSERT INTO "public"."tb_bridge_type_disease_rel"("id", "inspection_disease_id", "bridge_type_id", "seq_num") VALUES (61, 1, 4, 1);
INSERT INTO "public"."tb_bridge_type_disease_rel"("id", "inspection_disease_id", "bridge_type_id", "seq_num") VALUES (62, 2, 4, 2);
INSERT INTO "public"."tb_bridge_type_disease_rel"("id", "inspection_disease_id", "bridge_type_id", "seq_num") VALUES (63, 3, 4, 3);
INSERT INTO "public"."tb_bridge_type_disease_rel"("id", "inspection_disease_id", "bridge_type_id", "seq_num") VALUES (64, 4, 4, 4);
INSERT INTO "public"."tb_bridge_type_disease_rel"("id", "inspection_disease_id", "bridge_type_id", "seq_num") VALUES (65, 5, 4, 5);
INSERT INTO "public"."tb_bridge_type_disease_rel"("id", "inspection_disease_id", "bridge_type_id", "seq_num") VALUES (66, 6, 4, 6);
INSERT INTO "public"."tb_bridge_type_disease_rel"("id", "inspection_disease_id", "bridge_type_id", "seq_num") VALUES (67, 7, 4, 7);
INSERT INTO "public"."tb_bridge_type_disease_rel"("id", "inspection_disease_id", "bridge_type_id", "seq_num") VALUES (68, 8, 4, 8);
INSERT INTO "public"."tb_bridge_type_disease_rel"("id", "inspection_disease_id", "bridge_type_id", "seq_num") VALUES (69, 9, 4, 9);
INSERT INTO "public"."tb_bridge_type_disease_rel"("id", "inspection_disease_id", "bridge_type_id", "seq_num") VALUES (70, 10, 4, 10);
INSERT INTO "public"."tb_bridge_type_disease_rel"("id", "inspection_disease_id", "bridge_type_id", "seq_num") VALUES (71, 11, 4, 11);
INSERT INTO "public"."tb_bridge_type_disease_rel"("id", "inspection_disease_id", "bridge_type_id", "seq_num") VALUES (72, 12, 4, 12);
INSERT INTO "public"."tb_bridge_type_disease_rel"("id", "inspection_disease_id", "bridge_type_id", "seq_num") VALUES (73, 13, 4, 13);
INSERT INTO "public"."tb_bridge_type_disease_rel"("id", "inspection_disease_id", "bridge_type_id", "seq_num") VALUES (74, 14, 4, 14);
INSERT INTO "public"."tb_bridge_type_disease_rel"("id", "inspection_disease_id", "bridge_type_id", "seq_num") VALUES (75, 69, 4, 15);
INSERT INTO "public"."tb_bridge_type_disease_rel"("id", "inspection_disease_id", "bridge_type_id", "seq_num") VALUES (76, 70, 4, 16);
INSERT INTO "public"."tb_bridge_type_disease_rel"("id", "inspection_disease_id", "bridge_type_id", "seq_num") VALUES (77, 71, 4, 17);
INSERT INTO "public"."tb_bridge_type_disease_rel"("id", "inspection_disease_id", "bridge_type_id", "seq_num") VALUES (78, 72, 4, 18);
INSERT INTO "public"."tb_bridge_type_disease_rel"("id", "inspection_disease_id", "bridge_type_id", "seq_num") VALUES (79, 20, 4, 19);
INSERT INTO "public"."tb_bridge_type_disease_rel"("id", "inspection_disease_id", "bridge_type_id", "seq_num") VALUES (80, 21, 4, 20);
INSERT INTO "public"."tb_bridge_type_disease_rel"("id", "inspection_disease_id", "bridge_type_id", "seq_num") VALUES (81, 23, 4, 21);
INSERT INTO "public"."tb_bridge_type_disease_rel"("id", "inspection_disease_id", "bridge_type_id", "seq_num") VALUES (82, 24, 4, 22);
INSERT INTO "public"."tb_bridge_type_disease_rel"("id", "inspection_disease_id", "bridge_type_id", "seq_num") VALUES (83, 25, 4, 23);
INSERT INTO "public"."tb_bridge_type_disease_rel"("id", "inspection_disease_id", "bridge_type_id", "seq_num") VALUES (84, 26, 4, 24);
INSERT INTO "public"."tb_bridge_type_disease_rel"("id", "inspection_disease_id", "bridge_type_id", "seq_num") VALUES (85, 1, 5, 1);
INSERT INTO "public"."tb_bridge_type_disease_rel"("id", "inspection_disease_id", "bridge_type_id", "seq_num") VALUES (86, 2, 5, 2);
INSERT INTO "public"."tb_bridge_type_disease_rel"("id", "inspection_disease_id", "bridge_type_id", "seq_num") VALUES (87, 3, 5, 3);
INSERT INTO "public"."tb_bridge_type_disease_rel"("id", "inspection_disease_id", "bridge_type_id", "seq_num") VALUES (88, 4, 5, 4);
INSERT INTO "public"."tb_bridge_type_disease_rel"("id", "inspection_disease_id", "bridge_type_id", "seq_num") VALUES (89, 5, 5, 5);
INSERT INTO "public"."tb_bridge_type_disease_rel"("id", "inspection_disease_id", "bridge_type_id", "seq_num") VALUES (90, 6, 5, 6);
INSERT INTO "public"."tb_bridge_type_disease_rel"("id", "inspection_disease_id", "bridge_type_id", "seq_num") VALUES (91, 7, 5, 7);
INSERT INTO "public"."tb_bridge_type_disease_rel"("id", "inspection_disease_id", "bridge_type_id", "seq_num") VALUES (92, 8, 5, 8);
INSERT INTO "public"."tb_bridge_type_disease_rel"("id", "inspection_disease_id", "bridge_type_id", "seq_num") VALUES (93, 9, 5, 9);
INSERT INTO "public"."tb_bridge_type_disease_rel"("id", "inspection_disease_id", "bridge_type_id", "seq_num") VALUES (94, 10, 5, 10);
INSERT INTO "public"."tb_bridge_type_disease_rel"("id", "inspection_disease_id", "bridge_type_id", "seq_num") VALUES (95, 11, 5, 11);
INSERT INTO "public"."tb_bridge_type_disease_rel"("id", "inspection_disease_id", "bridge_type_id", "seq_num") VALUES (96, 12, 5, 12);
INSERT INTO "public"."tb_bridge_type_disease_rel"("id", "inspection_disease_id", "bridge_type_id", "seq_num") VALUES (97, 13, 5, 13);
INSERT INTO "public"."tb_bridge_type_disease_rel"("id", "inspection_disease_id", "bridge_type_id", "seq_num") VALUES (98, 14, 5, 14);
INSERT INTO "public"."tb_bridge_type_disease_rel"("id", "inspection_disease_id", "bridge_type_id", "seq_num") VALUES (99, 73, 5, 15);
INSERT INTO "public"."tb_bridge_type_disease_rel"("id", "inspection_disease_id", "bridge_type_id", "seq_num") VALUES (100, 16, 5, 16);
INSERT INTO "public"."tb_bridge_type_disease_rel"("id", "inspection_disease_id", "bridge_type_id", "seq_num") VALUES (101, 72, 5, 17);
INSERT INTO "public"."tb_bridge_type_disease_rel"("id", "inspection_disease_id", "bridge_type_id", "seq_num") VALUES (102, 20, 5, 18);
INSERT INTO "public"."tb_bridge_type_disease_rel"("id", "inspection_disease_id", "bridge_type_id", "seq_num") VALUES (103, 21, 5, 19);
INSERT INTO "public"."tb_bridge_type_disease_rel"("id", "inspection_disease_id", "bridge_type_id", "seq_num") VALUES (104, 23, 5, 20);
INSERT INTO "public"."tb_bridge_type_disease_rel"("id", "inspection_disease_id", "bridge_type_id", "seq_num") VALUES (105, 24, 5, 21);
INSERT INTO "public"."tb_bridge_type_disease_rel"("id", "inspection_disease_id", "bridge_type_id", "seq_num") VALUES (106, 25, 5, 22);
INSERT INTO "public"."tb_bridge_type_disease_rel"("id", "inspection_disease_id", "bridge_type_id", "seq_num") VALUES (107, 26, 5, 23);
INSERT INTO "public"."tb_bridge_type_disease_rel"("id", "inspection_disease_id", "bridge_type_id", "seq_num") VALUES (108, 1, 6, 1);
INSERT INTO "public"."tb_bridge_type_disease_rel"("id", "inspection_disease_id", "bridge_type_id", "seq_num") VALUES (109, 2, 6, 2);
INSERT INTO "public"."tb_bridge_type_disease_rel"("id", "inspection_disease_id", "bridge_type_id", "seq_num") VALUES (110, 3, 6, 3);
INSERT INTO "public"."tb_bridge_type_disease_rel"("id", "inspection_disease_id", "bridge_type_id", "seq_num") VALUES (111, 4, 6, 4);
INSERT INTO "public"."tb_bridge_type_disease_rel"("id", "inspection_disease_id", "bridge_type_id", "seq_num") VALUES (112, 5, 6, 5);
INSERT INTO "public"."tb_bridge_type_disease_rel"("id", "inspection_disease_id", "bridge_type_id", "seq_num") VALUES (113, 6, 6, 6);
INSERT INTO "public"."tb_bridge_type_disease_rel"("id", "inspection_disease_id", "bridge_type_id", "seq_num") VALUES (114, 7, 6, 7);
INSERT INTO "public"."tb_bridge_type_disease_rel"("id", "inspection_disease_id", "bridge_type_id", "seq_num") VALUES (115, 8, 6, 8);
INSERT INTO "public"."tb_bridge_type_disease_rel"("id", "inspection_disease_id", "bridge_type_id", "seq_num") VALUES (116, 9, 6, 9);
INSERT INTO "public"."tb_bridge_type_disease_rel"("id", "inspection_disease_id", "bridge_type_id", "seq_num") VALUES (117, 10, 6, 10);
INSERT INTO "public"."tb_bridge_type_disease_rel"("id", "inspection_disease_id", "bridge_type_id", "seq_num") VALUES (118, 11, 6, 11);
INSERT INTO "public"."tb_bridge_type_disease_rel"("id", "inspection_disease_id", "bridge_type_id", "seq_num") VALUES (119, 12, 6, 12);
INSERT INTO "public"."tb_bridge_type_disease_rel"("id", "inspection_disease_id", "bridge_type_id", "seq_num") VALUES (120, 13, 6, 13);
INSERT INTO "public"."tb_bridge_type_disease_rel"("id", "inspection_disease_id", "bridge_type_id", "seq_num") VALUES (121, 14, 6, 14);
INSERT INTO "public"."tb_bridge_type_disease_rel"("id", "inspection_disease_id", "bridge_type_id", "seq_num") VALUES (122, 15, 6, 15);
INSERT INTO "public"."tb_bridge_type_disease_rel"("id", "inspection_disease_id", "bridge_type_id", "seq_num") VALUES (123, 16, 6, 16);
INSERT INTO "public"."tb_bridge_type_disease_rel"("id", "inspection_disease_id", "bridge_type_id", "seq_num") VALUES (124, 17, 6, 17);
INSERT INTO "public"."tb_bridge_type_disease_rel"("id", "inspection_disease_id", "bridge_type_id", "seq_num") VALUES (125, 18, 6, 18);
INSERT INTO "public"."tb_bridge_type_disease_rel"("id", "inspection_disease_id", "bridge_type_id", "seq_num") VALUES (126, 19, 6, 19);
INSERT INTO "public"."tb_bridge_type_disease_rel"("id", "inspection_disease_id", "bridge_type_id", "seq_num") VALUES (127, 20, 6, 20);
INSERT INTO "public"."tb_bridge_type_disease_rel"("id", "inspection_disease_id", "bridge_type_id", "seq_num") VALUES (128, 21, 6, 21);
INSERT INTO "public"."tb_bridge_type_disease_rel"("id", "inspection_disease_id", "bridge_type_id", "seq_num") VALUES (129, 23, 6, 22);
INSERT INTO "public"."tb_bridge_type_disease_rel"("id", "inspection_disease_id", "bridge_type_id", "seq_num") VALUES (130, 24, 6, 23);
INSERT INTO "public"."tb_bridge_type_disease_rel"("id", "inspection_disease_id", "bridge_type_id", "seq_num") VALUES (131, 25, 6, 24);
INSERT INTO "public"."tb_bridge_type_disease_rel"("id", "inspection_disease_id", "bridge_type_id", "seq_num") VALUES (132, 26, 6, 25);
INSERT INTO "public"."tb_bridge_type_disease_rel"("id", "inspection_disease_id", "bridge_type_id", "seq_num") VALUES (133, 27, 0, 1);
INSERT INTO "public"."tb_bridge_type_disease_rel"("id", "inspection_disease_id", "bridge_type_id", "seq_num") VALUES (134, 28, 0, 2);
INSERT INTO "public"."tb_bridge_type_disease_rel"("id", "inspection_disease_id", "bridge_type_id", "seq_num") VALUES (135, 29, 0, 3);
INSERT INTO "public"."tb_bridge_type_disease_rel"("id", "inspection_disease_id", "bridge_type_id", "seq_num") VALUES (136, 30, 0, 4);
INSERT INTO "public"."tb_bridge_type_disease_rel"("id", "inspection_disease_id", "bridge_type_id", "seq_num") VALUES (137, 31, 0, 5);
INSERT INTO "public"."tb_bridge_type_disease_rel"("id", "inspection_disease_id", "bridge_type_id", "seq_num") VALUES (138, 32, 0, 6);
INSERT INTO "public"."tb_bridge_type_disease_rel"("id", "inspection_disease_id", "bridge_type_id", "seq_num") VALUES (139, 33, 0, 7);
INSERT INTO "public"."tb_bridge_type_disease_rel"("id", "inspection_disease_id", "bridge_type_id", "seq_num") VALUES (140, 34, 0, 8);
INSERT INTO "public"."tb_bridge_type_disease_rel"("id", "inspection_disease_id", "bridge_type_id", "seq_num") VALUES (141, 35, 0, 9);
INSERT INTO "public"."tb_bridge_type_disease_rel"("id", "inspection_disease_id", "bridge_type_id", "seq_num") VALUES (142, 36, 0, 10);
INSERT INTO "public"."tb_bridge_type_disease_rel"("id", "inspection_disease_id", "bridge_type_id", "seq_num") VALUES (143, 37, 0, 11);
INSERT INTO "public"."tb_bridge_type_disease_rel"("id", "inspection_disease_id", "bridge_type_id", "seq_num") VALUES (144, 38, 0, 12);
INSERT INTO "public"."tb_bridge_type_disease_rel"("id", "inspection_disease_id", "bridge_type_id", "seq_num") VALUES (145, 39, 0, 13);
INSERT INTO "public"."tb_bridge_type_disease_rel"("id", "inspection_disease_id", "bridge_type_id", "seq_num") VALUES (146, 40, 0, 14);
INSERT INTO "public"."tb_bridge_type_disease_rel"("id", "inspection_disease_id", "bridge_type_id", "seq_num") VALUES (147, 41, 0, 15);
INSERT INTO "public"."tb_bridge_type_disease_rel"("id", "inspection_disease_id", "bridge_type_id", "seq_num") VALUES (148, 42, 0, 16);
INSERT INTO "public"."tb_bridge_type_disease_rel"("id", "inspection_disease_id", "bridge_type_id", "seq_num") VALUES (149, 43, 0, 17);
INSERT INTO "public"."tb_bridge_type_disease_rel"("id", "inspection_disease_id", "bridge_type_id", "seq_num") VALUES (150, 44, 0, 18);
INSERT INTO "public"."tb_bridge_type_disease_rel"("id", "inspection_disease_id", "bridge_type_id", "seq_num") VALUES (151, 45, 0, 19);
INSERT INTO "public"."tb_bridge_type_disease_rel"("id", "inspection_disease_id", "bridge_type_id", "seq_num") VALUES (152, 46, 0, 20);
INSERT INTO "public"."tb_bridge_type_disease_rel"("id", "inspection_disease_id", "bridge_type_id", "seq_num") VALUES (153, 47, 0, 21);
INSERT INTO "public"."tb_bridge_type_disease_rel"("id", "inspection_disease_id", "bridge_type_id", "seq_num") VALUES (154, 48, 0, 22);
INSERT INTO "public"."tb_bridge_type_disease_rel"("id", "inspection_disease_id", "bridge_type_id", "seq_num") VALUES (155, 49, 0, 23);
INSERT INTO "public"."tb_bridge_type_disease_rel"("id", "inspection_disease_id", "bridge_type_id", "seq_num") VALUES (156, 50, 0, 24);
INSERT INTO "public"."tb_bridge_type_disease_rel"("id", "inspection_disease_id", "bridge_type_id", "seq_num") VALUES (157, 51, 0, 25);
INSERT INTO "public"."tb_bridge_type_disease_rel"("id", "inspection_disease_id", "bridge_type_id", "seq_num") VALUES (158, 52, 0, 26);
INSERT INTO "public"."tb_bridge_type_disease_rel"("id", "inspection_disease_id", "bridge_type_id", "seq_num") VALUES (159, 53, 0, 27);
INSERT INTO "public"."tb_bridge_type_disease_rel"("id", "inspection_disease_id", "bridge_type_id", "seq_num") VALUES (160, 54, 0, 28);
INSERT INTO "public"."tb_bridge_type_disease_rel"("id", "inspection_disease_id", "bridge_type_id", "seq_num") VALUES (161, 55, 0, 29);
INSERT INTO "public"."tb_bridge_type_disease_rel"("id", "inspection_disease_id", "bridge_type_id", "seq_num") VALUES (162, 56, 0, 30);
INSERT INTO "public"."tb_bridge_type_disease_rel"("id", "inspection_disease_id", "bridge_type_id", "seq_num") VALUES (163, 57, 0, 31);
INSERT INTO "public"."tb_bridge_type_disease_rel"("id", "inspection_disease_id", "bridge_type_id", "seq_num") VALUES (164, 58, 0, 32);
INSERT INTO "public"."tb_bridge_type_disease_rel"("id", "inspection_disease_id", "bridge_type_id", "seq_num") VALUES (165, 59, 0, 33);
INSERT INTO "public"."tb_bridge_type_disease_rel"("id", "inspection_disease_id", "bridge_type_id", "seq_num") VALUES (166, 60, 0, 34);
INSERT INTO "public"."tb_bridge_type_disease_rel"("id", "inspection_disease_id", "bridge_type_id", "seq_num") VALUES (167, 61, 0, 35);
INSERT INTO "public"."tb_bridge_type_disease_rel"("id", "inspection_disease_id", "bridge_type_id", "seq_num") VALUES (168, 62, 0, 36);
INSERT INTO "public"."tb_bridge_type_disease_rel"("id", "inspection_disease_id", "bridge_type_id", "seq_num") VALUES (169, 63, 0, 37);
INSERT INTO "public"."tb_bridge_type_disease_rel"("id", "inspection_disease_id", "bridge_type_id", "seq_num") VALUES (170, 64, 0, 38);
SELECT setval('tb_bridge_type_disease_rel_id_seq',(SELECT MAX(id) FROM tb_bridge_type_disease_rel));


INSERT INTO "public"."tb_inspection_disease_option"("id", "inspection_disease_id", "name", "seq_num", "option_status") VALUES (1, 1, '完整', 1, 1);
INSERT INTO "public"."tb_inspection_disease_option"("id", "inspection_disease_id", "name", "seq_num", "option_status") VALUES (2, 1, '缺损', 2, 0);
INSERT INTO "public"."tb_inspection_disease_option"("id", "inspection_disease_id", "name", "seq_num", "option_status") VALUES (3, 2, '完整', 1, 1);
INSERT INTO "public"."tb_inspection_disease_option"("id", "inspection_disease_id", "name", "seq_num", "option_status") VALUES (4, 2, '缺损', 2, 0);
INSERT INTO "public"."tb_inspection_disease_option"("id", "inspection_disease_id", "name", "seq_num", "option_status") VALUES (5, 3, '完好', 1, 1);
INSERT INTO "public"."tb_inspection_disease_option"("id", "inspection_disease_id", "name", "seq_num", "option_status") VALUES (6, 3, '碎裂', 2, 0);
INSERT INTO "public"."tb_inspection_disease_option"("id", "inspection_disease_id", "name", "seq_num", "option_status") VALUES (7, 4, '完好', 1, 1);
INSERT INTO "public"."tb_inspection_disease_option"("id", "inspection_disease_id", "name", "seq_num", "option_status") VALUES (8, 4, '坑槽', 2, 0);
INSERT INTO "public"."tb_inspection_disease_option"("id", "inspection_disease_id", "name", "seq_num", "option_status") VALUES (9, 5, '平整', 1, 1);
INSERT INTO "public"."tb_inspection_disease_option"("id", "inspection_disease_id", "name", "seq_num", "option_status") VALUES (10, 5, '拥包', 2, 0);
INSERT INTO "public"."tb_inspection_disease_option"("id", "inspection_disease_id", "name", "seq_num", "option_status") VALUES (11, 6, '平整', 1, 1);
INSERT INTO "public"."tb_inspection_disease_option"("id", "inspection_disease_id", "name", "seq_num", "option_status") VALUES (12, 6, '车辙', 2, 0);
INSERT INTO "public"."tb_inspection_disease_option"("id", "inspection_disease_id", "name", "seq_num", "option_status") VALUES (13, 7, '平顺', 1, 1);
INSERT INTO "public"."tb_inspection_disease_option"("id", "inspection_disease_id", "name", "seq_num", "option_status") VALUES (14, 7, '跳车', 2, 0);
INSERT INTO "public"."tb_inspection_disease_option"("id", "inspection_disease_id", "name", "seq_num", "option_status") VALUES (15, 8, '完整', 1, 1);
INSERT INTO "public"."tb_inspection_disease_option"("id", "inspection_disease_id", "name", "seq_num", "option_status") VALUES (16, 8, '缺损', 2, 0);
INSERT INTO "public"."tb_inspection_disease_option"("id", "inspection_disease_id", "name", "seq_num", "option_status") VALUES (17, 9, '完整', 1, 1);
INSERT INTO "public"."tb_inspection_disease_option"("id", "inspection_disease_id", "name", "seq_num", "option_status") VALUES (18, 9, '破损', 2, 0);
INSERT INTO "public"."tb_inspection_disease_option"("id", "inspection_disease_id", "name", "seq_num", "option_status") VALUES (19, 10, '平整', 1, 1);
INSERT INTO "public"."tb_inspection_disease_option"("id", "inspection_disease_id", "name", "seq_num", "option_status") VALUES (20, 10, '坑塘', 2, 0);
INSERT INTO "public"."tb_inspection_disease_option"("id", "inspection_disease_id", "name", "seq_num", "option_status") VALUES (21, 11, '完整', 1, 1);
INSERT INTO "public"."tb_inspection_disease_option"("id", "inspection_disease_id", "name", "seq_num", "option_status") VALUES (22, 11, '缺损', 2, 0);
INSERT INTO "public"."tb_inspection_disease_option"("id", "inspection_disease_id", "name", "seq_num", "option_status") VALUES (23, 12, '完整', 1, 1);
INSERT INTO "public"."tb_inspection_disease_option"("id", "inspection_disease_id", "name", "seq_num", "option_status") VALUES (24, 12, '缺损', 2, 0);
INSERT INTO "public"."tb_inspection_disease_option"("id", "inspection_disease_id", "name", "seq_num", "option_status") VALUES (25, 13, '完整', 1, 1);
INSERT INTO "public"."tb_inspection_disease_option"("id", "inspection_disease_id", "name", "seq_num", "option_status") VALUES (26, 13, '缺损', 2, 0);
INSERT INTO "public"."tb_inspection_disease_option"("id", "inspection_disease_id", "name", "seq_num", "option_status") VALUES (27, 14, '正常', 1, 1);
INSERT INTO "public"."tb_inspection_disease_option"("id", "inspection_disease_id", "name", "seq_num", "option_status") VALUES (28, 14, '阻塞', 2, 0);
INSERT INTO "public"."tb_inspection_disease_option"("id", "inspection_disease_id", "name", "seq_num", "option_status") VALUES (29, 15, '通畅', 1, 1);
INSERT INTO "public"."tb_inspection_disease_option"("id", "inspection_disease_id", "name", "seq_num", "option_status") VALUES (30, 15, '阻塞', 2, 0);
INSERT INTO "public"."tb_inspection_disease_option"("id", "inspection_disease_id", "name", "seq_num", "option_status") VALUES (31, 16, '正常', 1, 1);
INSERT INTO "public"."tb_inspection_disease_option"("id", "inspection_disease_id", "name", "seq_num", "option_status") VALUES (32, 16, '异常', 2, 0);
INSERT INTO "public"."tb_inspection_disease_option"("id", "inspection_disease_id", "name", "seq_num", "option_status") VALUES (33, 17, '正常', 1, 1);
INSERT INTO "public"."tb_inspection_disease_option"("id", "inspection_disease_id", "name", "seq_num", "option_status") VALUES (34, 17, '异常', 2, 0);
INSERT INTO "public"."tb_inspection_disease_option"("id", "inspection_disease_id", "name", "seq_num", "option_status") VALUES (35, 18, '正常', 1, 1);
INSERT INTO "public"."tb_inspection_disease_option"("id", "inspection_disease_id", "name", "seq_num", "option_status") VALUES (36, 18, '异常', 2, 0);
INSERT INTO "public"."tb_inspection_disease_option"("id", "inspection_disease_id", "name", "seq_num", "option_status") VALUES (37, 19, '正常', 1, 1);
INSERT INTO "public"."tb_inspection_disease_option"("id", "inspection_disease_id", "name", "seq_num", "option_status") VALUES (38, 19, '异常', 2, 0);
INSERT INTO "public"."tb_inspection_disease_option"("id", "inspection_disease_id", "name", "seq_num", "option_status") VALUES (39, 20, '正常', 1, 1);
INSERT INTO "public"."tb_inspection_disease_option"("id", "inspection_disease_id", "name", "seq_num", "option_status") VALUES (40, 20, '异常', 2, 0);
INSERT INTO "public"."tb_inspection_disease_option"("id", "inspection_disease_id", "name", "seq_num", "option_status") VALUES (41, 21, '正常', 1, 1);
INSERT INTO "public"."tb_inspection_disease_option"("id", "inspection_disease_id", "name", "seq_num", "option_status") VALUES (42, 21, '异常', 2, 0);
INSERT INTO "public"."tb_inspection_disease_option"("id", "inspection_disease_id", "name", "seq_num", "option_status") VALUES (43, 22, '正常', 1, 1);
INSERT INTO "public"."tb_inspection_disease_option"("id", "inspection_disease_id", "name", "seq_num", "option_status") VALUES (44, 22, '异常', 2, 0);
INSERT INTO "public"."tb_inspection_disease_option"("id", "inspection_disease_id", "name", "seq_num", "option_status") VALUES (45, 23, '正常', 1, 1);
INSERT INTO "public"."tb_inspection_disease_option"("id", "inspection_disease_id", "name", "seq_num", "option_status") VALUES (46, 23, '异常', 2, 0);
INSERT INTO "public"."tb_inspection_disease_option"("id", "inspection_disease_id", "name", "seq_num", "option_status") VALUES (47, 25, '桥面落物', 1, 0);
INSERT INTO "public"."tb_inspection_disease_option"("id", "inspection_disease_id", "name", "seq_num", "option_status") VALUES (48, 25, '电线管道破损', 2, 0);
INSERT INTO "public"."tb_inspection_disease_option"("id", "inspection_disease_id", "name", "seq_num", "option_status") VALUES (49, 25, '车辆事故', 3, 0);
INSERT INTO "public"."tb_inspection_disease_option"("id", "inspection_disease_id", "name", "seq_num", "option_status") VALUES (50, 25, '车辆违规停放', 4, 0);
INSERT INTO "public"."tb_inspection_disease_option"("id", "inspection_disease_id", "name", "seq_num", "option_status") VALUES (51, 24, '异常', 1, 0);
INSERT INTO "public"."tb_inspection_disease_option"("id", "inspection_disease_id", "name", "seq_num", "option_status") VALUES (52, 24, '正常', 2, 1);
INSERT INTO "public"."tb_inspection_disease_option"("id", "inspection_disease_id", "name", "seq_num", "option_status") VALUES (66, 27, '完好', 1, 1);
INSERT INTO "public"."tb_inspection_disease_option"("id", "inspection_disease_id", "name", "seq_num", "option_status") VALUES (67, 27, '缺损', 2, 0);
INSERT INTO "public"."tb_inspection_disease_option"("id", "inspection_disease_id", "name", "seq_num", "option_status") VALUES (68, 28, '完好', 1, 1);
INSERT INTO "public"."tb_inspection_disease_option"("id", "inspection_disease_id", "name", "seq_num", "option_status") VALUES (69, 28, '缺损', 2, 0);
INSERT INTO "public"."tb_inspection_disease_option"("id", "inspection_disease_id", "name", "seq_num", "option_status") VALUES (70, 29, '完好', 1, 1);
INSERT INTO "public"."tb_inspection_disease_option"("id", "inspection_disease_id", "name", "seq_num", "option_status") VALUES (71, 29, '缺损', 2, 0);
INSERT INTO "public"."tb_inspection_disease_option"("id", "inspection_disease_id", "name", "seq_num", "option_status") VALUES (72, 30, '完好', 1, 1);
INSERT INTO "public"."tb_inspection_disease_option"("id", "inspection_disease_id", "name", "seq_num", "option_status") VALUES (73, 30, '缺损', 2, 0);
INSERT INTO "public"."tb_inspection_disease_option"("id", "inspection_disease_id", "name", "seq_num", "option_status") VALUES (74, 31, '完好', 1, 1);
INSERT INTO "public"."tb_inspection_disease_option"("id", "inspection_disease_id", "name", "seq_num", "option_status") VALUES (75, 31, '缺损', 2, 0);
INSERT INTO "public"."tb_inspection_disease_option"("id", "inspection_disease_id", "name", "seq_num", "option_status") VALUES (76, 32, '完好', 1, 1);
INSERT INTO "public"."tb_inspection_disease_option"("id", "inspection_disease_id", "name", "seq_num", "option_status") VALUES (77, 32, '缺损', 2, 0);
INSERT INTO "public"."tb_inspection_disease_option"("id", "inspection_disease_id", "name", "seq_num", "option_status") VALUES (78, 33, '完好', 1, 1);
INSERT INTO "public"."tb_inspection_disease_option"("id", "inspection_disease_id", "name", "seq_num", "option_status") VALUES (79, 33, '缺损', 2, 0);
INSERT INTO "public"."tb_inspection_disease_option"("id", "inspection_disease_id", "name", "seq_num", "option_status") VALUES (80, 34, '完好', 1, 1);
INSERT INTO "public"."tb_inspection_disease_option"("id", "inspection_disease_id", "name", "seq_num", "option_status") VALUES (81, 34, '缺损', 2, 0);
INSERT INTO "public"."tb_inspection_disease_option"("id", "inspection_disease_id", "name", "seq_num", "option_status") VALUES (82, 35, '完好', 1, 1);
INSERT INTO "public"."tb_inspection_disease_option"("id", "inspection_disease_id", "name", "seq_num", "option_status") VALUES (83, 35, '缺损', 2, 0);
INSERT INTO "public"."tb_inspection_disease_option"("id", "inspection_disease_id", "name", "seq_num", "option_status") VALUES (84, 36, '完好', 1, 1);
INSERT INTO "public"."tb_inspection_disease_option"("id", "inspection_disease_id", "name", "seq_num", "option_status") VALUES (85, 36, '缺损', 2, 0);
INSERT INTO "public"."tb_inspection_disease_option"("id", "inspection_disease_id", "name", "seq_num", "option_status") VALUES (86, 37, '完好', 1, 1);
INSERT INTO "public"."tb_inspection_disease_option"("id", "inspection_disease_id", "name", "seq_num", "option_status") VALUES (87, 37, '缺损', 2, 0);
INSERT INTO "public"."tb_inspection_disease_option"("id", "inspection_disease_id", "name", "seq_num", "option_status") VALUES (88, 38, '完好', 1, 1);
INSERT INTO "public"."tb_inspection_disease_option"("id", "inspection_disease_id", "name", "seq_num", "option_status") VALUES (89, 38, '缺损', 2, 0);
INSERT INTO "public"."tb_inspection_disease_option"("id", "inspection_disease_id", "name", "seq_num", "option_status") VALUES (90, 39, '完好', 1, 1);
INSERT INTO "public"."tb_inspection_disease_option"("id", "inspection_disease_id", "name", "seq_num", "option_status") VALUES (91, 39, '缺损', 2, 0);
INSERT INTO "public"."tb_inspection_disease_option"("id", "inspection_disease_id", "name", "seq_num", "option_status") VALUES (92, 40, '完好', 1, 1);
INSERT INTO "public"."tb_inspection_disease_option"("id", "inspection_disease_id", "name", "seq_num", "option_status") VALUES (93, 40, '缺损', 2, 0);
INSERT INTO "public"."tb_inspection_disease_option"("id", "inspection_disease_id", "name", "seq_num", "option_status") VALUES (94, 41, '完好', 1, 1);
INSERT INTO "public"."tb_inspection_disease_option"("id", "inspection_disease_id", "name", "seq_num", "option_status") VALUES (95, 41, '缺损', 2, 0);
INSERT INTO "public"."tb_inspection_disease_option"("id", "inspection_disease_id", "name", "seq_num", "option_status") VALUES (96, 42, '完好', 1, 1);
INSERT INTO "public"."tb_inspection_disease_option"("id", "inspection_disease_id", "name", "seq_num", "option_status") VALUES (97, 42, '缺损', 2, 0);
INSERT INTO "public"."tb_inspection_disease_option"("id", "inspection_disease_id", "name", "seq_num", "option_status") VALUES (98, 43, '完好', 1, 1);
INSERT INTO "public"."tb_inspection_disease_option"("id", "inspection_disease_id", "name", "seq_num", "option_status") VALUES (99, 43, '缺损', 2, 0);
INSERT INTO "public"."tb_inspection_disease_option"("id", "inspection_disease_id", "name", "seq_num", "option_status") VALUES (100, 44, '完好', 1, 1);
INSERT INTO "public"."tb_inspection_disease_option"("id", "inspection_disease_id", "name", "seq_num", "option_status") VALUES (101, 44, '缺损', 2, 0);
INSERT INTO "public"."tb_inspection_disease_option"("id", "inspection_disease_id", "name", "seq_num", "option_status") VALUES (102, 45, '完好', 1, 1);
INSERT INTO "public"."tb_inspection_disease_option"("id", "inspection_disease_id", "name", "seq_num", "option_status") VALUES (103, 45, '缺损', 2, 0);
INSERT INTO "public"."tb_inspection_disease_option"("id", "inspection_disease_id", "name", "seq_num", "option_status") VALUES (104, 46, '完好', 1, 1);
INSERT INTO "public"."tb_inspection_disease_option"("id", "inspection_disease_id", "name", "seq_num", "option_status") VALUES (105, 46, '缺损', 2, 0);
INSERT INTO "public"."tb_inspection_disease_option"("id", "inspection_disease_id", "name", "seq_num", "option_status") VALUES (106, 47, '完好', 1, 1);
INSERT INTO "public"."tb_inspection_disease_option"("id", "inspection_disease_id", "name", "seq_num", "option_status") VALUES (107, 47, '缺损', 2, 0);
INSERT INTO "public"."tb_inspection_disease_option"("id", "inspection_disease_id", "name", "seq_num", "option_status") VALUES (108, 48, '完好', 1, 1);
INSERT INTO "public"."tb_inspection_disease_option"("id", "inspection_disease_id", "name", "seq_num", "option_status") VALUES (109, 48, '缺损', 2, 0);
INSERT INTO "public"."tb_inspection_disease_option"("id", "inspection_disease_id", "name", "seq_num", "option_status") VALUES (110, 49, '完好', 1, 1);
INSERT INTO "public"."tb_inspection_disease_option"("id", "inspection_disease_id", "name", "seq_num", "option_status") VALUES (111, 49, '缺损', 2, 0);
INSERT INTO "public"."tb_inspection_disease_option"("id", "inspection_disease_id", "name", "seq_num", "option_status") VALUES (112, 50, '完好', 1, 1);
INSERT INTO "public"."tb_inspection_disease_option"("id", "inspection_disease_id", "name", "seq_num", "option_status") VALUES (113, 50, '缺损', 2, 0);
INSERT INTO "public"."tb_inspection_disease_option"("id", "inspection_disease_id", "name", "seq_num", "option_status") VALUES (114, 51, '完好', 1, 1);
INSERT INTO "public"."tb_inspection_disease_option"("id", "inspection_disease_id", "name", "seq_num", "option_status") VALUES (115, 51, '缺损', 2, 0);
INSERT INTO "public"."tb_inspection_disease_option"("id", "inspection_disease_id", "name", "seq_num", "option_status") VALUES (116, 52, '完好', 1, 1);
INSERT INTO "public"."tb_inspection_disease_option"("id", "inspection_disease_id", "name", "seq_num", "option_status") VALUES (117, 52, '缺损', 2, 0);
INSERT INTO "public"."tb_inspection_disease_option"("id", "inspection_disease_id", "name", "seq_num", "option_status") VALUES (118, 53, '完好', 1, 1);
INSERT INTO "public"."tb_inspection_disease_option"("id", "inspection_disease_id", "name", "seq_num", "option_status") VALUES (119, 53, '缺损', 2, 0);
INSERT INTO "public"."tb_inspection_disease_option"("id", "inspection_disease_id", "name", "seq_num", "option_status") VALUES (120, 54, '完好', 1, 1);
INSERT INTO "public"."tb_inspection_disease_option"("id", "inspection_disease_id", "name", "seq_num", "option_status") VALUES (121, 54, '缺损', 2, 0);
INSERT INTO "public"."tb_inspection_disease_option"("id", "inspection_disease_id", "name", "seq_num", "option_status") VALUES (122, 55, '完好', 1, 1);
INSERT INTO "public"."tb_inspection_disease_option"("id", "inspection_disease_id", "name", "seq_num", "option_status") VALUES (123, 55, '缺损', 2, 0);
INSERT INTO "public"."tb_inspection_disease_option"("id", "inspection_disease_id", "name", "seq_num", "option_status") VALUES (124, 56, '完好', 1, 1);
INSERT INTO "public"."tb_inspection_disease_option"("id", "inspection_disease_id", "name", "seq_num", "option_status") VALUES (125, 56, '缺损', 2, 0);
INSERT INTO "public"."tb_inspection_disease_option"("id", "inspection_disease_id", "name", "seq_num", "option_status") VALUES (126, 57, '完好', 1, 1);
INSERT INTO "public"."tb_inspection_disease_option"("id", "inspection_disease_id", "name", "seq_num", "option_status") VALUES (127, 57, '缺损', 2, 0);
INSERT INTO "public"."tb_inspection_disease_option"("id", "inspection_disease_id", "name", "seq_num", "option_status") VALUES (128, 58, '完好', 1, 1);
INSERT INTO "public"."tb_inspection_disease_option"("id", "inspection_disease_id", "name", "seq_num", "option_status") VALUES (129, 58, '缺损', 2, 0);
INSERT INTO "public"."tb_inspection_disease_option"("id", "inspection_disease_id", "name", "seq_num", "option_status") VALUES (130, 59, '完好', 1, 1);
INSERT INTO "public"."tb_inspection_disease_option"("id", "inspection_disease_id", "name", "seq_num", "option_status") VALUES (131, 59, '缺损', 2, 0);
INSERT INTO "public"."tb_inspection_disease_option"("id", "inspection_disease_id", "name", "seq_num", "option_status") VALUES (132, 60, '完好', 1, 1);
INSERT INTO "public"."tb_inspection_disease_option"("id", "inspection_disease_id", "name", "seq_num", "option_status") VALUES (133, 60, '缺损', 2, 0);
INSERT INTO "public"."tb_inspection_disease_option"("id", "inspection_disease_id", "name", "seq_num", "option_status") VALUES (134, 61, '完好', 1, 1);
INSERT INTO "public"."tb_inspection_disease_option"("id", "inspection_disease_id", "name", "seq_num", "option_status") VALUES (135, 61, '缺损', 2, 0);
INSERT INTO "public"."tb_inspection_disease_option"("id", "inspection_disease_id", "name", "seq_num", "option_status") VALUES (136, 62, '完好', 1, 1);
INSERT INTO "public"."tb_inspection_disease_option"("id", "inspection_disease_id", "name", "seq_num", "option_status") VALUES (137, 62, '缺损', 2, 0);
INSERT INTO "public"."tb_inspection_disease_option"("id", "inspection_disease_id", "name", "seq_num", "option_status") VALUES (138, 63, '完好', 1, 1);
INSERT INTO "public"."tb_inspection_disease_option"("id", "inspection_disease_id", "name", "seq_num", "option_status") VALUES (139, 63, '缺损', 2, 0);
INSERT INTO "public"."tb_inspection_disease_option"("id", "inspection_disease_id", "name", "seq_num", "option_status") VALUES (141, 65, '正常', 1, 1);
INSERT INTO "public"."tb_inspection_disease_option"("id", "inspection_disease_id", "name", "seq_num", "option_status") VALUES (142, 65, '异常', 2, 0);
INSERT INTO "public"."tb_inspection_disease_option"("id", "inspection_disease_id", "name", "seq_num", "option_status") VALUES (143, 66, '正常', 1, 1);
INSERT INTO "public"."tb_inspection_disease_option"("id", "inspection_disease_id", "name", "seq_num", "option_status") VALUES (144, 66, '异常', 2, 0);
INSERT INTO "public"."tb_inspection_disease_option"("id", "inspection_disease_id", "name", "seq_num", "option_status") VALUES (145, 67, '正常', 1, 1);
INSERT INTO "public"."tb_inspection_disease_option"("id", "inspection_disease_id", "name", "seq_num", "option_status") VALUES (146, 67, '异常', 2, 0);
INSERT INTO "public"."tb_inspection_disease_option"("id", "inspection_disease_id", "name", "seq_num", "option_status") VALUES (147, 68, '正常', 1, 1);
INSERT INTO "public"."tb_inspection_disease_option"("id", "inspection_disease_id", "name", "seq_num", "option_status") VALUES (148, 68, '异常', 2, 0);
INSERT INTO "public"."tb_inspection_disease_option"("id", "inspection_disease_id", "name", "seq_num", "option_status") VALUES (149, 69, '正常', 1, 1);
INSERT INTO "public"."tb_inspection_disease_option"("id", "inspection_disease_id", "name", "seq_num", "option_status") VALUES (150, 69, '异常', 2, 0);
INSERT INTO "public"."tb_inspection_disease_option"("id", "inspection_disease_id", "name", "seq_num", "option_status") VALUES (151, 70, '正常', 1, 1);
INSERT INTO "public"."tb_inspection_disease_option"("id", "inspection_disease_id", "name", "seq_num", "option_status") VALUES (152, 70, '异常', 2, 0);
INSERT INTO "public"."tb_inspection_disease_option"("id", "inspection_disease_id", "name", "seq_num", "option_status") VALUES (153, 71, '正常', 1, 1);
INSERT INTO "public"."tb_inspection_disease_option"("id", "inspection_disease_id", "name", "seq_num", "option_status") VALUES (154, 71, '异常', 2, 0);
INSERT INTO "public"."tb_inspection_disease_option"("id", "inspection_disease_id", "name", "seq_num", "option_status") VALUES (155, 72, '正常', 1, 1);
INSERT INTO "public"."tb_inspection_disease_option"("id", "inspection_disease_id", "name", "seq_num", "option_status") VALUES (156, 72, '异常', 2, 0);
INSERT INTO "public"."tb_inspection_disease_option"("id", "inspection_disease_id", "name", "seq_num", "option_status") VALUES (157, 73, '正常', 1, 1);
INSERT INTO "public"."tb_inspection_disease_option"("id", "inspection_disease_id", "name", "seq_num", "option_status") VALUES (158, 73, '异常', 2, 0);
INSERT INTO "public"."tb_inspection_disease_option"("id", "inspection_disease_id", "name", "seq_num", "option_status") VALUES (159, 26, NULL, 1, 1);
INSERT INTO "public"."tb_inspection_disease_option"("id", "inspection_disease_id", "name", "seq_num", "option_status") VALUES (160, 64, NULL, 1, 1);
INSERT INTO "public"."tb_inspection_disease_option"("id", "inspection_disease_id", "name", "seq_num", "option_status") VALUES (161, 25, NULL, 1, 1);
SELECT setval('tb_inspection_disease_option_id_seq',(SELECT MAX(id) FROM tb_inspection_disease_option));


-----------------------------------
--检测评估模块
-----------------------------------


INSERT INTO "public"."tb_bridge_weight"("id", "bridge_type_id", "part_type", "weight") VALUES (1, 1, 1, '0.15');
INSERT INTO "public"."tb_bridge_weight"("id", "bridge_type_id", "part_type", "weight") VALUES (2, 1, 2, '0.4');
INSERT INTO "public"."tb_bridge_weight"("id", "bridge_type_id", "part_type", "weight") VALUES (3, 1, 3, '0.45');
INSERT INTO "public"."tb_bridge_weight"("id", "bridge_type_id", "part_type", "weight") VALUES (4, 2, 1, '0.15');
INSERT INTO "public"."tb_bridge_weight"("id", "bridge_type_id", "part_type", "weight") VALUES (5, 2, 2, '0.4');
INSERT INTO "public"."tb_bridge_weight"("id", "bridge_type_id", "part_type", "weight") VALUES (6, 2, 3, '0.45');
INSERT INTO "public"."tb_bridge_weight"("id", "bridge_type_id", "part_type", "weight") VALUES (7, 3, 1, '0.15');
INSERT INTO "public"."tb_bridge_weight"("id", "bridge_type_id", "part_type", "weight") VALUES (8, 3, 2, '0.4');
INSERT INTO "public"."tb_bridge_weight"("id", "bridge_type_id", "part_type", "weight") VALUES (9, 3, 3, '0.45');
INSERT INTO "public"."tb_bridge_weight"("id", "bridge_type_id", "part_type", "weight") VALUES (10, 4, 1, '0.15');
INSERT INTO "public"."tb_bridge_weight"("id", "bridge_type_id", "part_type", "weight") VALUES (11, 4, 2, '0.4');
INSERT INTO "public"."tb_bridge_weight"("id", "bridge_type_id", "part_type", "weight") VALUES (12, 4, 3, '0.45');
INSERT INTO "public"."tb_bridge_weight"("id", "bridge_type_id", "part_type", "weight") VALUES (13, 5, 1, '0.1');
INSERT INTO "public"."tb_bridge_weight"("id", "bridge_type_id", "part_type", "weight") VALUES (14, 5, 2, '0.45');
INSERT INTO "public"."tb_bridge_weight"("id", "bridge_type_id", "part_type", "weight") VALUES (15, 5, 3, '0.45');
INSERT INTO "public"."tb_bridge_weight"("id", "bridge_type_id", "part_type", "weight") VALUES (16, 6, 1, '0.1');
INSERT INTO "public"."tb_bridge_weight"("id", "bridge_type_id", "part_type", "weight") VALUES (17, 6, 2, '0.45');
INSERT INTO "public"."tb_bridge_weight"("id", "bridge_type_id", "part_type", "weight") VALUES (18, 6, 3, '0.45');
INSERT INTO "public"."tb_bridge_weight"("id", "bridge_type_id", "part_type", "weight") VALUES (19, 7, 1, '0.15');
INSERT INTO "public"."tb_bridge_weight"("id", "bridge_type_id", "part_type", "weight") VALUES (20, 7, 2, '0.45');
INSERT INTO "public"."tb_bridge_weight"("id", "bridge_type_id", "part_type", "weight") VALUES (21, 7, 3, '0.4');
INSERT INTO "public"."tb_bridge_weight"("id", "bridge_type_id", "part_type", "weight") VALUES (22, 8, 1, '0.15');
INSERT INTO "public"."tb_bridge_weight"("id", "bridge_type_id", "part_type", "weight") VALUES (23, 8, 2, '0.45');
INSERT INTO "public"."tb_bridge_weight"("id", "bridge_type_id", "part_type", "weight") VALUES (24, 8, 3, '0.4');
SELECT setval('tb_bridge_weight_id_seq',(SELECT MAX(id) FROM tb_bridge_weight));


INSERT INTO "public"."tb_bridge_type"("id", "name") VALUES (1, '梁桥');
INSERT INTO "public"."tb_bridge_type"("id", "name") VALUES (2, '悬臂挂梁桥');
INSERT INTO "public"."tb_bridge_type"("id", "name") VALUES (3, '刚构桥');
INSERT INTO "public"."tb_bridge_type"("id", "name") VALUES (4, '桁架桥');
INSERT INTO "public"."tb_bridge_type"("id", "name") VALUES (5, '钢结构拱桥圬工拱桥');
INSERT INTO "public"."tb_bridge_type"("id", "name") VALUES (6, '钢筋混凝土拱桥圬工拱桥');
INSERT INTO "public"."tb_bridge_type"("id", "name") VALUES (7, '人行天桥（梁桥）');
INSERT INTO "public"."tb_bridge_type"("id", "name") VALUES (8, '人行天桥（钢桁架桥）');
SELECT setval('tb_bridge_type_id_seq',(SELECT MAX(id) FROM tb_bridge_type));


INSERT INTO "public"."tb_bridge_type_component_rel"("id", "bridge_type_id", "component_id", "part_type", "initial_weight", "pier_abutment") VALUES (1, 1, 1, 1, '0.3', NULL);
INSERT INTO "public"."tb_bridge_type_component_rel"("id", "bridge_type_id", "component_id", "part_type", "initial_weight", "pier_abutment") VALUES (2, 1, 2, 1, '0.15', NULL);
INSERT INTO "public"."tb_bridge_type_component_rel"("id", "bridge_type_id", "component_id", "part_type", "initial_weight", "pier_abutment") VALUES (3, 1, 3, 1, '0.25', NULL);
INSERT INTO "public"."tb_bridge_type_component_rel"("id", "bridge_type_id", "component_id", "part_type", "initial_weight", "pier_abutment") VALUES (4, 1, 4, 1, '0.1', NULL);
INSERT INTO "public"."tb_bridge_type_component_rel"("id", "bridge_type_id", "component_id", "part_type", "initial_weight", "pier_abutment") VALUES (5, 1, 5, 1, '0.1', NULL);
INSERT INTO "public"."tb_bridge_type_component_rel"("id", "bridge_type_id", "component_id", "part_type", "initial_weight", "pier_abutment") VALUES (6, 1, 6, 1, '0.1', NULL);
INSERT INTO "public"."tb_bridge_type_component_rel"("id", "bridge_type_id", "component_id", "part_type", "initial_weight", "pier_abutment") VALUES (7, 2, 1, 1, '0.3', NULL);
INSERT INTO "public"."tb_bridge_type_component_rel"("id", "bridge_type_id", "component_id", "part_type", "initial_weight", "pier_abutment") VALUES (8, 2, 2, 1, '0.15', NULL);
INSERT INTO "public"."tb_bridge_type_component_rel"("id", "bridge_type_id", "component_id", "part_type", "initial_weight", "pier_abutment") VALUES (9, 2, 3, 1, '0.25', NULL);
INSERT INTO "public"."tb_bridge_type_component_rel"("id", "bridge_type_id", "component_id", "part_type", "initial_weight", "pier_abutment") VALUES (10, 2, 4, 1, '0.1', NULL);
INSERT INTO "public"."tb_bridge_type_component_rel"("id", "bridge_type_id", "component_id", "part_type", "initial_weight", "pier_abutment") VALUES (11, 2, 5, 1, '0.1', NULL);
INSERT INTO "public"."tb_bridge_type_component_rel"("id", "bridge_type_id", "component_id", "part_type", "initial_weight", "pier_abutment") VALUES (12, 2, 6, 1, '0.1', NULL);
INSERT INTO "public"."tb_bridge_type_component_rel"("id", "bridge_type_id", "component_id", "part_type", "initial_weight", "pier_abutment") VALUES (13, 3, 1, 1, '0.3', NULL);
INSERT INTO "public"."tb_bridge_type_component_rel"("id", "bridge_type_id", "component_id", "part_type", "initial_weight", "pier_abutment") VALUES (14, 3, 2, 1, '0.15', NULL);
INSERT INTO "public"."tb_bridge_type_component_rel"("id", "bridge_type_id", "component_id", "part_type", "initial_weight", "pier_abutment") VALUES (15, 3, 3, 1, '0.25', NULL);
INSERT INTO "public"."tb_bridge_type_component_rel"("id", "bridge_type_id", "component_id", "part_type", "initial_weight", "pier_abutment") VALUES (16, 3, 4, 1, '0.1', NULL);
INSERT INTO "public"."tb_bridge_type_component_rel"("id", "bridge_type_id", "component_id", "part_type", "initial_weight", "pier_abutment") VALUES (17, 3, 5, 1, '0.1', NULL);
INSERT INTO "public"."tb_bridge_type_component_rel"("id", "bridge_type_id", "component_id", "part_type", "initial_weight", "pier_abutment") VALUES (18, 3, 6, 1, '0.1', NULL);
INSERT INTO "public"."tb_bridge_type_component_rel"("id", "bridge_type_id", "component_id", "part_type", "initial_weight", "pier_abutment") VALUES (19, 4, 1, 1, '0.3', NULL);
INSERT INTO "public"."tb_bridge_type_component_rel"("id", "bridge_type_id", "component_id", "part_type", "initial_weight", "pier_abutment") VALUES (20, 4, 2, 1, '0.15', NULL);
INSERT INTO "public"."tb_bridge_type_component_rel"("id", "bridge_type_id", "component_id", "part_type", "initial_weight", "pier_abutment") VALUES (21, 4, 3, 1, '0.25', NULL);
INSERT INTO "public"."tb_bridge_type_component_rel"("id", "bridge_type_id", "component_id", "part_type", "initial_weight", "pier_abutment") VALUES (22, 4, 4, 1, '0.1', NULL);
INSERT INTO "public"."tb_bridge_type_component_rel"("id", "bridge_type_id", "component_id", "part_type", "initial_weight", "pier_abutment") VALUES (23, 4, 5, 1, '0.1', NULL);
INSERT INTO "public"."tb_bridge_type_component_rel"("id", "bridge_type_id", "component_id", "part_type", "initial_weight", "pier_abutment") VALUES (24, 4, 6, 1, '0.1', NULL);
INSERT INTO "public"."tb_bridge_type_component_rel"("id", "bridge_type_id", "component_id", "part_type", "initial_weight", "pier_abutment") VALUES (25, 5, 1, 1, '0.3', NULL);
INSERT INTO "public"."tb_bridge_type_component_rel"("id", "bridge_type_id", "component_id", "part_type", "initial_weight", "pier_abutment") VALUES (26, 5, 2, 1, '0.15', NULL);
INSERT INTO "public"."tb_bridge_type_component_rel"("id", "bridge_type_id", "component_id", "part_type", "initial_weight", "pier_abutment") VALUES (27, 5, 3, 1, '0.25', NULL);
INSERT INTO "public"."tb_bridge_type_component_rel"("id", "bridge_type_id", "component_id", "part_type", "initial_weight", "pier_abutment") VALUES (28, 5, 4, 1, '0.1', NULL);
INSERT INTO "public"."tb_bridge_type_component_rel"("id", "bridge_type_id", "component_id", "part_type", "initial_weight", "pier_abutment") VALUES (29, 5, 5, 1, '0.1', NULL);
INSERT INTO "public"."tb_bridge_type_component_rel"("id", "bridge_type_id", "component_id", "part_type", "initial_weight", "pier_abutment") VALUES (30, 5, 6, 1, '0.1', NULL);
INSERT INTO "public"."tb_bridge_type_component_rel"("id", "bridge_type_id", "component_id", "part_type", "initial_weight", "pier_abutment") VALUES (31, 6, 1, 1, '0.3', NULL);
INSERT INTO "public"."tb_bridge_type_component_rel"("id", "bridge_type_id", "component_id", "part_type", "initial_weight", "pier_abutment") VALUES (32, 6, 2, 1, '0.15', NULL);
INSERT INTO "public"."tb_bridge_type_component_rel"("id", "bridge_type_id", "component_id", "part_type", "initial_weight", "pier_abutment") VALUES (33, 6, 3, 1, '0.25', NULL);
INSERT INTO "public"."tb_bridge_type_component_rel"("id", "bridge_type_id", "component_id", "part_type", "initial_weight", "pier_abutment") VALUES (34, 6, 4, 1, '0.1', NULL);
INSERT INTO "public"."tb_bridge_type_component_rel"("id", "bridge_type_id", "component_id", "part_type", "initial_weight", "pier_abutment") VALUES (35, 6, 5, 1, '0.1', NULL);
INSERT INTO "public"."tb_bridge_type_component_rel"("id", "bridge_type_id", "component_id", "part_type", "initial_weight", "pier_abutment") VALUES (36, 6, 6, 1, '0.1', NULL);
INSERT INTO "public"."tb_bridge_type_component_rel"("id", "bridge_type_id", "component_id", "part_type", "initial_weight", "pier_abutment") VALUES (37, 7, 1, 1, '0.4', NULL);
INSERT INTO "public"."tb_bridge_type_component_rel"("id", "bridge_type_id", "component_id", "part_type", "initial_weight", "pier_abutment") VALUES (38, 7, 3, 1, '0.15', NULL);
INSERT INTO "public"."tb_bridge_type_component_rel"("id", "bridge_type_id", "component_id", "part_type", "initial_weight", "pier_abutment") VALUES (39, 7, 4, 1, '0.2', NULL);
INSERT INTO "public"."tb_bridge_type_component_rel"("id", "bridge_type_id", "component_id", "part_type", "initial_weight", "pier_abutment") VALUES (40, 7, 6, 1, '0.25', NULL);
INSERT INTO "public"."tb_bridge_type_component_rel"("id", "bridge_type_id", "component_id", "part_type", "initial_weight", "pier_abutment") VALUES (41, 8, 1, 1, '0.4', NULL);
INSERT INTO "public"."tb_bridge_type_component_rel"("id", "bridge_type_id", "component_id", "part_type", "initial_weight", "pier_abutment") VALUES (42, 8, 3, 1, '0.15', NULL);
INSERT INTO "public"."tb_bridge_type_component_rel"("id", "bridge_type_id", "component_id", "part_type", "initial_weight", "pier_abutment") VALUES (43, 8, 4, 1, '0.2', NULL);
INSERT INTO "public"."tb_bridge_type_component_rel"("id", "bridge_type_id", "component_id", "part_type", "initial_weight", "pier_abutment") VALUES (44, 8, 6, 1, '0.25', NULL);
INSERT INTO "public"."tb_bridge_type_component_rel"("id", "bridge_type_id", "component_id", "part_type", "initial_weight", "pier_abutment") VALUES (45, 1, 7, 2, '0.6', NULL);
INSERT INTO "public"."tb_bridge_type_component_rel"("id", "bridge_type_id", "component_id", "part_type", "initial_weight", "pier_abutment") VALUES (46, 1, 8, 2, '0.4', NULL);
INSERT INTO "public"."tb_bridge_type_component_rel"("id", "bridge_type_id", "component_id", "part_type", "initial_weight", "pier_abutment") VALUES (47, 2, 9, 2, '0.6', NULL);
INSERT INTO "public"."tb_bridge_type_component_rel"("id", "bridge_type_id", "component_id", "part_type", "initial_weight", "pier_abutment") VALUES (48, 2, 10, 2, '0.2', NULL);
INSERT INTO "public"."tb_bridge_type_component_rel"("id", "bridge_type_id", "component_id", "part_type", "initial_weight", "pier_abutment") VALUES (49, 2, 11, 2, '0.1', NULL);
INSERT INTO "public"."tb_bridge_type_component_rel"("id", "bridge_type_id", "component_id", "part_type", "initial_weight", "pier_abutment") VALUES (50, 2, 12, 2, '0.1', NULL);
INSERT INTO "public"."tb_bridge_type_component_rel"("id", "bridge_type_id", "component_id", "part_type", "initial_weight", "pier_abutment") VALUES (51, 3, 7, 2, '0.8', NULL);
INSERT INTO "public"."tb_bridge_type_component_rel"("id", "bridge_type_id", "component_id", "part_type", "initial_weight", "pier_abutment") VALUES (52, 3, 8, 2, '0.2', NULL);
INSERT INTO "public"."tb_bridge_type_component_rel"("id", "bridge_type_id", "component_id", "part_type", "initial_weight", "pier_abutment") VALUES (53, 4, 13, 2, '0.5', NULL);
INSERT INTO "public"."tb_bridge_type_component_rel"("id", "bridge_type_id", "component_id", "part_type", "initial_weight", "pier_abutment") VALUES (54, 4, 14, 2, '0.1', NULL);
INSERT INTO "public"."tb_bridge_type_component_rel"("id", "bridge_type_id", "component_id", "part_type", "initial_weight", "pier_abutment") VALUES (55, 4, 15, 2, '0.2', NULL);
INSERT INTO "public"."tb_bridge_type_component_rel"("id", "bridge_type_id", "component_id", "part_type", "initial_weight", "pier_abutment") VALUES (56, 4, 16, 2, '0.1', NULL);
INSERT INTO "public"."tb_bridge_type_component_rel"("id", "bridge_type_id", "component_id", "part_type", "initial_weight", "pier_abutment") VALUES (57, 4, 17, 2, '0.1', NULL);
INSERT INTO "public"."tb_bridge_type_component_rel"("id", "bridge_type_id", "component_id", "part_type", "initial_weight", "pier_abutment") VALUES (58, 5, 8, 2, '0.3', NULL);
INSERT INTO "public"."tb_bridge_type_component_rel"("id", "bridge_type_id", "component_id", "part_type", "initial_weight", "pier_abutment") VALUES (59, 5, 18, 2, '0.7', NULL);
INSERT INTO "public"."tb_bridge_type_component_rel"("id", "bridge_type_id", "component_id", "part_type", "initial_weight", "pier_abutment") VALUES (60, 6, 8, 2, '0.3', NULL);
INSERT INTO "public"."tb_bridge_type_component_rel"("id", "bridge_type_id", "component_id", "part_type", "initial_weight", "pier_abutment") VALUES (61, 6, 18, 2, '0.5', NULL);
INSERT INTO "public"."tb_bridge_type_component_rel"("id", "bridge_type_id", "component_id", "part_type", "initial_weight", "pier_abutment") VALUES (62, 6, 19, 2, '0.2', NULL);
INSERT INTO "public"."tb_bridge_type_component_rel"("id", "bridge_type_id", "component_id", "part_type", "initial_weight", "pier_abutment") VALUES (63, 7, 7, 2, '0.55', NULL);
INSERT INTO "public"."tb_bridge_type_component_rel"("id", "bridge_type_id", "component_id", "part_type", "initial_weight", "pier_abutment") VALUES (64, 7, 8, 2, '0.35', NULL);
INSERT INTO "public"."tb_bridge_type_component_rel"("id", "bridge_type_id", "component_id", "part_type", "initial_weight", "pier_abutment") VALUES (65, 7, 20, 2, '0.1', NULL);
INSERT INTO "public"."tb_bridge_type_component_rel"("id", "bridge_type_id", "component_id", "part_type", "initial_weight", "pier_abutment") VALUES (66, 8, 13, 2, '0.48', NULL);
INSERT INTO "public"."tb_bridge_type_component_rel"("id", "bridge_type_id", "component_id", "part_type", "initial_weight", "pier_abutment") VALUES (67, 8, 14, 2, '0.08', NULL);
INSERT INTO "public"."tb_bridge_type_component_rel"("id", "bridge_type_id", "component_id", "part_type", "initial_weight", "pier_abutment") VALUES (68, 8, 15, 2, '0.18', NULL);
INSERT INTO "public"."tb_bridge_type_component_rel"("id", "bridge_type_id", "component_id", "part_type", "initial_weight", "pier_abutment") VALUES (69, 8, 16, 2, '0.08', NULL);
INSERT INTO "public"."tb_bridge_type_component_rel"("id", "bridge_type_id", "component_id", "part_type", "initial_weight", "pier_abutment") VALUES (70, 8, 17, 2, '0.08', NULL);
INSERT INTO "public"."tb_bridge_type_component_rel"("id", "bridge_type_id", "component_id", "part_type", "initial_weight", "pier_abutment") VALUES (71, 8, 20, 2, '0.1', NULL);
INSERT INTO "public"."tb_bridge_type_component_rel"("id", "bridge_type_id", "component_id", "part_type", "initial_weight", "pier_abutment") VALUES (72, 1, 21, 3, '0.15', 0);
INSERT INTO "public"."tb_bridge_type_component_rel"("id", "bridge_type_id", "component_id", "part_type", "initial_weight", "pier_abutment") VALUES (73, 1, 22, 3, '0.3', 0);
INSERT INTO "public"."tb_bridge_type_component_rel"("id", "bridge_type_id", "component_id", "part_type", "initial_weight", "pier_abutment") VALUES (74, 1, 23, 3, '0.4', 0);
INSERT INTO "public"."tb_bridge_type_component_rel"("id", "bridge_type_id", "component_id", "part_type", "initial_weight", "pier_abutment") VALUES (75, 1, 24, 3, '0.15', 0);
INSERT INTO "public"."tb_bridge_type_component_rel"("id", "bridge_type_id", "component_id", "part_type", "initial_weight", "pier_abutment") VALUES (76, 1, 26, 3, '0.15', 1);
INSERT INTO "public"."tb_bridge_type_component_rel"("id", "bridge_type_id", "component_id", "part_type", "initial_weight", "pier_abutment") VALUES (77, 1, 27, 3, '0.2', 1);
INSERT INTO "public"."tb_bridge_type_component_rel"("id", "bridge_type_id", "component_id", "part_type", "initial_weight", "pier_abutment") VALUES (78, 1, 23, 3, '0.4', 1);
INSERT INTO "public"."tb_bridge_type_component_rel"("id", "bridge_type_id", "component_id", "part_type", "initial_weight", "pier_abutment") VALUES (79, 1, 28, 3, '0.1', 1);
INSERT INTO "public"."tb_bridge_type_component_rel"("id", "bridge_type_id", "component_id", "part_type", "initial_weight", "pier_abutment") VALUES (80, 1, 24, 3, '0.15', 1);
INSERT INTO "public"."tb_bridge_type_component_rel"("id", "bridge_type_id", "component_id", "part_type", "initial_weight", "pier_abutment") VALUES (81, 2, 21, 3, '0.15', 0);
INSERT INTO "public"."tb_bridge_type_component_rel"("id", "bridge_type_id", "component_id", "part_type", "initial_weight", "pier_abutment") VALUES (82, 2, 22, 3, '0.3', 0);
INSERT INTO "public"."tb_bridge_type_component_rel"("id", "bridge_type_id", "component_id", "part_type", "initial_weight", "pier_abutment") VALUES (83, 2, 23, 3, '0.4', 0);
INSERT INTO "public"."tb_bridge_type_component_rel"("id", "bridge_type_id", "component_id", "part_type", "initial_weight", "pier_abutment") VALUES (84, 2, 24, 3, '0.15', 0);
INSERT INTO "public"."tb_bridge_type_component_rel"("id", "bridge_type_id", "component_id", "part_type", "initial_weight", "pier_abutment") VALUES (85, 2, 26, 3, '0.15', 1);
INSERT INTO "public"."tb_bridge_type_component_rel"("id", "bridge_type_id", "component_id", "part_type", "initial_weight", "pier_abutment") VALUES (86, 2, 27, 3, '0.2', 1);
INSERT INTO "public"."tb_bridge_type_component_rel"("id", "bridge_type_id", "component_id", "part_type", "initial_weight", "pier_abutment") VALUES (87, 2, 23, 3, '0.4', 1);
INSERT INTO "public"."tb_bridge_type_component_rel"("id", "bridge_type_id", "component_id", "part_type", "initial_weight", "pier_abutment") VALUES (88, 2, 28, 3, '0.1', 1);
INSERT INTO "public"."tb_bridge_type_component_rel"("id", "bridge_type_id", "component_id", "part_type", "initial_weight", "pier_abutment") VALUES (89, 2, 24, 3, '0.15', 1);
INSERT INTO "public"."tb_bridge_type_component_rel"("id", "bridge_type_id", "component_id", "part_type", "initial_weight", "pier_abutment") VALUES (90, 3, 21, 3, '0.15', 0);
INSERT INTO "public"."tb_bridge_type_component_rel"("id", "bridge_type_id", "component_id", "part_type", "initial_weight", "pier_abutment") VALUES (91, 3, 22, 3, '0.3', 0);
INSERT INTO "public"."tb_bridge_type_component_rel"("id", "bridge_type_id", "component_id", "part_type", "initial_weight", "pier_abutment") VALUES (92, 3, 23, 3, '0.4', 0);
INSERT INTO "public"."tb_bridge_type_component_rel"("id", "bridge_type_id", "component_id", "part_type", "initial_weight", "pier_abutment") VALUES (93, 3, 24, 3, '0.15', 0);
INSERT INTO "public"."tb_bridge_type_component_rel"("id", "bridge_type_id", "component_id", "part_type", "initial_weight", "pier_abutment") VALUES (94, 3, 26, 3, '0.15', 1);
INSERT INTO "public"."tb_bridge_type_component_rel"("id", "bridge_type_id", "component_id", "part_type", "initial_weight", "pier_abutment") VALUES (95, 3, 27, 3, '0.2', 1);
INSERT INTO "public"."tb_bridge_type_component_rel"("id", "bridge_type_id", "component_id", "part_type", "initial_weight", "pier_abutment") VALUES (96, 3, 23, 3, '0.4', 1);
INSERT INTO "public"."tb_bridge_type_component_rel"("id", "bridge_type_id", "component_id", "part_type", "initial_weight", "pier_abutment") VALUES (97, 3, 28, 3, '0.1', 1);
INSERT INTO "public"."tb_bridge_type_component_rel"("id", "bridge_type_id", "component_id", "part_type", "initial_weight", "pier_abutment") VALUES (98, 3, 24, 3, '0.15', 1);
INSERT INTO "public"."tb_bridge_type_component_rel"("id", "bridge_type_id", "component_id", "part_type", "initial_weight", "pier_abutment") VALUES (99, 4, 21, 3, '0.15', 0);
INSERT INTO "public"."tb_bridge_type_component_rel"("id", "bridge_type_id", "component_id", "part_type", "initial_weight", "pier_abutment") VALUES (100, 4, 22, 3, '0.3', 0);
INSERT INTO "public"."tb_bridge_type_component_rel"("id", "bridge_type_id", "component_id", "part_type", "initial_weight", "pier_abutment") VALUES (101, 4, 23, 3, '0.4', 0);
INSERT INTO "public"."tb_bridge_type_component_rel"("id", "bridge_type_id", "component_id", "part_type", "initial_weight", "pier_abutment") VALUES (102, 4, 24, 3, '0.15', 0);
INSERT INTO "public"."tb_bridge_type_component_rel"("id", "bridge_type_id", "component_id", "part_type", "initial_weight", "pier_abutment") VALUES (103, 4, 26, 3, '0.15', 1);
INSERT INTO "public"."tb_bridge_type_component_rel"("id", "bridge_type_id", "component_id", "part_type", "initial_weight", "pier_abutment") VALUES (104, 4, 27, 3, '0.2', 1);
INSERT INTO "public"."tb_bridge_type_component_rel"("id", "bridge_type_id", "component_id", "part_type", "initial_weight", "pier_abutment") VALUES (105, 4, 23, 3, '0.4', 1);
INSERT INTO "public"."tb_bridge_type_component_rel"("id", "bridge_type_id", "component_id", "part_type", "initial_weight", "pier_abutment") VALUES (106, 4, 28, 3, '0.1', 1);
INSERT INTO "public"."tb_bridge_type_component_rel"("id", "bridge_type_id", "component_id", "part_type", "initial_weight", "pier_abutment") VALUES (107, 4, 24, 3, '0.15', 1);
INSERT INTO "public"."tb_bridge_type_component_rel"("id", "bridge_type_id", "component_id", "part_type", "initial_weight", "pier_abutment") VALUES (108, 5, 21, 3, '0.1', 0);
INSERT INTO "public"."tb_bridge_type_component_rel"("id", "bridge_type_id", "component_id", "part_type", "initial_weight", "pier_abutment") VALUES (109, 5, 22, 3, '0.3', 0);
INSERT INTO "public"."tb_bridge_type_component_rel"("id", "bridge_type_id", "component_id", "part_type", "initial_weight", "pier_abutment") VALUES (110, 5, 23, 3, '0.45', 0);
INSERT INTO "public"."tb_bridge_type_component_rel"("id", "bridge_type_id", "component_id", "part_type", "initial_weight", "pier_abutment") VALUES (111, 5, 25, 3, '0.15', 0);
INSERT INTO "public"."tb_bridge_type_component_rel"("id", "bridge_type_id", "component_id", "part_type", "initial_weight", "pier_abutment") VALUES (112, 5, 26, 3, '0.1', 1);
INSERT INTO "public"."tb_bridge_type_component_rel"("id", "bridge_type_id", "component_id", "part_type", "initial_weight", "pier_abutment") VALUES (113, 5, 27, 3, '0.3', 1);
INSERT INTO "public"."tb_bridge_type_component_rel"("id", "bridge_type_id", "component_id", "part_type", "initial_weight", "pier_abutment") VALUES (114, 5, 23, 3, '0.35', 1);
INSERT INTO "public"."tb_bridge_type_component_rel"("id", "bridge_type_id", "component_id", "part_type", "initial_weight", "pier_abutment") VALUES (115, 5, 28, 3, '0.1', 1);
INSERT INTO "public"."tb_bridge_type_component_rel"("id", "bridge_type_id", "component_id", "part_type", "initial_weight", "pier_abutment") VALUES (116, 5, 25, 3, '0.15', 1);
INSERT INTO "public"."tb_bridge_type_component_rel"("id", "bridge_type_id", "component_id", "part_type", "initial_weight", "pier_abutment") VALUES (117, 6, 21, 3, '0.1', 0);
INSERT INTO "public"."tb_bridge_type_component_rel"("id", "bridge_type_id", "component_id", "part_type", "initial_weight", "pier_abutment") VALUES (118, 6, 22, 3, '0.3', 0);
INSERT INTO "public"."tb_bridge_type_component_rel"("id", "bridge_type_id", "component_id", "part_type", "initial_weight", "pier_abutment") VALUES (119, 6, 23, 3, '0.45', 0);
INSERT INTO "public"."tb_bridge_type_component_rel"("id", "bridge_type_id", "component_id", "part_type", "initial_weight", "pier_abutment") VALUES (120, 6, 25, 3, '0.15', 0);
INSERT INTO "public"."tb_bridge_type_component_rel"("id", "bridge_type_id", "component_id", "part_type", "initial_weight", "pier_abutment") VALUES (121, 6, 26, 3, '0.1', 1);
INSERT INTO "public"."tb_bridge_type_component_rel"("id", "bridge_type_id", "component_id", "part_type", "initial_weight", "pier_abutment") VALUES (122, 6, 27, 3, '0.3', 1);
INSERT INTO "public"."tb_bridge_type_component_rel"("id", "bridge_type_id", "component_id", "part_type", "initial_weight", "pier_abutment") VALUES (123, 6, 23, 3, '0.35', 1);
INSERT INTO "public"."tb_bridge_type_component_rel"("id", "bridge_type_id", "component_id", "part_type", "initial_weight", "pier_abutment") VALUES (124, 6, 28, 3, '0.1', 1);
INSERT INTO "public"."tb_bridge_type_component_rel"("id", "bridge_type_id", "component_id", "part_type", "initial_weight", "pier_abutment") VALUES (125, 6, 25, 3, '0.15', 1);
INSERT INTO "public"."tb_bridge_type_component_rel"("id", "bridge_type_id", "component_id", "part_type", "initial_weight", "pier_abutment") VALUES (126, 7, 21, 3, '0.18', 0);
INSERT INTO "public"."tb_bridge_type_component_rel"("id", "bridge_type_id", "component_id", "part_type", "initial_weight", "pier_abutment") VALUES (127, 7, 22, 3, '0.34', 0);
INSERT INTO "public"."tb_bridge_type_component_rel"("id", "bridge_type_id", "component_id", "part_type", "initial_weight", "pier_abutment") VALUES (128, 7, 23, 3, '0.2', 0);
INSERT INTO "public"."tb_bridge_type_component_rel"("id", "bridge_type_id", "component_id", "part_type", "initial_weight", "pier_abutment") VALUES (129, 7, 20, 3, '0.1', 0);
INSERT INTO "public"."tb_bridge_type_component_rel"("id", "bridge_type_id", "component_id", "part_type", "initial_weight", "pier_abutment") VALUES (130, 7, 24, 3, '0.18', 0);
INSERT INTO "public"."tb_bridge_type_component_rel"("id", "bridge_type_id", "component_id", "part_type", "initial_weight", "pier_abutment") VALUES (131, 7, 26, 3, '0.2', 1);
INSERT INTO "public"."tb_bridge_type_component_rel"("id", "bridge_type_id", "component_id", "part_type", "initial_weight", "pier_abutment") VALUES (132, 7, 27, 3, '0.4', 1);
INSERT INTO "public"."tb_bridge_type_component_rel"("id", "bridge_type_id", "component_id", "part_type", "initial_weight", "pier_abutment") VALUES (133, 7, 23, 3, '0.2', 1);
INSERT INTO "public"."tb_bridge_type_component_rel"("id", "bridge_type_id", "component_id", "part_type", "initial_weight", "pier_abutment") VALUES (134, 7, 24, 3, '0.2', 1);
INSERT INTO "public"."tb_bridge_type_component_rel"("id", "bridge_type_id", "component_id", "part_type", "initial_weight", "pier_abutment") VALUES (135, 8, 21, 3, '0.18', 0);
INSERT INTO "public"."tb_bridge_type_component_rel"("id", "bridge_type_id", "component_id", "part_type", "initial_weight", "pier_abutment") VALUES (136, 8, 22, 3, '0.34', 0);
INSERT INTO "public"."tb_bridge_type_component_rel"("id", "bridge_type_id", "component_id", "part_type", "initial_weight", "pier_abutment") VALUES (137, 8, 23, 3, '0.2', 0);
INSERT INTO "public"."tb_bridge_type_component_rel"("id", "bridge_type_id", "component_id", "part_type", "initial_weight", "pier_abutment") VALUES (138, 8, 20, 3, '0.1', 0);
INSERT INTO "public"."tb_bridge_type_component_rel"("id", "bridge_type_id", "component_id", "part_type", "initial_weight", "pier_abutment") VALUES (139, 8, 24, 3, '0.18', 0);
INSERT INTO "public"."tb_bridge_type_component_rel"("id", "bridge_type_id", "component_id", "part_type", "initial_weight", "pier_abutment") VALUES (140, 8, 26, 3, '0.2', 1);
INSERT INTO "public"."tb_bridge_type_component_rel"("id", "bridge_type_id", "component_id", "part_type", "initial_weight", "pier_abutment") VALUES (141, 8, 27, 3, '0.4', 1);
INSERT INTO "public"."tb_bridge_type_component_rel"("id", "bridge_type_id", "component_id", "part_type", "initial_weight", "pier_abutment") VALUES (142, 8, 23, 3, '0.2', 1);
INSERT INTO "public"."tb_bridge_type_component_rel"("id", "bridge_type_id", "component_id", "part_type", "initial_weight", "pier_abutment") VALUES (143, 8, 24, 3, '0.2', 1);
SELECT setval('tb_bridge_type_component_rel_id_seq',(SELECT MAX(id) FROM tb_bridge_type_component_rel));


INSERT INTO "public"."tb_component"("id", "name", "need_judge") VALUES (1, '桥面铺装', NULL);
INSERT INTO "public"."tb_component"("id", "name", "need_judge") VALUES (2, '桥头平顺', NULL);
INSERT INTO "public"."tb_component"("id", "name", "need_judge") VALUES (3, '伸缩装置', NULL);
INSERT INTO "public"."tb_component"("id", "name", "need_judge") VALUES (4, '排水系统', NULL);
INSERT INTO "public"."tb_component"("id", "name", "need_judge") VALUES (5, '人行道', NULL);
INSERT INTO "public"."tb_component"("id", "name", "need_judge") VALUES (6, '栏杆或护栏', NULL);
INSERT INTO "public"."tb_component"("id", "name", "need_judge") VALUES (7, '主梁', NULL);
INSERT INTO "public"."tb_component"("id", "name", "need_judge") VALUES (8, '横向联系', 1);
INSERT INTO "public"."tb_component"("id", "name", "need_judge") VALUES (9, '悬臂梁', NULL);
INSERT INTO "public"."tb_component"("id", "name", "need_judge") VALUES (10, '挂梁', NULL);
INSERT INTO "public"."tb_component"("id", "name", "need_judge") VALUES (11, '挂梁支座', NULL);
INSERT INTO "public"."tb_component"("id", "name", "need_judge") VALUES (12, '防落梁装置', NULL);
INSERT INTO "public"."tb_component"("id", "name", "need_judge") VALUES (13, '桁片', NULL);
INSERT INTO "public"."tb_component"("id", "name", "need_judge") VALUES (14, '主节点', NULL);
INSERT INTO "public"."tb_component"("id", "name", "need_judge") VALUES (15, '纵梁', NULL);
INSERT INTO "public"."tb_component"("id", "name", "need_judge") VALUES (16, '横梁', NULL);
INSERT INTO "public"."tb_component"("id", "name", "need_judge") VALUES (17, '连接件', NULL);
INSERT INTO "public"."tb_component"("id", "name", "need_judge") VALUES (18, '主拱圈', NULL);
INSERT INTO "public"."tb_component"("id", "name", "need_judge") VALUES (19, '拱上构造', NULL);
INSERT INTO "public"."tb_component"("id", "name", "need_judge") VALUES (20, '外部装饰板', NULL);
INSERT INTO "public"."tb_component"("id", "name", "need_judge") VALUES (21, '盖梁', NULL);
INSERT INTO "public"."tb_component"("id", "name", "need_judge") VALUES (22, '墩身', NULL);
INSERT INTO "public"."tb_component"("id", "name", "need_judge") VALUES (23, '基础', 1);
INSERT INTO "public"."tb_component"("id", "name", "need_judge") VALUES (24, '支座', NULL);
INSERT INTO "public"."tb_component"("id", "name", "need_judge") VALUES (25, '拱脚', NULL);
INSERT INTO "public"."tb_component"("id", "name", "need_judge") VALUES (26, '台帽', NULL);
INSERT INTO "public"."tb_component"("id", "name", "need_judge") VALUES (27, '台身', NULL);
INSERT INTO "public"."tb_component"("id", "name", "need_judge") VALUES (28, '耳墙', 1);
INSERT INTO "public"."tb_component"("id", "name", "need_judge") VALUES (29, '钢结构物', NULL);
INSERT INTO "public"."tb_component"("id", "name", "need_judge") VALUES (30, 'PC或RC梁式构件', NULL);
INSERT INTO "public"."tb_component"("id", "name", "need_judge") VALUES (31, '拱桥横向联系', NULL);
INSERT INTO "public"."tb_component"("id", "name", "need_judge") VALUES (32, '人形天桥外部装饰板', NULL);
SELECT setval('tb_component_id_seq',(SELECT MAX(id) FROM tb_component));


INSERT INTO "public"."tb_component_disease_rel"("id", "component_id", "bridge_type_id", "part_type", "disease_id", "groups") VALUES (1, 1, 1, 1, 1, 10);
INSERT INTO "public"."tb_component_disease_rel"("id", "component_id", "bridge_type_id", "part_type", "disease_id", "groups") VALUES (2, 1, 1, 1, 2, 10);
INSERT INTO "public"."tb_component_disease_rel"("id", "component_id", "bridge_type_id", "part_type", "disease_id", "groups") VALUES (3, 1, 1, 1, 3, 2);
INSERT INTO "public"."tb_component_disease_rel"("id", "component_id", "bridge_type_id", "part_type", "disease_id", "groups") VALUES (4, 1, 1, 1, 4, 10);
INSERT INTO "public"."tb_component_disease_rel"("id", "component_id", "bridge_type_id", "part_type", "disease_id", "groups") VALUES (5, 1, 1, 1, 5, 3);
INSERT INTO "public"."tb_component_disease_rel"("id", "component_id", "bridge_type_id", "part_type", "disease_id", "groups") VALUES (6, 1, 1, 1, 6, 15);
INSERT INTO "public"."tb_component_disease_rel"("id", "component_id", "bridge_type_id", "part_type", "disease_id", "groups") VALUES (7, 1, 1, 1, 7, 15);
INSERT INTO "public"."tb_component_disease_rel"("id", "component_id", "bridge_type_id", "part_type", "disease_id", "groups") VALUES (8, 1, 1, 1, 8, 10);
INSERT INTO "public"."tb_component_disease_rel"("id", "component_id", "bridge_type_id", "part_type", "disease_id", "groups") VALUES (9, 1, 1, 1, 9, 10);
INSERT INTO "public"."tb_component_disease_rel"("id", "component_id", "bridge_type_id", "part_type", "disease_id", "groups") VALUES (10, 1, 1, 1, 10, 5);
INSERT INTO "public"."tb_component_disease_rel"("id", "component_id", "bridge_type_id", "part_type", "disease_id", "groups") VALUES (11, 1, 1, 1, 97, 16);
INSERT INTO "public"."tb_component_disease_rel"("id", "component_id", "bridge_type_id", "part_type", "disease_id", "groups") VALUES (12, 2, 1, 1, 11, 6);
INSERT INTO "public"."tb_component_disease_rel"("id", "component_id", "bridge_type_id", "part_type", "disease_id", "groups") VALUES (13, 2, 1, 1, 12, 7);
INSERT INTO "public"."tb_component_disease_rel"("id", "component_id", "bridge_type_id", "part_type", "disease_id", "groups") VALUES (14, 2, 1, 1, 97, 16);
INSERT INTO "public"."tb_component_disease_rel"("id", "component_id", "bridge_type_id", "part_type", "disease_id", "groups") VALUES (15, 3, 1, 1, 13, 3);
INSERT INTO "public"."tb_component_disease_rel"("id", "component_id", "bridge_type_id", "part_type", "disease_id", "groups") VALUES (16, 3, 1, 1, 14, 5);
INSERT INTO "public"."tb_component_disease_rel"("id", "component_id", "bridge_type_id", "part_type", "disease_id", "groups") VALUES (17, 3, 1, 1, 15, 5);
INSERT INTO "public"."tb_component_disease_rel"("id", "component_id", "bridge_type_id", "part_type", "disease_id", "groups") VALUES (18, 3, 1, 1, 16, 5);
INSERT INTO "public"."tb_component_disease_rel"("id", "component_id", "bridge_type_id", "part_type", "disease_id", "groups") VALUES (19, 3, 1, 1, 17, 5);
INSERT INTO "public"."tb_component_disease_rel"("id", "component_id", "bridge_type_id", "part_type", "disease_id", "groups") VALUES (20, 3, 1, 1, 18, 6);
INSERT INTO "public"."tb_component_disease_rel"("id", "component_id", "bridge_type_id", "part_type", "disease_id", "groups") VALUES (21, 3, 1, 1, 19, 5);
INSERT INTO "public"."tb_component_disease_rel"("id", "component_id", "bridge_type_id", "part_type", "disease_id", "groups") VALUES (22, 3, 1, 1, 20, 8);
INSERT INTO "public"."tb_component_disease_rel"("id", "component_id", "bridge_type_id", "part_type", "disease_id", "groups") VALUES (23, 3, 1, 1, 21, 5);
INSERT INTO "public"."tb_component_disease_rel"("id", "component_id", "bridge_type_id", "part_type", "disease_id", "groups") VALUES (24, 3, 1, 1, 97, 16);
INSERT INTO "public"."tb_component_disease_rel"("id", "component_id", "bridge_type_id", "part_type", "disease_id", "groups") VALUES (25, 4, 1, 1, 22, 9);
INSERT INTO "public"."tb_component_disease_rel"("id", "component_id", "bridge_type_id", "part_type", "disease_id", "groups") VALUES (26, 4, 1, 1, 23, 9);
INSERT INTO "public"."tb_component_disease_rel"("id", "component_id", "bridge_type_id", "part_type", "disease_id", "groups") VALUES (27, 4, 1, 1, 24, 5);
INSERT INTO "public"."tb_component_disease_rel"("id", "component_id", "bridge_type_id", "part_type", "disease_id", "groups") VALUES (28, 4, 1, 1, 25, 5);
INSERT INTO "public"."tb_component_disease_rel"("id", "component_id", "bridge_type_id", "part_type", "disease_id", "groups") VALUES (29, 4, 1, 1, 97, 16);
INSERT INTO "public"."tb_component_disease_rel"("id", "component_id", "bridge_type_id", "part_type", "disease_id", "groups") VALUES (30, 5, 1, 1, 26, 10);
INSERT INTO "public"."tb_component_disease_rel"("id", "component_id", "bridge_type_id", "part_type", "disease_id", "groups") VALUES (31, 5, 1, 1, 27, 10);
INSERT INTO "public"."tb_component_disease_rel"("id", "component_id", "bridge_type_id", "part_type", "disease_id", "groups") VALUES (32, 5, 1, 1, 28, 10);
INSERT INTO "public"."tb_component_disease_rel"("id", "component_id", "bridge_type_id", "part_type", "disease_id", "groups") VALUES (33, 5, 1, 1, 97, 16);
INSERT INTO "public"."tb_component_disease_rel"("id", "component_id", "bridge_type_id", "part_type", "disease_id", "groups") VALUES (34, 6, 1, 1, 29, 5);
INSERT INTO "public"."tb_component_disease_rel"("id", "component_id", "bridge_type_id", "part_type", "disease_id", "groups") VALUES (35, 6, 1, 1, 30, 9);
INSERT INTO "public"."tb_component_disease_rel"("id", "component_id", "bridge_type_id", "part_type", "disease_id", "groups") VALUES (36, 6, 1, 1, 31, 9);
INSERT INTO "public"."tb_component_disease_rel"("id", "component_id", "bridge_type_id", "part_type", "disease_id", "groups") VALUES (37, 6, 1, 1, 97, 16);
INSERT INTO "public"."tb_component_disease_rel"("id", "component_id", "bridge_type_id", "part_type", "disease_id", "groups") VALUES (38, 7, 1, 2, 32, 5);
INSERT INTO "public"."tb_component_disease_rel"("id", "component_id", "bridge_type_id", "part_type", "disease_id", "groups") VALUES (39, 7, 1, 2, 33, 5);
INSERT INTO "public"."tb_component_disease_rel"("id", "component_id", "bridge_type_id", "part_type", "disease_id", "groups") VALUES (40, 7, 1, 2, 34, 5);
INSERT INTO "public"."tb_component_disease_rel"("id", "component_id", "bridge_type_id", "part_type", "disease_id", "groups") VALUES (41, 7, 1, 2, 35, 10);
INSERT INTO "public"."tb_component_disease_rel"("id", "component_id", "bridge_type_id", "part_type", "disease_id", "groups") VALUES (42, 7, 1, 2, 36, 5);
INSERT INTO "public"."tb_component_disease_rel"("id", "component_id", "bridge_type_id", "part_type", "disease_id", "groups") VALUES (43, 7, 1, 2, 37, 5);
INSERT INTO "public"."tb_component_disease_rel"("id", "component_id", "bridge_type_id", "part_type", "disease_id", "groups") VALUES (44, 7, 1, 2, 38, 5);
INSERT INTO "public"."tb_component_disease_rel"("id", "component_id", "bridge_type_id", "part_type", "disease_id", "groups") VALUES (45, 7, 1, 2, 39, 9);
INSERT INTO "public"."tb_component_disease_rel"("id", "component_id", "bridge_type_id", "part_type", "disease_id", "groups") VALUES (46, 7, 1, 2, 40, 9);
INSERT INTO "public"."tb_component_disease_rel"("id", "component_id", "bridge_type_id", "part_type", "disease_id", "groups") VALUES (47, 7, 1, 2, 41, 5);
INSERT INTO "public"."tb_component_disease_rel"("id", "component_id", "bridge_type_id", "part_type", "disease_id", "groups") VALUES (48, 7, 1, 2, 42, 15);
INSERT INTO "public"."tb_component_disease_rel"("id", "component_id", "bridge_type_id", "part_type", "disease_id", "groups") VALUES (49, 7, 1, 2, 43, 10);
INSERT INTO "public"."tb_component_disease_rel"("id", "component_id", "bridge_type_id", "part_type", "disease_id", "groups") VALUES (50, 7, 1, 2, 29, 10);
INSERT INTO "public"."tb_component_disease_rel"("id", "component_id", "bridge_type_id", "part_type", "disease_id", "groups") VALUES (51, 7, 1, 2, 44, 11);
INSERT INTO "public"."tb_component_disease_rel"("id", "component_id", "bridge_type_id", "part_type", "disease_id", "groups") VALUES (52, 7, 1, 2, 45, 15);
INSERT INTO "public"."tb_component_disease_rel"("id", "component_id", "bridge_type_id", "part_type", "disease_id", "groups") VALUES (53, 7, 1, 2, 46, 5);
INSERT INTO "public"."tb_component_disease_rel"("id", "component_id", "bridge_type_id", "part_type", "disease_id", "groups") VALUES (54, 7, 1, 2, 6, 15);
INSERT INTO "public"."tb_component_disease_rel"("id", "component_id", "bridge_type_id", "part_type", "disease_id", "groups") VALUES (55, 7, 1, 2, 99, 10);
INSERT INTO "public"."tb_component_disease_rel"("id", "component_id", "bridge_type_id", "part_type", "disease_id", "groups") VALUES (56, 7, 1, 2, 47, 5);
INSERT INTO "public"."tb_component_disease_rel"("id", "component_id", "bridge_type_id", "part_type", "disease_id", "groups") VALUES (57, 7, 1, 2, 97, 16);
INSERT INTO "public"."tb_component_disease_rel"("id", "component_id", "bridge_type_id", "part_type", "disease_id", "groups") VALUES (58, 8, 1, 2, 32, 5);
INSERT INTO "public"."tb_component_disease_rel"("id", "component_id", "bridge_type_id", "part_type", "disease_id", "groups") VALUES (59, 8, 1, 2, 33, 5);
INSERT INTO "public"."tb_component_disease_rel"("id", "component_id", "bridge_type_id", "part_type", "disease_id", "groups") VALUES (60, 8, 1, 2, 34, 5);
INSERT INTO "public"."tb_component_disease_rel"("id", "component_id", "bridge_type_id", "part_type", "disease_id", "groups") VALUES (61, 8, 1, 2, 35, 10);
INSERT INTO "public"."tb_component_disease_rel"("id", "component_id", "bridge_type_id", "part_type", "disease_id", "groups") VALUES (62, 8, 1, 2, 36, 5);
INSERT INTO "public"."tb_component_disease_rel"("id", "component_id", "bridge_type_id", "part_type", "disease_id", "groups") VALUES (63, 8, 1, 2, 37, 5);
INSERT INTO "public"."tb_component_disease_rel"("id", "component_id", "bridge_type_id", "part_type", "disease_id", "groups") VALUES (64, 8, 1, 2, 38, 5);
INSERT INTO "public"."tb_component_disease_rel"("id", "component_id", "bridge_type_id", "part_type", "disease_id", "groups") VALUES (65, 8, 1, 2, 39, 9);
INSERT INTO "public"."tb_component_disease_rel"("id", "component_id", "bridge_type_id", "part_type", "disease_id", "groups") VALUES (66, 8, 1, 2, 40, 9);
INSERT INTO "public"."tb_component_disease_rel"("id", "component_id", "bridge_type_id", "part_type", "disease_id", "groups") VALUES (67, 8, 1, 2, 41, 5);
INSERT INTO "public"."tb_component_disease_rel"("id", "component_id", "bridge_type_id", "part_type", "disease_id", "groups") VALUES (68, 8, 1, 2, 7, 13);
INSERT INTO "public"."tb_component_disease_rel"("id", "component_id", "bridge_type_id", "part_type", "disease_id", "groups") VALUES (69, 8, 1, 2, 48, 5);
INSERT INTO "public"."tb_component_disease_rel"("id", "component_id", "bridge_type_id", "part_type", "disease_id", "groups") VALUES (70, 8, 1, 2, 49, 5);
INSERT INTO "public"."tb_component_disease_rel"("id", "component_id", "bridge_type_id", "part_type", "disease_id", "groups") VALUES (71, 8, 1, 2, 50, 5);
INSERT INTO "public"."tb_component_disease_rel"("id", "component_id", "bridge_type_id", "part_type", "disease_id", "groups") VALUES (72, 8, 1, 2, 51, 5);
INSERT INTO "public"."tb_component_disease_rel"("id", "component_id", "bridge_type_id", "part_type", "disease_id", "groups") VALUES (73, 8, 1, 2, 52, 5);
INSERT INTO "public"."tb_component_disease_rel"("id", "component_id", "bridge_type_id", "part_type", "disease_id", "groups") VALUES (74, 8, 1, 2, 99, 10);
INSERT INTO "public"."tb_component_disease_rel"("id", "component_id", "bridge_type_id", "part_type", "disease_id", "groups") VALUES (75, 8, 1, 2, 97, 16);
INSERT INTO "public"."tb_component_disease_rel"("id", "component_id", "bridge_type_id", "part_type", "disease_id", "groups") VALUES (76, 27, 1, 3, 53, 15);
INSERT INTO "public"."tb_component_disease_rel"("id", "component_id", "bridge_type_id", "part_type", "disease_id", "groups") VALUES (77, 27, 1, 3, 54, 15);
INSERT INTO "public"."tb_component_disease_rel"("id", "component_id", "bridge_type_id", "part_type", "disease_id", "groups") VALUES (78, 27, 1, 3, 55, 5);
INSERT INTO "public"."tb_component_disease_rel"("id", "component_id", "bridge_type_id", "part_type", "disease_id", "groups") VALUES (79, 27, 1, 3, 29, 10);
INSERT INTO "public"."tb_component_disease_rel"("id", "component_id", "bridge_type_id", "part_type", "disease_id", "groups") VALUES (80, 27, 1, 3, 43, 10);
INSERT INTO "public"."tb_component_disease_rel"("id", "component_id", "bridge_type_id", "part_type", "disease_id", "groups") VALUES (81, 27, 1, 3, 56, 5);
INSERT INTO "public"."tb_component_disease_rel"("id", "component_id", "bridge_type_id", "part_type", "disease_id", "groups") VALUES (82, 27, 1, 3, 6, 13);
INSERT INTO "public"."tb_component_disease_rel"("id", "component_id", "bridge_type_id", "part_type", "disease_id", "groups") VALUES (83, 27, 1, 3, 98, 10);
INSERT INTO "public"."tb_component_disease_rel"("id", "component_id", "bridge_type_id", "part_type", "disease_id", "groups") VALUES (84, 27, 1, 3, 99, 10);
INSERT INTO "public"."tb_component_disease_rel"("id", "component_id", "bridge_type_id", "part_type", "disease_id", "groups") VALUES (85, 27, 1, 3, 97, 16);
INSERT INTO "public"."tb_component_disease_rel"("id", "component_id", "bridge_type_id", "part_type", "disease_id", "groups") VALUES (86, 26, 1, 3, 42, 15);
INSERT INTO "public"."tb_component_disease_rel"("id", "component_id", "bridge_type_id", "part_type", "disease_id", "groups") VALUES (87, 26, 1, 3, 43, 10);
INSERT INTO "public"."tb_component_disease_rel"("id", "component_id", "bridge_type_id", "part_type", "disease_id", "groups") VALUES (88, 26, 1, 3, 29, 10);
INSERT INTO "public"."tb_component_disease_rel"("id", "component_id", "bridge_type_id", "part_type", "disease_id", "groups") VALUES (89, 26, 1, 3, 45, 14);
INSERT INTO "public"."tb_component_disease_rel"("id", "component_id", "bridge_type_id", "part_type", "disease_id", "groups") VALUES (90, 26, 1, 3, 46, 5);
INSERT INTO "public"."tb_component_disease_rel"("id", "component_id", "bridge_type_id", "part_type", "disease_id", "groups") VALUES (91, 26, 1, 3, 57, 10);
INSERT INTO "public"."tb_component_disease_rel"("id", "component_id", "bridge_type_id", "part_type", "disease_id", "groups") VALUES (92, 26, 1, 3, 99, 10);
INSERT INTO "public"."tb_component_disease_rel"("id", "component_id", "bridge_type_id", "part_type", "disease_id", "groups") VALUES (93, 26, 1, 3, 98, 10);
INSERT INTO "public"."tb_component_disease_rel"("id", "component_id", "bridge_type_id", "part_type", "disease_id", "groups") VALUES (94, 26, 1, 3, 97, 16);
INSERT INTO "public"."tb_component_disease_rel"("id", "component_id", "bridge_type_id", "part_type", "disease_id", "groups") VALUES (95, 21, 1, 3, 42, 15);
INSERT INTO "public"."tb_component_disease_rel"("id", "component_id", "bridge_type_id", "part_type", "disease_id", "groups") VALUES (96, 21, 1, 3, 43, 10);
INSERT INTO "public"."tb_component_disease_rel"("id", "component_id", "bridge_type_id", "part_type", "disease_id", "groups") VALUES (97, 21, 1, 3, 29, 10);
INSERT INTO "public"."tb_component_disease_rel"("id", "component_id", "bridge_type_id", "part_type", "disease_id", "groups") VALUES (98, 21, 1, 3, 45, 14);
INSERT INTO "public"."tb_component_disease_rel"("id", "component_id", "bridge_type_id", "part_type", "disease_id", "groups") VALUES (99, 21, 1, 3, 46, 5);
INSERT INTO "public"."tb_component_disease_rel"("id", "component_id", "bridge_type_id", "part_type", "disease_id", "groups") VALUES (100, 21, 1, 3, 57, 10);
INSERT INTO "public"."tb_component_disease_rel"("id", "component_id", "bridge_type_id", "part_type", "disease_id", "groups") VALUES (101, 21, 1, 3, 99, 10);
INSERT INTO "public"."tb_component_disease_rel"("id", "component_id", "bridge_type_id", "part_type", "disease_id", "groups") VALUES (102, 21, 1, 3, 98, 10);
INSERT INTO "public"."tb_component_disease_rel"("id", "component_id", "bridge_type_id", "part_type", "disease_id", "groups") VALUES (103, 21, 1, 3, 97, 16);
INSERT INTO "public"."tb_component_disease_rel"("id", "component_id", "bridge_type_id", "part_type", "disease_id", "groups") VALUES (104, 24, 1, 3, 58, 5);
INSERT INTO "public"."tb_component_disease_rel"("id", "component_id", "bridge_type_id", "part_type", "disease_id", "groups") VALUES (105, 24, 1, 3, 59, 5);
INSERT INTO "public"."tb_component_disease_rel"("id", "component_id", "bridge_type_id", "part_type", "disease_id", "groups") VALUES (106, 24, 1, 3, 60, 5);
INSERT INTO "public"."tb_component_disease_rel"("id", "component_id", "bridge_type_id", "part_type", "disease_id", "groups") VALUES (107, 24, 1, 3, 61, 5);
INSERT INTO "public"."tb_component_disease_rel"("id", "component_id", "bridge_type_id", "part_type", "disease_id", "groups") VALUES (108, 24, 1, 3, 62, 5);
INSERT INTO "public"."tb_component_disease_rel"("id", "component_id", "bridge_type_id", "part_type", "disease_id", "groups") VALUES (109, 24, 1, 3, 63, 5);
INSERT INTO "public"."tb_component_disease_rel"("id", "component_id", "bridge_type_id", "part_type", "disease_id", "groups") VALUES (110, 24, 1, 3, 97, 16);
INSERT INTO "public"."tb_component_disease_rel"("id", "component_id", "bridge_type_id", "part_type", "disease_id", "groups") VALUES (111, 28, 1, 3, 64, 5);
INSERT INTO "public"."tb_component_disease_rel"("id", "component_id", "bridge_type_id", "part_type", "disease_id", "groups") VALUES (112, 28, 1, 3, 65, 5);
INSERT INTO "public"."tb_component_disease_rel"("id", "component_id", "bridge_type_id", "part_type", "disease_id", "groups") VALUES (113, 28, 1, 3, 66, 5);
INSERT INTO "public"."tb_component_disease_rel"("id", "component_id", "bridge_type_id", "part_type", "disease_id", "groups") VALUES (114, 28, 1, 3, 67, 5);
INSERT INTO "public"."tb_component_disease_rel"("id", "component_id", "bridge_type_id", "part_type", "disease_id", "groups") VALUES (115, 28, 1, 3, 97, 16);
INSERT INTO "public"."tb_component_disease_rel"("id", "component_id", "bridge_type_id", "part_type", "disease_id", "groups") VALUES (116, 23, 1, 3, 68, 5);
INSERT INTO "public"."tb_component_disease_rel"("id", "component_id", "bridge_type_id", "part_type", "disease_id", "groups") VALUES (117, 23, 1, 3, 69, 5);
INSERT INTO "public"."tb_component_disease_rel"("id", "component_id", "bridge_type_id", "part_type", "disease_id", "groups") VALUES (118, 23, 1, 3, 70, 5);
INSERT INTO "public"."tb_component_disease_rel"("id", "component_id", "bridge_type_id", "part_type", "disease_id", "groups") VALUES (119, 23, 1, 3, 71, 5);
INSERT INTO "public"."tb_component_disease_rel"("id", "component_id", "bridge_type_id", "part_type", "disease_id", "groups") VALUES (120, 23, 1, 3, 97, 16);
INSERT INTO "public"."tb_component_disease_rel"("id", "component_id", "bridge_type_id", "part_type", "disease_id", "groups") VALUES (121, 22, 1, 3, 53, 15);
INSERT INTO "public"."tb_component_disease_rel"("id", "component_id", "bridge_type_id", "part_type", "disease_id", "groups") VALUES (122, 22, 1, 3, 54, 15);
INSERT INTO "public"."tb_component_disease_rel"("id", "component_id", "bridge_type_id", "part_type", "disease_id", "groups") VALUES (123, 22, 1, 3, 55, 5);
INSERT INTO "public"."tb_component_disease_rel"("id", "component_id", "bridge_type_id", "part_type", "disease_id", "groups") VALUES (124, 22, 1, 3, 29, 10);
INSERT INTO "public"."tb_component_disease_rel"("id", "component_id", "bridge_type_id", "part_type", "disease_id", "groups") VALUES (125, 22, 1, 3, 43, 10);
INSERT INTO "public"."tb_component_disease_rel"("id", "component_id", "bridge_type_id", "part_type", "disease_id", "groups") VALUES (126, 22, 1, 3, 56, 5);
INSERT INTO "public"."tb_component_disease_rel"("id", "component_id", "bridge_type_id", "part_type", "disease_id", "groups") VALUES (127, 22, 1, 3, 6, 13);
INSERT INTO "public"."tb_component_disease_rel"("id", "component_id", "bridge_type_id", "part_type", "disease_id", "groups") VALUES (128, 22, 1, 3, 98, 10);
INSERT INTO "public"."tb_component_disease_rel"("id", "component_id", "bridge_type_id", "part_type", "disease_id", "groups") VALUES (129, 22, 1, 3, 99, 10);
INSERT INTO "public"."tb_component_disease_rel"("id", "component_id", "bridge_type_id", "part_type", "disease_id", "groups") VALUES (130, 22, 1, 3, 97, 16);
INSERT INTO "public"."tb_component_disease_rel"("id", "component_id", "bridge_type_id", "part_type", "disease_id", "groups") VALUES (131, 1, 2, 1, 1, 10);
INSERT INTO "public"."tb_component_disease_rel"("id", "component_id", "bridge_type_id", "part_type", "disease_id", "groups") VALUES (132, 1, 2, 1, 2, 10);
INSERT INTO "public"."tb_component_disease_rel"("id", "component_id", "bridge_type_id", "part_type", "disease_id", "groups") VALUES (133, 1, 2, 1, 3, 2);
INSERT INTO "public"."tb_component_disease_rel"("id", "component_id", "bridge_type_id", "part_type", "disease_id", "groups") VALUES (134, 1, 2, 1, 4, 10);
INSERT INTO "public"."tb_component_disease_rel"("id", "component_id", "bridge_type_id", "part_type", "disease_id", "groups") VALUES (135, 1, 2, 1, 5, 3);
INSERT INTO "public"."tb_component_disease_rel"("id", "component_id", "bridge_type_id", "part_type", "disease_id", "groups") VALUES (136, 1, 2, 1, 6, 15);
INSERT INTO "public"."tb_component_disease_rel"("id", "component_id", "bridge_type_id", "part_type", "disease_id", "groups") VALUES (137, 1, 2, 1, 7, 15);
INSERT INTO "public"."tb_component_disease_rel"("id", "component_id", "bridge_type_id", "part_type", "disease_id", "groups") VALUES (138, 1, 2, 1, 8, 10);
INSERT INTO "public"."tb_component_disease_rel"("id", "component_id", "bridge_type_id", "part_type", "disease_id", "groups") VALUES (139, 1, 2, 1, 9, 10);
INSERT INTO "public"."tb_component_disease_rel"("id", "component_id", "bridge_type_id", "part_type", "disease_id", "groups") VALUES (140, 1, 2, 1, 10, 5);
INSERT INTO "public"."tb_component_disease_rel"("id", "component_id", "bridge_type_id", "part_type", "disease_id", "groups") VALUES (141, 1, 2, 1, 97, 16);
INSERT INTO "public"."tb_component_disease_rel"("id", "component_id", "bridge_type_id", "part_type", "disease_id", "groups") VALUES (142, 2, 2, 1, 11, 6);
INSERT INTO "public"."tb_component_disease_rel"("id", "component_id", "bridge_type_id", "part_type", "disease_id", "groups") VALUES (143, 2, 2, 1, 12, 7);
INSERT INTO "public"."tb_component_disease_rel"("id", "component_id", "bridge_type_id", "part_type", "disease_id", "groups") VALUES (144, 2, 2, 1, 97, 16);
INSERT INTO "public"."tb_component_disease_rel"("id", "component_id", "bridge_type_id", "part_type", "disease_id", "groups") VALUES (145, 3, 2, 1, 13, 3);
INSERT INTO "public"."tb_component_disease_rel"("id", "component_id", "bridge_type_id", "part_type", "disease_id", "groups") VALUES (146, 3, 2, 1, 14, 5);
INSERT INTO "public"."tb_component_disease_rel"("id", "component_id", "bridge_type_id", "part_type", "disease_id", "groups") VALUES (147, 3, 2, 1, 15, 5);
INSERT INTO "public"."tb_component_disease_rel"("id", "component_id", "bridge_type_id", "part_type", "disease_id", "groups") VALUES (148, 3, 2, 1, 16, 5);
INSERT INTO "public"."tb_component_disease_rel"("id", "component_id", "bridge_type_id", "part_type", "disease_id", "groups") VALUES (149, 3, 2, 1, 17, 5);
INSERT INTO "public"."tb_component_disease_rel"("id", "component_id", "bridge_type_id", "part_type", "disease_id", "groups") VALUES (150, 3, 2, 1, 18, 6);
INSERT INTO "public"."tb_component_disease_rel"("id", "component_id", "bridge_type_id", "part_type", "disease_id", "groups") VALUES (151, 3, 2, 1, 19, 5);
INSERT INTO "public"."tb_component_disease_rel"("id", "component_id", "bridge_type_id", "part_type", "disease_id", "groups") VALUES (152, 3, 2, 1, 20, 8);
INSERT INTO "public"."tb_component_disease_rel"("id", "component_id", "bridge_type_id", "part_type", "disease_id", "groups") VALUES (153, 3, 2, 1, 21, 5);
INSERT INTO "public"."tb_component_disease_rel"("id", "component_id", "bridge_type_id", "part_type", "disease_id", "groups") VALUES (154, 3, 2, 1, 97, 16);
INSERT INTO "public"."tb_component_disease_rel"("id", "component_id", "bridge_type_id", "part_type", "disease_id", "groups") VALUES (155, 4, 2, 1, 22, 9);
INSERT INTO "public"."tb_component_disease_rel"("id", "component_id", "bridge_type_id", "part_type", "disease_id", "groups") VALUES (156, 4, 2, 1, 23, 9);
INSERT INTO "public"."tb_component_disease_rel"("id", "component_id", "bridge_type_id", "part_type", "disease_id", "groups") VALUES (157, 4, 2, 1, 24, 5);
INSERT INTO "public"."tb_component_disease_rel"("id", "component_id", "bridge_type_id", "part_type", "disease_id", "groups") VALUES (158, 4, 2, 1, 25, 5);
INSERT INTO "public"."tb_component_disease_rel"("id", "component_id", "bridge_type_id", "part_type", "disease_id", "groups") VALUES (159, 4, 2, 1, 97, 16);
INSERT INTO "public"."tb_component_disease_rel"("id", "component_id", "bridge_type_id", "part_type", "disease_id", "groups") VALUES (160, 5, 2, 1, 26, 10);
INSERT INTO "public"."tb_component_disease_rel"("id", "component_id", "bridge_type_id", "part_type", "disease_id", "groups") VALUES (161, 5, 2, 1, 27, 10);
INSERT INTO "public"."tb_component_disease_rel"("id", "component_id", "bridge_type_id", "part_type", "disease_id", "groups") VALUES (162, 5, 2, 1, 28, 10);
INSERT INTO "public"."tb_component_disease_rel"("id", "component_id", "bridge_type_id", "part_type", "disease_id", "groups") VALUES (163, 5, 2, 1, 97, 16);
INSERT INTO "public"."tb_component_disease_rel"("id", "component_id", "bridge_type_id", "part_type", "disease_id", "groups") VALUES (164, 6, 2, 1, 29, 5);
INSERT INTO "public"."tb_component_disease_rel"("id", "component_id", "bridge_type_id", "part_type", "disease_id", "groups") VALUES (165, 6, 2, 1, 30, 9);
INSERT INTO "public"."tb_component_disease_rel"("id", "component_id", "bridge_type_id", "part_type", "disease_id", "groups") VALUES (166, 6, 2, 1, 31, 9);
INSERT INTO "public"."tb_component_disease_rel"("id", "component_id", "bridge_type_id", "part_type", "disease_id", "groups") VALUES (167, 6, 2, 1, 97, 16);
INSERT INTO "public"."tb_component_disease_rel"("id", "component_id", "bridge_type_id", "part_type", "disease_id", "groups") VALUES (168, 9, 2, 2, 42, 15);
INSERT INTO "public"."tb_component_disease_rel"("id", "component_id", "bridge_type_id", "part_type", "disease_id", "groups") VALUES (169, 9, 2, 2, 43, 10);
INSERT INTO "public"."tb_component_disease_rel"("id", "component_id", "bridge_type_id", "part_type", "disease_id", "groups") VALUES (170, 9, 2, 2, 29, 10);
INSERT INTO "public"."tb_component_disease_rel"("id", "component_id", "bridge_type_id", "part_type", "disease_id", "groups") VALUES (171, 9, 2, 2, 44, 11);
INSERT INTO "public"."tb_component_disease_rel"("id", "component_id", "bridge_type_id", "part_type", "disease_id", "groups") VALUES (172, 9, 2, 2, 45, 15);
INSERT INTO "public"."tb_component_disease_rel"("id", "component_id", "bridge_type_id", "part_type", "disease_id", "groups") VALUES (173, 9, 2, 2, 46, 5);
INSERT INTO "public"."tb_component_disease_rel"("id", "component_id", "bridge_type_id", "part_type", "disease_id", "groups") VALUES (174, 9, 2, 2, 6, 15);
INSERT INTO "public"."tb_component_disease_rel"("id", "component_id", "bridge_type_id", "part_type", "disease_id", "groups") VALUES (175, 9, 2, 2, 47, 5);
INSERT INTO "public"."tb_component_disease_rel"("id", "component_id", "bridge_type_id", "part_type", "disease_id", "groups") VALUES (176, 9, 2, 2, 97, 16);
INSERT INTO "public"."tb_component_disease_rel"("id", "component_id", "bridge_type_id", "part_type", "disease_id", "groups") VALUES (177, 10, 2, 2, 32, 5);
INSERT INTO "public"."tb_component_disease_rel"("id", "component_id", "bridge_type_id", "part_type", "disease_id", "groups") VALUES (178, 10, 2, 2, 33, 5);
INSERT INTO "public"."tb_component_disease_rel"("id", "component_id", "bridge_type_id", "part_type", "disease_id", "groups") VALUES (179, 10, 2, 2, 34, 5);
INSERT INTO "public"."tb_component_disease_rel"("id", "component_id", "bridge_type_id", "part_type", "disease_id", "groups") VALUES (180, 10, 2, 2, 35, 10);
INSERT INTO "public"."tb_component_disease_rel"("id", "component_id", "bridge_type_id", "part_type", "disease_id", "groups") VALUES (181, 10, 2, 2, 36, 5);
INSERT INTO "public"."tb_component_disease_rel"("id", "component_id", "bridge_type_id", "part_type", "disease_id", "groups") VALUES (182, 10, 2, 2, 37, 5);
INSERT INTO "public"."tb_component_disease_rel"("id", "component_id", "bridge_type_id", "part_type", "disease_id", "groups") VALUES (183, 10, 2, 2, 38, 5);
INSERT INTO "public"."tb_component_disease_rel"("id", "component_id", "bridge_type_id", "part_type", "disease_id", "groups") VALUES (184, 10, 2, 2, 39, 9);
INSERT INTO "public"."tb_component_disease_rel"("id", "component_id", "bridge_type_id", "part_type", "disease_id", "groups") VALUES (185, 10, 2, 2, 40, 9);
INSERT INTO "public"."tb_component_disease_rel"("id", "component_id", "bridge_type_id", "part_type", "disease_id", "groups") VALUES (186, 10, 2, 2, 41, 5);
INSERT INTO "public"."tb_component_disease_rel"("id", "component_id", "bridge_type_id", "part_type", "disease_id", "groups") VALUES (187, 10, 2, 2, 42, 15);
INSERT INTO "public"."tb_component_disease_rel"("id", "component_id", "bridge_type_id", "part_type", "disease_id", "groups") VALUES (188, 10, 2, 2, 43, 10);
INSERT INTO "public"."tb_component_disease_rel"("id", "component_id", "bridge_type_id", "part_type", "disease_id", "groups") VALUES (189, 10, 2, 2, 29, 10);
INSERT INTO "public"."tb_component_disease_rel"("id", "component_id", "bridge_type_id", "part_type", "disease_id", "groups") VALUES (190, 10, 2, 2, 44, 11);
INSERT INTO "public"."tb_component_disease_rel"("id", "component_id", "bridge_type_id", "part_type", "disease_id", "groups") VALUES (191, 10, 2, 2, 45, 15);
INSERT INTO "public"."tb_component_disease_rel"("id", "component_id", "bridge_type_id", "part_type", "disease_id", "groups") VALUES (192, 10, 2, 2, 46, 5);
INSERT INTO "public"."tb_component_disease_rel"("id", "component_id", "bridge_type_id", "part_type", "disease_id", "groups") VALUES (193, 10, 2, 2, 6, 15);
INSERT INTO "public"."tb_component_disease_rel"("id", "component_id", "bridge_type_id", "part_type", "disease_id", "groups") VALUES (194, 10, 2, 2, 99, 10);
INSERT INTO "public"."tb_component_disease_rel"("id", "component_id", "bridge_type_id", "part_type", "disease_id", "groups") VALUES (195, 10, 2, 2, 47, 5);
INSERT INTO "public"."tb_component_disease_rel"("id", "component_id", "bridge_type_id", "part_type", "disease_id", "groups") VALUES (196, 10, 2, 2, 97, 16);
INSERT INTO "public"."tb_component_disease_rel"("id", "component_id", "bridge_type_id", "part_type", "disease_id", "groups") VALUES (197, 11, 2, 2, 58, 5);
INSERT INTO "public"."tb_component_disease_rel"("id", "component_id", "bridge_type_id", "part_type", "disease_id", "groups") VALUES (198, 11, 2, 2, 59, 5);
INSERT INTO "public"."tb_component_disease_rel"("id", "component_id", "bridge_type_id", "part_type", "disease_id", "groups") VALUES (199, 11, 2, 2, 60, 5);
INSERT INTO "public"."tb_component_disease_rel"("id", "component_id", "bridge_type_id", "part_type", "disease_id", "groups") VALUES (200, 11, 2, 2, 61, 5);
INSERT INTO "public"."tb_component_disease_rel"("id", "component_id", "bridge_type_id", "part_type", "disease_id", "groups") VALUES (201, 11, 2, 2, 62, 5);
INSERT INTO "public"."tb_component_disease_rel"("id", "component_id", "bridge_type_id", "part_type", "disease_id", "groups") VALUES (202, 11, 2, 2, 63, 5);
INSERT INTO "public"."tb_component_disease_rel"("id", "component_id", "bridge_type_id", "part_type", "disease_id", "groups") VALUES (203, 11, 2, 2, 97, 16);
INSERT INTO "public"."tb_component_disease_rel"("id", "component_id", "bridge_type_id", "part_type", "disease_id", "groups") VALUES (204, 12, 2, 2, 72, 5);
INSERT INTO "public"."tb_component_disease_rel"("id", "component_id", "bridge_type_id", "part_type", "disease_id", "groups") VALUES (205, 12, 2, 2, 73, 5);
INSERT INTO "public"."tb_component_disease_rel"("id", "component_id", "bridge_type_id", "part_type", "disease_id", "groups") VALUES (206, 12, 2, 2, 74, 5);
INSERT INTO "public"."tb_component_disease_rel"("id", "component_id", "bridge_type_id", "part_type", "disease_id", "groups") VALUES (207, 12, 2, 2, 75, 5);
INSERT INTO "public"."tb_component_disease_rel"("id", "component_id", "bridge_type_id", "part_type", "disease_id", "groups") VALUES (208, 12, 2, 2, 97, 16);
INSERT INTO "public"."tb_component_disease_rel"("id", "component_id", "bridge_type_id", "part_type", "disease_id", "groups") VALUES (209, 27, 2, 3, 53, 15);
INSERT INTO "public"."tb_component_disease_rel"("id", "component_id", "bridge_type_id", "part_type", "disease_id", "groups") VALUES (210, 27, 2, 3, 54, 15);
INSERT INTO "public"."tb_component_disease_rel"("id", "component_id", "bridge_type_id", "part_type", "disease_id", "groups") VALUES (211, 27, 2, 3, 55, 5);
INSERT INTO "public"."tb_component_disease_rel"("id", "component_id", "bridge_type_id", "part_type", "disease_id", "groups") VALUES (212, 27, 2, 3, 29, 10);
INSERT INTO "public"."tb_component_disease_rel"("id", "component_id", "bridge_type_id", "part_type", "disease_id", "groups") VALUES (213, 27, 2, 3, 43, 10);
INSERT INTO "public"."tb_component_disease_rel"("id", "component_id", "bridge_type_id", "part_type", "disease_id", "groups") VALUES (214, 27, 2, 3, 56, 5);
INSERT INTO "public"."tb_component_disease_rel"("id", "component_id", "bridge_type_id", "part_type", "disease_id", "groups") VALUES (215, 27, 2, 3, 6, 13);
INSERT INTO "public"."tb_component_disease_rel"("id", "component_id", "bridge_type_id", "part_type", "disease_id", "groups") VALUES (216, 27, 2, 3, 98, 10);
INSERT INTO "public"."tb_component_disease_rel"("id", "component_id", "bridge_type_id", "part_type", "disease_id", "groups") VALUES (217, 27, 2, 3, 99, 10);
INSERT INTO "public"."tb_component_disease_rel"("id", "component_id", "bridge_type_id", "part_type", "disease_id", "groups") VALUES (218, 27, 2, 3, 97, 16);
INSERT INTO "public"."tb_component_disease_rel"("id", "component_id", "bridge_type_id", "part_type", "disease_id", "groups") VALUES (219, 26, 2, 3, 42, 15);
INSERT INTO "public"."tb_component_disease_rel"("id", "component_id", "bridge_type_id", "part_type", "disease_id", "groups") VALUES (220, 26, 2, 3, 43, 10);
INSERT INTO "public"."tb_component_disease_rel"("id", "component_id", "bridge_type_id", "part_type", "disease_id", "groups") VALUES (221, 26, 2, 3, 29, 10);
INSERT INTO "public"."tb_component_disease_rel"("id", "component_id", "bridge_type_id", "part_type", "disease_id", "groups") VALUES (222, 26, 2, 3, 45, 14);
INSERT INTO "public"."tb_component_disease_rel"("id", "component_id", "bridge_type_id", "part_type", "disease_id", "groups") VALUES (223, 26, 2, 3, 46, 5);
INSERT INTO "public"."tb_component_disease_rel"("id", "component_id", "bridge_type_id", "part_type", "disease_id", "groups") VALUES (224, 26, 2, 3, 57, 10);
INSERT INTO "public"."tb_component_disease_rel"("id", "component_id", "bridge_type_id", "part_type", "disease_id", "groups") VALUES (225, 26, 2, 3, 99, 10);
INSERT INTO "public"."tb_component_disease_rel"("id", "component_id", "bridge_type_id", "part_type", "disease_id", "groups") VALUES (226, 26, 2, 3, 98, 10);
INSERT INTO "public"."tb_component_disease_rel"("id", "component_id", "bridge_type_id", "part_type", "disease_id", "groups") VALUES (227, 26, 2, 3, 97, 16);
INSERT INTO "public"."tb_component_disease_rel"("id", "component_id", "bridge_type_id", "part_type", "disease_id", "groups") VALUES (228, 21, 2, 3, 42, 15);
INSERT INTO "public"."tb_component_disease_rel"("id", "component_id", "bridge_type_id", "part_type", "disease_id", "groups") VALUES (229, 21, 2, 3, 43, 10);
INSERT INTO "public"."tb_component_disease_rel"("id", "component_id", "bridge_type_id", "part_type", "disease_id", "groups") VALUES (230, 21, 2, 3, 29, 10);
INSERT INTO "public"."tb_component_disease_rel"("id", "component_id", "bridge_type_id", "part_type", "disease_id", "groups") VALUES (231, 21, 2, 3, 45, 14);
INSERT INTO "public"."tb_component_disease_rel"("id", "component_id", "bridge_type_id", "part_type", "disease_id", "groups") VALUES (232, 21, 2, 3, 46, 5);
INSERT INTO "public"."tb_component_disease_rel"("id", "component_id", "bridge_type_id", "part_type", "disease_id", "groups") VALUES (233, 21, 2, 3, 57, 10);
INSERT INTO "public"."tb_component_disease_rel"("id", "component_id", "bridge_type_id", "part_type", "disease_id", "groups") VALUES (234, 21, 2, 3, 99, 10);
INSERT INTO "public"."tb_component_disease_rel"("id", "component_id", "bridge_type_id", "part_type", "disease_id", "groups") VALUES (235, 21, 2, 3, 98, 10);
INSERT INTO "public"."tb_component_disease_rel"("id", "component_id", "bridge_type_id", "part_type", "disease_id", "groups") VALUES (236, 21, 2, 3, 97, 16);
INSERT INTO "public"."tb_component_disease_rel"("id", "component_id", "bridge_type_id", "part_type", "disease_id", "groups") VALUES (237, 24, 2, 3, 58, 5);
INSERT INTO "public"."tb_component_disease_rel"("id", "component_id", "bridge_type_id", "part_type", "disease_id", "groups") VALUES (238, 24, 2, 3, 59, 5);
INSERT INTO "public"."tb_component_disease_rel"("id", "component_id", "bridge_type_id", "part_type", "disease_id", "groups") VALUES (239, 24, 2, 3, 60, 5);
INSERT INTO "public"."tb_component_disease_rel"("id", "component_id", "bridge_type_id", "part_type", "disease_id", "groups") VALUES (240, 24, 2, 3, 61, 5);
INSERT INTO "public"."tb_component_disease_rel"("id", "component_id", "bridge_type_id", "part_type", "disease_id", "groups") VALUES (241, 24, 2, 3, 62, 5);
INSERT INTO "public"."tb_component_disease_rel"("id", "component_id", "bridge_type_id", "part_type", "disease_id", "groups") VALUES (242, 24, 2, 3, 63, 5);
INSERT INTO "public"."tb_component_disease_rel"("id", "component_id", "bridge_type_id", "part_type", "disease_id", "groups") VALUES (243, 24, 2, 3, 97, 16);
INSERT INTO "public"."tb_component_disease_rel"("id", "component_id", "bridge_type_id", "part_type", "disease_id", "groups") VALUES (244, 28, 2, 3, 64, 5);
INSERT INTO "public"."tb_component_disease_rel"("id", "component_id", "bridge_type_id", "part_type", "disease_id", "groups") VALUES (245, 28, 2, 3, 65, 5);
INSERT INTO "public"."tb_component_disease_rel"("id", "component_id", "bridge_type_id", "part_type", "disease_id", "groups") VALUES (246, 28, 2, 3, 66, 5);
INSERT INTO "public"."tb_component_disease_rel"("id", "component_id", "bridge_type_id", "part_type", "disease_id", "groups") VALUES (247, 28, 2, 3, 67, 5);
INSERT INTO "public"."tb_component_disease_rel"("id", "component_id", "bridge_type_id", "part_type", "disease_id", "groups") VALUES (248, 28, 2, 3, 97, 16);
INSERT INTO "public"."tb_component_disease_rel"("id", "component_id", "bridge_type_id", "part_type", "disease_id", "groups") VALUES (249, 23, 2, 3, 68, 5);
INSERT INTO "public"."tb_component_disease_rel"("id", "component_id", "bridge_type_id", "part_type", "disease_id", "groups") VALUES (250, 23, 2, 3, 69, 5);
INSERT INTO "public"."tb_component_disease_rel"("id", "component_id", "bridge_type_id", "part_type", "disease_id", "groups") VALUES (251, 23, 2, 3, 70, 5);
INSERT INTO "public"."tb_component_disease_rel"("id", "component_id", "bridge_type_id", "part_type", "disease_id", "groups") VALUES (252, 23, 2, 3, 71, 5);
INSERT INTO "public"."tb_component_disease_rel"("id", "component_id", "bridge_type_id", "part_type", "disease_id", "groups") VALUES (253, 23, 2, 3, 97, 16);
INSERT INTO "public"."tb_component_disease_rel"("id", "component_id", "bridge_type_id", "part_type", "disease_id", "groups") VALUES (254, 22, 2, 3, 53, 15);
INSERT INTO "public"."tb_component_disease_rel"("id", "component_id", "bridge_type_id", "part_type", "disease_id", "groups") VALUES (255, 22, 2, 3, 54, 15);
INSERT INTO "public"."tb_component_disease_rel"("id", "component_id", "bridge_type_id", "part_type", "disease_id", "groups") VALUES (256, 22, 2, 3, 55, 5);
INSERT INTO "public"."tb_component_disease_rel"("id", "component_id", "bridge_type_id", "part_type", "disease_id", "groups") VALUES (257, 22, 2, 3, 29, 10);
INSERT INTO "public"."tb_component_disease_rel"("id", "component_id", "bridge_type_id", "part_type", "disease_id", "groups") VALUES (258, 22, 2, 3, 43, 10);
INSERT INTO "public"."tb_component_disease_rel"("id", "component_id", "bridge_type_id", "part_type", "disease_id", "groups") VALUES (259, 22, 2, 3, 56, 5);
INSERT INTO "public"."tb_component_disease_rel"("id", "component_id", "bridge_type_id", "part_type", "disease_id", "groups") VALUES (260, 22, 2, 3, 6, 13);
INSERT INTO "public"."tb_component_disease_rel"("id", "component_id", "bridge_type_id", "part_type", "disease_id", "groups") VALUES (261, 22, 2, 3, 98, 10);
INSERT INTO "public"."tb_component_disease_rel"("id", "component_id", "bridge_type_id", "part_type", "disease_id", "groups") VALUES (262, 22, 2, 3, 99, 10);
INSERT INTO "public"."tb_component_disease_rel"("id", "component_id", "bridge_type_id", "part_type", "disease_id", "groups") VALUES (263, 22, 2, 3, 97, 16);
INSERT INTO "public"."tb_component_disease_rel"("id", "component_id", "bridge_type_id", "part_type", "disease_id", "groups") VALUES (264, 1, 3, 1, 1, 10);
INSERT INTO "public"."tb_component_disease_rel"("id", "component_id", "bridge_type_id", "part_type", "disease_id", "groups") VALUES (265, 1, 3, 1, 2, 10);
INSERT INTO "public"."tb_component_disease_rel"("id", "component_id", "bridge_type_id", "part_type", "disease_id", "groups") VALUES (266, 1, 3, 1, 3, 2);
INSERT INTO "public"."tb_component_disease_rel"("id", "component_id", "bridge_type_id", "part_type", "disease_id", "groups") VALUES (267, 1, 3, 1, 4, 10);
INSERT INTO "public"."tb_component_disease_rel"("id", "component_id", "bridge_type_id", "part_type", "disease_id", "groups") VALUES (268, 1, 3, 1, 5, 3);
INSERT INTO "public"."tb_component_disease_rel"("id", "component_id", "bridge_type_id", "part_type", "disease_id", "groups") VALUES (269, 1, 3, 1, 6, 15);
INSERT INTO "public"."tb_component_disease_rel"("id", "component_id", "bridge_type_id", "part_type", "disease_id", "groups") VALUES (270, 1, 3, 1, 7, 15);
INSERT INTO "public"."tb_component_disease_rel"("id", "component_id", "bridge_type_id", "part_type", "disease_id", "groups") VALUES (271, 1, 3, 1, 8, 10);
INSERT INTO "public"."tb_component_disease_rel"("id", "component_id", "bridge_type_id", "part_type", "disease_id", "groups") VALUES (272, 1, 3, 1, 9, 10);
INSERT INTO "public"."tb_component_disease_rel"("id", "component_id", "bridge_type_id", "part_type", "disease_id", "groups") VALUES (273, 1, 3, 1, 10, 5);
INSERT INTO "public"."tb_component_disease_rel"("id", "component_id", "bridge_type_id", "part_type", "disease_id", "groups") VALUES (274, 1, 3, 1, 97, 16);
INSERT INTO "public"."tb_component_disease_rel"("id", "component_id", "bridge_type_id", "part_type", "disease_id", "groups") VALUES (275, 2, 3, 1, 11, 6);
INSERT INTO "public"."tb_component_disease_rel"("id", "component_id", "bridge_type_id", "part_type", "disease_id", "groups") VALUES (276, 2, 3, 1, 12, 7);
INSERT INTO "public"."tb_component_disease_rel"("id", "component_id", "bridge_type_id", "part_type", "disease_id", "groups") VALUES (277, 2, 3, 1, 97, 16);
INSERT INTO "public"."tb_component_disease_rel"("id", "component_id", "bridge_type_id", "part_type", "disease_id", "groups") VALUES (278, 3, 3, 1, 13, 3);
INSERT INTO "public"."tb_component_disease_rel"("id", "component_id", "bridge_type_id", "part_type", "disease_id", "groups") VALUES (279, 3, 3, 1, 14, 5);
INSERT INTO "public"."tb_component_disease_rel"("id", "component_id", "bridge_type_id", "part_type", "disease_id", "groups") VALUES (280, 3, 3, 1, 15, 5);
INSERT INTO "public"."tb_component_disease_rel"("id", "component_id", "bridge_type_id", "part_type", "disease_id", "groups") VALUES (281, 3, 3, 1, 16, 5);
INSERT INTO "public"."tb_component_disease_rel"("id", "component_id", "bridge_type_id", "part_type", "disease_id", "groups") VALUES (282, 3, 3, 1, 17, 5);
INSERT INTO "public"."tb_component_disease_rel"("id", "component_id", "bridge_type_id", "part_type", "disease_id", "groups") VALUES (283, 3, 3, 1, 18, 6);
INSERT INTO "public"."tb_component_disease_rel"("id", "component_id", "bridge_type_id", "part_type", "disease_id", "groups") VALUES (284, 3, 3, 1, 19, 5);
INSERT INTO "public"."tb_component_disease_rel"("id", "component_id", "bridge_type_id", "part_type", "disease_id", "groups") VALUES (285, 3, 3, 1, 20, 8);
INSERT INTO "public"."tb_component_disease_rel"("id", "component_id", "bridge_type_id", "part_type", "disease_id", "groups") VALUES (286, 3, 3, 1, 21, 5);
INSERT INTO "public"."tb_component_disease_rel"("id", "component_id", "bridge_type_id", "part_type", "disease_id", "groups") VALUES (287, 3, 3, 1, 97, 16);
INSERT INTO "public"."tb_component_disease_rel"("id", "component_id", "bridge_type_id", "part_type", "disease_id", "groups") VALUES (288, 4, 3, 1, 22, 9);
INSERT INTO "public"."tb_component_disease_rel"("id", "component_id", "bridge_type_id", "part_type", "disease_id", "groups") VALUES (289, 4, 3, 1, 23, 9);
INSERT INTO "public"."tb_component_disease_rel"("id", "component_id", "bridge_type_id", "part_type", "disease_id", "groups") VALUES (290, 4, 3, 1, 24, 5);
INSERT INTO "public"."tb_component_disease_rel"("id", "component_id", "bridge_type_id", "part_type", "disease_id", "groups") VALUES (291, 4, 3, 1, 25, 5);
INSERT INTO "public"."tb_component_disease_rel"("id", "component_id", "bridge_type_id", "part_type", "disease_id", "groups") VALUES (292, 4, 3, 1, 97, 16);
INSERT INTO "public"."tb_component_disease_rel"("id", "component_id", "bridge_type_id", "part_type", "disease_id", "groups") VALUES (293, 5, 3, 1, 26, 10);
INSERT INTO "public"."tb_component_disease_rel"("id", "component_id", "bridge_type_id", "part_type", "disease_id", "groups") VALUES (294, 5, 3, 1, 27, 10);
INSERT INTO "public"."tb_component_disease_rel"("id", "component_id", "bridge_type_id", "part_type", "disease_id", "groups") VALUES (295, 5, 3, 1, 28, 10);
INSERT INTO "public"."tb_component_disease_rel"("id", "component_id", "bridge_type_id", "part_type", "disease_id", "groups") VALUES (296, 5, 3, 1, 97, 16);
INSERT INTO "public"."tb_component_disease_rel"("id", "component_id", "bridge_type_id", "part_type", "disease_id", "groups") VALUES (297, 6, 3, 1, 29, 5);
INSERT INTO "public"."tb_component_disease_rel"("id", "component_id", "bridge_type_id", "part_type", "disease_id", "groups") VALUES (298, 6, 3, 1, 30, 9);
INSERT INTO "public"."tb_component_disease_rel"("id", "component_id", "bridge_type_id", "part_type", "disease_id", "groups") VALUES (299, 6, 3, 1, 31, 9);
INSERT INTO "public"."tb_component_disease_rel"("id", "component_id", "bridge_type_id", "part_type", "disease_id", "groups") VALUES (300, 6, 3, 1, 97, 16);
INSERT INTO "public"."tb_component_disease_rel"("id", "component_id", "bridge_type_id", "part_type", "disease_id", "groups") VALUES (301, 7, 3, 2, 32, 5);
INSERT INTO "public"."tb_component_disease_rel"("id", "component_id", "bridge_type_id", "part_type", "disease_id", "groups") VALUES (302, 7, 3, 2, 33, 5);
INSERT INTO "public"."tb_component_disease_rel"("id", "component_id", "bridge_type_id", "part_type", "disease_id", "groups") VALUES (303, 7, 3, 2, 34, 5);
INSERT INTO "public"."tb_component_disease_rel"("id", "component_id", "bridge_type_id", "part_type", "disease_id", "groups") VALUES (304, 7, 3, 2, 35, 10);
INSERT INTO "public"."tb_component_disease_rel"("id", "component_id", "bridge_type_id", "part_type", "disease_id", "groups") VALUES (305, 7, 3, 2, 36, 5);
INSERT INTO "public"."tb_component_disease_rel"("id", "component_id", "bridge_type_id", "part_type", "disease_id", "groups") VALUES (306, 7, 3, 2, 37, 5);
INSERT INTO "public"."tb_component_disease_rel"("id", "component_id", "bridge_type_id", "part_type", "disease_id", "groups") VALUES (307, 7, 3, 2, 38, 5);
INSERT INTO "public"."tb_component_disease_rel"("id", "component_id", "bridge_type_id", "part_type", "disease_id", "groups") VALUES (308, 7, 3, 2, 39, 9);
INSERT INTO "public"."tb_component_disease_rel"("id", "component_id", "bridge_type_id", "part_type", "disease_id", "groups") VALUES (309, 7, 3, 2, 40, 9);
INSERT INTO "public"."tb_component_disease_rel"("id", "component_id", "bridge_type_id", "part_type", "disease_id", "groups") VALUES (310, 7, 3, 2, 41, 5);
INSERT INTO "public"."tb_component_disease_rel"("id", "component_id", "bridge_type_id", "part_type", "disease_id", "groups") VALUES (311, 7, 3, 2, 42, 15);
INSERT INTO "public"."tb_component_disease_rel"("id", "component_id", "bridge_type_id", "part_type", "disease_id", "groups") VALUES (312, 7, 3, 2, 43, 10);
INSERT INTO "public"."tb_component_disease_rel"("id", "component_id", "bridge_type_id", "part_type", "disease_id", "groups") VALUES (313, 7, 3, 2, 29, 10);
INSERT INTO "public"."tb_component_disease_rel"("id", "component_id", "bridge_type_id", "part_type", "disease_id", "groups") VALUES (314, 7, 3, 2, 44, 11);
INSERT INTO "public"."tb_component_disease_rel"("id", "component_id", "bridge_type_id", "part_type", "disease_id", "groups") VALUES (315, 7, 3, 2, 45, 15);
INSERT INTO "public"."tb_component_disease_rel"("id", "component_id", "bridge_type_id", "part_type", "disease_id", "groups") VALUES (316, 7, 3, 2, 46, 5);
INSERT INTO "public"."tb_component_disease_rel"("id", "component_id", "bridge_type_id", "part_type", "disease_id", "groups") VALUES (317, 7, 3, 2, 6, 15);
INSERT INTO "public"."tb_component_disease_rel"("id", "component_id", "bridge_type_id", "part_type", "disease_id", "groups") VALUES (318, 7, 3, 2, 99, 10);
INSERT INTO "public"."tb_component_disease_rel"("id", "component_id", "bridge_type_id", "part_type", "disease_id", "groups") VALUES (319, 7, 3, 2, 47, 5);
INSERT INTO "public"."tb_component_disease_rel"("id", "component_id", "bridge_type_id", "part_type", "disease_id", "groups") VALUES (320, 7, 3, 2, 97, 16);
INSERT INTO "public"."tb_component_disease_rel"("id", "component_id", "bridge_type_id", "part_type", "disease_id", "groups") VALUES (321, 8, 3, 2, 32, 5);
INSERT INTO "public"."tb_component_disease_rel"("id", "component_id", "bridge_type_id", "part_type", "disease_id", "groups") VALUES (322, 8, 3, 2, 33, 5);
INSERT INTO "public"."tb_component_disease_rel"("id", "component_id", "bridge_type_id", "part_type", "disease_id", "groups") VALUES (323, 8, 3, 2, 34, 5);
INSERT INTO "public"."tb_component_disease_rel"("id", "component_id", "bridge_type_id", "part_type", "disease_id", "groups") VALUES (324, 8, 3, 2, 35, 10);
INSERT INTO "public"."tb_component_disease_rel"("id", "component_id", "bridge_type_id", "part_type", "disease_id", "groups") VALUES (325, 8, 3, 2, 36, 5);
INSERT INTO "public"."tb_component_disease_rel"("id", "component_id", "bridge_type_id", "part_type", "disease_id", "groups") VALUES (326, 8, 3, 2, 37, 5);
INSERT INTO "public"."tb_component_disease_rel"("id", "component_id", "bridge_type_id", "part_type", "disease_id", "groups") VALUES (327, 8, 3, 2, 38, 5);
INSERT INTO "public"."tb_component_disease_rel"("id", "component_id", "bridge_type_id", "part_type", "disease_id", "groups") VALUES (328, 8, 3, 2, 39, 9);
INSERT INTO "public"."tb_component_disease_rel"("id", "component_id", "bridge_type_id", "part_type", "disease_id", "groups") VALUES (329, 8, 3, 2, 40, 9);
INSERT INTO "public"."tb_component_disease_rel"("id", "component_id", "bridge_type_id", "part_type", "disease_id", "groups") VALUES (330, 8, 3, 2, 41, 5);
INSERT INTO "public"."tb_component_disease_rel"("id", "component_id", "bridge_type_id", "part_type", "disease_id", "groups") VALUES (331, 8, 3, 2, 76, 10);
INSERT INTO "public"."tb_component_disease_rel"("id", "component_id", "bridge_type_id", "part_type", "disease_id", "groups") VALUES (332, 8, 3, 2, 77, 10);
INSERT INTO "public"."tb_component_disease_rel"("id", "component_id", "bridge_type_id", "part_type", "disease_id", "groups") VALUES (333, 8, 3, 2, 78, 5);
INSERT INTO "public"."tb_component_disease_rel"("id", "component_id", "bridge_type_id", "part_type", "disease_id", "groups") VALUES (334, 8, 3, 2, 79, 5);
INSERT INTO "public"."tb_component_disease_rel"("id", "component_id", "bridge_type_id", "part_type", "disease_id", "groups") VALUES (335, 8, 3, 2, 7, 13);
INSERT INTO "public"."tb_component_disease_rel"("id", "component_id", "bridge_type_id", "part_type", "disease_id", "groups") VALUES (336, 8, 3, 2, 99, 10);
INSERT INTO "public"."tb_component_disease_rel"("id", "component_id", "bridge_type_id", "part_type", "disease_id", "groups") VALUES (337, 8, 3, 2, 97, 16);
INSERT INTO "public"."tb_component_disease_rel"("id", "component_id", "bridge_type_id", "part_type", "disease_id", "groups") VALUES (338, 27, 3, 3, 53, 15);
INSERT INTO "public"."tb_component_disease_rel"("id", "component_id", "bridge_type_id", "part_type", "disease_id", "groups") VALUES (339, 27, 3, 3, 54, 15);
INSERT INTO "public"."tb_component_disease_rel"("id", "component_id", "bridge_type_id", "part_type", "disease_id", "groups") VALUES (340, 27, 3, 3, 55, 5);
INSERT INTO "public"."tb_component_disease_rel"("id", "component_id", "bridge_type_id", "part_type", "disease_id", "groups") VALUES (341, 27, 3, 3, 29, 10);
INSERT INTO "public"."tb_component_disease_rel"("id", "component_id", "bridge_type_id", "part_type", "disease_id", "groups") VALUES (342, 27, 3, 3, 43, 10);
INSERT INTO "public"."tb_component_disease_rel"("id", "component_id", "bridge_type_id", "part_type", "disease_id", "groups") VALUES (343, 27, 3, 3, 56, 5);
INSERT INTO "public"."tb_component_disease_rel"("id", "component_id", "bridge_type_id", "part_type", "disease_id", "groups") VALUES (344, 27, 3, 3, 6, 13);
INSERT INTO "public"."tb_component_disease_rel"("id", "component_id", "bridge_type_id", "part_type", "disease_id", "groups") VALUES (345, 27, 3, 3, 98, 10);
INSERT INTO "public"."tb_component_disease_rel"("id", "component_id", "bridge_type_id", "part_type", "disease_id", "groups") VALUES (346, 27, 3, 3, 99, 10);
INSERT INTO "public"."tb_component_disease_rel"("id", "component_id", "bridge_type_id", "part_type", "disease_id", "groups") VALUES (347, 27, 3, 3, 97, 16);
INSERT INTO "public"."tb_component_disease_rel"("id", "component_id", "bridge_type_id", "part_type", "disease_id", "groups") VALUES (348, 26, 3, 3, 42, 15);
INSERT INTO "public"."tb_component_disease_rel"("id", "component_id", "bridge_type_id", "part_type", "disease_id", "groups") VALUES (349, 26, 3, 3, 43, 10);
INSERT INTO "public"."tb_component_disease_rel"("id", "component_id", "bridge_type_id", "part_type", "disease_id", "groups") VALUES (350, 26, 3, 3, 29, 10);
INSERT INTO "public"."tb_component_disease_rel"("id", "component_id", "bridge_type_id", "part_type", "disease_id", "groups") VALUES (351, 26, 3, 3, 45, 14);
INSERT INTO "public"."tb_component_disease_rel"("id", "component_id", "bridge_type_id", "part_type", "disease_id", "groups") VALUES (352, 26, 3, 3, 46, 5);
INSERT INTO "public"."tb_component_disease_rel"("id", "component_id", "bridge_type_id", "part_type", "disease_id", "groups") VALUES (353, 26, 3, 3, 57, 10);
INSERT INTO "public"."tb_component_disease_rel"("id", "component_id", "bridge_type_id", "part_type", "disease_id", "groups") VALUES (354, 26, 3, 3, 99, 10);
INSERT INTO "public"."tb_component_disease_rel"("id", "component_id", "bridge_type_id", "part_type", "disease_id", "groups") VALUES (355, 26, 3, 3, 98, 10);
INSERT INTO "public"."tb_component_disease_rel"("id", "component_id", "bridge_type_id", "part_type", "disease_id", "groups") VALUES (356, 26, 3, 3, 97, 16);
INSERT INTO "public"."tb_component_disease_rel"("id", "component_id", "bridge_type_id", "part_type", "disease_id", "groups") VALUES (357, 21, 3, 3, 42, 15);
INSERT INTO "public"."tb_component_disease_rel"("id", "component_id", "bridge_type_id", "part_type", "disease_id", "groups") VALUES (358, 21, 3, 3, 43, 10);
INSERT INTO "public"."tb_component_disease_rel"("id", "component_id", "bridge_type_id", "part_type", "disease_id", "groups") VALUES (359, 21, 3, 3, 29, 10);
INSERT INTO "public"."tb_component_disease_rel"("id", "component_id", "bridge_type_id", "part_type", "disease_id", "groups") VALUES (360, 21, 3, 3, 45, 14);
INSERT INTO "public"."tb_component_disease_rel"("id", "component_id", "bridge_type_id", "part_type", "disease_id", "groups") VALUES (361, 21, 3, 3, 46, 5);
INSERT INTO "public"."tb_component_disease_rel"("id", "component_id", "bridge_type_id", "part_type", "disease_id", "groups") VALUES (362, 21, 3, 3, 57, 10);
INSERT INTO "public"."tb_component_disease_rel"("id", "component_id", "bridge_type_id", "part_type", "disease_id", "groups") VALUES (363, 21, 3, 3, 99, 10);
INSERT INTO "public"."tb_component_disease_rel"("id", "component_id", "bridge_type_id", "part_type", "disease_id", "groups") VALUES (364, 21, 3, 3, 98, 10);
INSERT INTO "public"."tb_component_disease_rel"("id", "component_id", "bridge_type_id", "part_type", "disease_id", "groups") VALUES (365, 21, 3, 3, 97, 16);
INSERT INTO "public"."tb_component_disease_rel"("id", "component_id", "bridge_type_id", "part_type", "disease_id", "groups") VALUES (366, 24, 3, 3, 58, 5);
INSERT INTO "public"."tb_component_disease_rel"("id", "component_id", "bridge_type_id", "part_type", "disease_id", "groups") VALUES (367, 24, 3, 3, 59, 5);
INSERT INTO "public"."tb_component_disease_rel"("id", "component_id", "bridge_type_id", "part_type", "disease_id", "groups") VALUES (368, 24, 3, 3, 60, 5);
INSERT INTO "public"."tb_component_disease_rel"("id", "component_id", "bridge_type_id", "part_type", "disease_id", "groups") VALUES (369, 24, 3, 3, 61, 5);
INSERT INTO "public"."tb_component_disease_rel"("id", "component_id", "bridge_type_id", "part_type", "disease_id", "groups") VALUES (370, 24, 3, 3, 62, 5);
INSERT INTO "public"."tb_component_disease_rel"("id", "component_id", "bridge_type_id", "part_type", "disease_id", "groups") VALUES (371, 24, 3, 3, 63, 5);
INSERT INTO "public"."tb_component_disease_rel"("id", "component_id", "bridge_type_id", "part_type", "disease_id", "groups") VALUES (372, 24, 3, 3, 97, 16);
INSERT INTO "public"."tb_component_disease_rel"("id", "component_id", "bridge_type_id", "part_type", "disease_id", "groups") VALUES (373, 28, 3, 3, 64, 5);
INSERT INTO "public"."tb_component_disease_rel"("id", "component_id", "bridge_type_id", "part_type", "disease_id", "groups") VALUES (374, 28, 3, 3, 65, 5);
INSERT INTO "public"."tb_component_disease_rel"("id", "component_id", "bridge_type_id", "part_type", "disease_id", "groups") VALUES (375, 28, 3, 3, 66, 5);
INSERT INTO "public"."tb_component_disease_rel"("id", "component_id", "bridge_type_id", "part_type", "disease_id", "groups") VALUES (376, 28, 3, 3, 67, 5);
INSERT INTO "public"."tb_component_disease_rel"("id", "component_id", "bridge_type_id", "part_type", "disease_id", "groups") VALUES (377, 28, 3, 3, 97, 16);
INSERT INTO "public"."tb_component_disease_rel"("id", "component_id", "bridge_type_id", "part_type", "disease_id", "groups") VALUES (378, 23, 3, 3, 68, 5);
INSERT INTO "public"."tb_component_disease_rel"("id", "component_id", "bridge_type_id", "part_type", "disease_id", "groups") VALUES (379, 23, 3, 3, 69, 5);
INSERT INTO "public"."tb_component_disease_rel"("id", "component_id", "bridge_type_id", "part_type", "disease_id", "groups") VALUES (380, 23, 3, 3, 70, 5);
INSERT INTO "public"."tb_component_disease_rel"("id", "component_id", "bridge_type_id", "part_type", "disease_id", "groups") VALUES (381, 23, 3, 3, 71, 5);
INSERT INTO "public"."tb_component_disease_rel"("id", "component_id", "bridge_type_id", "part_type", "disease_id", "groups") VALUES (382, 23, 3, 3, 97, 16);
INSERT INTO "public"."tb_component_disease_rel"("id", "component_id", "bridge_type_id", "part_type", "disease_id", "groups") VALUES (383, 22, 3, 3, 53, 15);
INSERT INTO "public"."tb_component_disease_rel"("id", "component_id", "bridge_type_id", "part_type", "disease_id", "groups") VALUES (384, 22, 3, 3, 54, 15);
INSERT INTO "public"."tb_component_disease_rel"("id", "component_id", "bridge_type_id", "part_type", "disease_id", "groups") VALUES (385, 22, 3, 3, 55, 5);
INSERT INTO "public"."tb_component_disease_rel"("id", "component_id", "bridge_type_id", "part_type", "disease_id", "groups") VALUES (386, 22, 3, 3, 29, 10);
INSERT INTO "public"."tb_component_disease_rel"("id", "component_id", "bridge_type_id", "part_type", "disease_id", "groups") VALUES (387, 22, 3, 3, 43, 10);
INSERT INTO "public"."tb_component_disease_rel"("id", "component_id", "bridge_type_id", "part_type", "disease_id", "groups") VALUES (388, 22, 3, 3, 56, 5);
INSERT INTO "public"."tb_component_disease_rel"("id", "component_id", "bridge_type_id", "part_type", "disease_id", "groups") VALUES (389, 22, 3, 3, 6, 13);
INSERT INTO "public"."tb_component_disease_rel"("id", "component_id", "bridge_type_id", "part_type", "disease_id", "groups") VALUES (390, 22, 3, 3, 98, 10);
INSERT INTO "public"."tb_component_disease_rel"("id", "component_id", "bridge_type_id", "part_type", "disease_id", "groups") VALUES (391, 22, 3, 3, 99, 10);
INSERT INTO "public"."tb_component_disease_rel"("id", "component_id", "bridge_type_id", "part_type", "disease_id", "groups") VALUES (392, 22, 3, 3, 97, 16);
INSERT INTO "public"."tb_component_disease_rel"("id", "component_id", "bridge_type_id", "part_type", "disease_id", "groups") VALUES (393, 1, 4, 1, 1, 10);
INSERT INTO "public"."tb_component_disease_rel"("id", "component_id", "bridge_type_id", "part_type", "disease_id", "groups") VALUES (394, 1, 4, 1, 2, 10);
INSERT INTO "public"."tb_component_disease_rel"("id", "component_id", "bridge_type_id", "part_type", "disease_id", "groups") VALUES (395, 1, 4, 1, 3, 2);
INSERT INTO "public"."tb_component_disease_rel"("id", "component_id", "bridge_type_id", "part_type", "disease_id", "groups") VALUES (396, 1, 4, 1, 4, 10);
INSERT INTO "public"."tb_component_disease_rel"("id", "component_id", "bridge_type_id", "part_type", "disease_id", "groups") VALUES (397, 1, 4, 1, 5, 3);
INSERT INTO "public"."tb_component_disease_rel"("id", "component_id", "bridge_type_id", "part_type", "disease_id", "groups") VALUES (398, 1, 4, 1, 6, 15);
INSERT INTO "public"."tb_component_disease_rel"("id", "component_id", "bridge_type_id", "part_type", "disease_id", "groups") VALUES (399, 1, 4, 1, 7, 15);
INSERT INTO "public"."tb_component_disease_rel"("id", "component_id", "bridge_type_id", "part_type", "disease_id", "groups") VALUES (400, 1, 4, 1, 8, 10);
INSERT INTO "public"."tb_component_disease_rel"("id", "component_id", "bridge_type_id", "part_type", "disease_id", "groups") VALUES (401, 1, 4, 1, 9, 10);
INSERT INTO "public"."tb_component_disease_rel"("id", "component_id", "bridge_type_id", "part_type", "disease_id", "groups") VALUES (402, 1, 4, 1, 10, 5);
INSERT INTO "public"."tb_component_disease_rel"("id", "component_id", "bridge_type_id", "part_type", "disease_id", "groups") VALUES (403, 1, 4, 1, 97, 16);
INSERT INTO "public"."tb_component_disease_rel"("id", "component_id", "bridge_type_id", "part_type", "disease_id", "groups") VALUES (404, 2, 4, 1, 11, 6);
INSERT INTO "public"."tb_component_disease_rel"("id", "component_id", "bridge_type_id", "part_type", "disease_id", "groups") VALUES (405, 2, 4, 1, 12, 7);
INSERT INTO "public"."tb_component_disease_rel"("id", "component_id", "bridge_type_id", "part_type", "disease_id", "groups") VALUES (406, 2, 4, 1, 97, 16);
INSERT INTO "public"."tb_component_disease_rel"("id", "component_id", "bridge_type_id", "part_type", "disease_id", "groups") VALUES (407, 3, 4, 1, 13, 3);
INSERT INTO "public"."tb_component_disease_rel"("id", "component_id", "bridge_type_id", "part_type", "disease_id", "groups") VALUES (408, 3, 4, 1, 14, 5);
INSERT INTO "public"."tb_component_disease_rel"("id", "component_id", "bridge_type_id", "part_type", "disease_id", "groups") VALUES (409, 3, 4, 1, 15, 5);
INSERT INTO "public"."tb_component_disease_rel"("id", "component_id", "bridge_type_id", "part_type", "disease_id", "groups") VALUES (410, 3, 4, 1, 16, 5);
INSERT INTO "public"."tb_component_disease_rel"("id", "component_id", "bridge_type_id", "part_type", "disease_id", "groups") VALUES (411, 3, 4, 1, 17, 5);
INSERT INTO "public"."tb_component_disease_rel"("id", "component_id", "bridge_type_id", "part_type", "disease_id", "groups") VALUES (412, 3, 4, 1, 18, 6);
INSERT INTO "public"."tb_component_disease_rel"("id", "component_id", "bridge_type_id", "part_type", "disease_id", "groups") VALUES (413, 3, 4, 1, 19, 5);
INSERT INTO "public"."tb_component_disease_rel"("id", "component_id", "bridge_type_id", "part_type", "disease_id", "groups") VALUES (414, 3, 4, 1, 20, 8);
INSERT INTO "public"."tb_component_disease_rel"("id", "component_id", "bridge_type_id", "part_type", "disease_id", "groups") VALUES (415, 3, 4, 1, 21, 5);
INSERT INTO "public"."tb_component_disease_rel"("id", "component_id", "bridge_type_id", "part_type", "disease_id", "groups") VALUES (416, 3, 4, 1, 97, 16);
INSERT INTO "public"."tb_component_disease_rel"("id", "component_id", "bridge_type_id", "part_type", "disease_id", "groups") VALUES (417, 4, 4, 1, 22, 9);
INSERT INTO "public"."tb_component_disease_rel"("id", "component_id", "bridge_type_id", "part_type", "disease_id", "groups") VALUES (418, 4, 4, 1, 23, 9);
INSERT INTO "public"."tb_component_disease_rel"("id", "component_id", "bridge_type_id", "part_type", "disease_id", "groups") VALUES (419, 4, 4, 1, 24, 5);
INSERT INTO "public"."tb_component_disease_rel"("id", "component_id", "bridge_type_id", "part_type", "disease_id", "groups") VALUES (420, 4, 4, 1, 25, 5);
INSERT INTO "public"."tb_component_disease_rel"("id", "component_id", "bridge_type_id", "part_type", "disease_id", "groups") VALUES (421, 4, 4, 1, 97, 16);
INSERT INTO "public"."tb_component_disease_rel"("id", "component_id", "bridge_type_id", "part_type", "disease_id", "groups") VALUES (422, 5, 4, 1, 26, 10);
INSERT INTO "public"."tb_component_disease_rel"("id", "component_id", "bridge_type_id", "part_type", "disease_id", "groups") VALUES (423, 5, 4, 1, 27, 10);
INSERT INTO "public"."tb_component_disease_rel"("id", "component_id", "bridge_type_id", "part_type", "disease_id", "groups") VALUES (424, 5, 4, 1, 28, 10);
INSERT INTO "public"."tb_component_disease_rel"("id", "component_id", "bridge_type_id", "part_type", "disease_id", "groups") VALUES (425, 5, 4, 1, 97, 16);
INSERT INTO "public"."tb_component_disease_rel"("id", "component_id", "bridge_type_id", "part_type", "disease_id", "groups") VALUES (426, 6, 4, 1, 29, 5);
INSERT INTO "public"."tb_component_disease_rel"("id", "component_id", "bridge_type_id", "part_type", "disease_id", "groups") VALUES (427, 6, 4, 1, 30, 9);
INSERT INTO "public"."tb_component_disease_rel"("id", "component_id", "bridge_type_id", "part_type", "disease_id", "groups") VALUES (428, 6, 4, 1, 31, 9);
INSERT INTO "public"."tb_component_disease_rel"("id", "component_id", "bridge_type_id", "part_type", "disease_id", "groups") VALUES (429, 6, 4, 1, 97, 16);
INSERT INTO "public"."tb_component_disease_rel"("id", "component_id", "bridge_type_id", "part_type", "disease_id", "groups") VALUES (430, 13, 4, 2, 32, 5);
INSERT INTO "public"."tb_component_disease_rel"("id", "component_id", "bridge_type_id", "part_type", "disease_id", "groups") VALUES (431, 13, 4, 2, 33, 5);
INSERT INTO "public"."tb_component_disease_rel"("id", "component_id", "bridge_type_id", "part_type", "disease_id", "groups") VALUES (432, 13, 4, 2, 34, 5);
INSERT INTO "public"."tb_component_disease_rel"("id", "component_id", "bridge_type_id", "part_type", "disease_id", "groups") VALUES (433, 13, 4, 2, 35, 10);
INSERT INTO "public"."tb_component_disease_rel"("id", "component_id", "bridge_type_id", "part_type", "disease_id", "groups") VALUES (434, 13, 4, 2, 36, 5);
INSERT INTO "public"."tb_component_disease_rel"("id", "component_id", "bridge_type_id", "part_type", "disease_id", "groups") VALUES (435, 13, 4, 2, 37, 5);
INSERT INTO "public"."tb_component_disease_rel"("id", "component_id", "bridge_type_id", "part_type", "disease_id", "groups") VALUES (436, 13, 4, 2, 38, 5);
INSERT INTO "public"."tb_component_disease_rel"("id", "component_id", "bridge_type_id", "part_type", "disease_id", "groups") VALUES (437, 13, 4, 2, 39, 9);
INSERT INTO "public"."tb_component_disease_rel"("id", "component_id", "bridge_type_id", "part_type", "disease_id", "groups") VALUES (438, 13, 4, 2, 40, 9);
INSERT INTO "public"."tb_component_disease_rel"("id", "component_id", "bridge_type_id", "part_type", "disease_id", "groups") VALUES (439, 13, 4, 2, 41, 5);
INSERT INTO "public"."tb_component_disease_rel"("id", "component_id", "bridge_type_id", "part_type", "disease_id", "groups") VALUES (440, 13, 4, 2, 42, 10);
INSERT INTO "public"."tb_component_disease_rel"("id", "component_id", "bridge_type_id", "part_type", "disease_id", "groups") VALUES (441, 13, 4, 2, 43, 10);
INSERT INTO "public"."tb_component_disease_rel"("id", "component_id", "bridge_type_id", "part_type", "disease_id", "groups") VALUES (442, 13, 4, 2, 29, 10);
INSERT INTO "public"."tb_component_disease_rel"("id", "component_id", "bridge_type_id", "part_type", "disease_id", "groups") VALUES (443, 13, 4, 2, 44, 11);
INSERT INTO "public"."tb_component_disease_rel"("id", "component_id", "bridge_type_id", "part_type", "disease_id", "groups") VALUES (444, 13, 4, 2, 45, 15);
INSERT INTO "public"."tb_component_disease_rel"("id", "component_id", "bridge_type_id", "part_type", "disease_id", "groups") VALUES (445, 13, 4, 2, 46, 5);
INSERT INTO "public"."tb_component_disease_rel"("id", "component_id", "bridge_type_id", "part_type", "disease_id", "groups") VALUES (446, 13, 4, 2, 6, 15);
INSERT INTO "public"."tb_component_disease_rel"("id", "component_id", "bridge_type_id", "part_type", "disease_id", "groups") VALUES (447, 13, 4, 2, 99, 10);
INSERT INTO "public"."tb_component_disease_rel"("id", "component_id", "bridge_type_id", "part_type", "disease_id", "groups") VALUES (448, 13, 4, 2, 47, 5);
INSERT INTO "public"."tb_component_disease_rel"("id", "component_id", "bridge_type_id", "part_type", "disease_id", "groups") VALUES (449, 13, 4, 2, 97, 16);
INSERT INTO "public"."tb_component_disease_rel"("id", "component_id", "bridge_type_id", "part_type", "disease_id", "groups") VALUES (450, 14, 4, 2, 32, 5);
INSERT INTO "public"."tb_component_disease_rel"("id", "component_id", "bridge_type_id", "part_type", "disease_id", "groups") VALUES (451, 14, 4, 2, 33, 5);
INSERT INTO "public"."tb_component_disease_rel"("id", "component_id", "bridge_type_id", "part_type", "disease_id", "groups") VALUES (452, 14, 4, 2, 34, 5);
INSERT INTO "public"."tb_component_disease_rel"("id", "component_id", "bridge_type_id", "part_type", "disease_id", "groups") VALUES (453, 14, 4, 2, 35, 10);
INSERT INTO "public"."tb_component_disease_rel"("id", "component_id", "bridge_type_id", "part_type", "disease_id", "groups") VALUES (454, 14, 4, 2, 36, 5);
INSERT INTO "public"."tb_component_disease_rel"("id", "component_id", "bridge_type_id", "part_type", "disease_id", "groups") VALUES (455, 14, 4, 2, 37, 5);
INSERT INTO "public"."tb_component_disease_rel"("id", "component_id", "bridge_type_id", "part_type", "disease_id", "groups") VALUES (456, 14, 4, 2, 38, 5);
INSERT INTO "public"."tb_component_disease_rel"("id", "component_id", "bridge_type_id", "part_type", "disease_id", "groups") VALUES (457, 14, 4, 2, 39, 9);
INSERT INTO "public"."tb_component_disease_rel"("id", "component_id", "bridge_type_id", "part_type", "disease_id", "groups") VALUES (458, 14, 4, 2, 40, 9);
INSERT INTO "public"."tb_component_disease_rel"("id", "component_id", "bridge_type_id", "part_type", "disease_id", "groups") VALUES (459, 14, 4, 2, 41, 5);
INSERT INTO "public"."tb_component_disease_rel"("id", "component_id", "bridge_type_id", "part_type", "disease_id", "groups") VALUES (460, 14, 4, 2, 42, 10);
INSERT INTO "public"."tb_component_disease_rel"("id", "component_id", "bridge_type_id", "part_type", "disease_id", "groups") VALUES (461, 14, 4, 2, 43, 10);
INSERT INTO "public"."tb_component_disease_rel"("id", "component_id", "bridge_type_id", "part_type", "disease_id", "groups") VALUES (462, 14, 4, 2, 29, 10);
INSERT INTO "public"."tb_component_disease_rel"("id", "component_id", "bridge_type_id", "part_type", "disease_id", "groups") VALUES (463, 14, 4, 2, 44, 11);
INSERT INTO "public"."tb_component_disease_rel"("id", "component_id", "bridge_type_id", "part_type", "disease_id", "groups") VALUES (464, 14, 4, 2, 45, 15);
INSERT INTO "public"."tb_component_disease_rel"("id", "component_id", "bridge_type_id", "part_type", "disease_id", "groups") VALUES (465, 14, 4, 2, 46, 5);
INSERT INTO "public"."tb_component_disease_rel"("id", "component_id", "bridge_type_id", "part_type", "disease_id", "groups") VALUES (466, 14, 4, 2, 6, 15);
INSERT INTO "public"."tb_component_disease_rel"("id", "component_id", "bridge_type_id", "part_type", "disease_id", "groups") VALUES (467, 14, 4, 2, 99, 10);
INSERT INTO "public"."tb_component_disease_rel"("id", "component_id", "bridge_type_id", "part_type", "disease_id", "groups") VALUES (468, 14, 4, 2, 47, 5);
INSERT INTO "public"."tb_component_disease_rel"("id", "component_id", "bridge_type_id", "part_type", "disease_id", "groups") VALUES (469, 14, 4, 2, 97, 16);
INSERT INTO "public"."tb_component_disease_rel"("id", "component_id", "bridge_type_id", "part_type", "disease_id", "groups") VALUES (470, 15, 4, 2, 32, 5);
INSERT INTO "public"."tb_component_disease_rel"("id", "component_id", "bridge_type_id", "part_type", "disease_id", "groups") VALUES (471, 15, 4, 2, 33, 5);
INSERT INTO "public"."tb_component_disease_rel"("id", "component_id", "bridge_type_id", "part_type", "disease_id", "groups") VALUES (472, 15, 4, 2, 34, 5);
INSERT INTO "public"."tb_component_disease_rel"("id", "component_id", "bridge_type_id", "part_type", "disease_id", "groups") VALUES (473, 15, 4, 2, 35, 10);
INSERT INTO "public"."tb_component_disease_rel"("id", "component_id", "bridge_type_id", "part_type", "disease_id", "groups") VALUES (474, 15, 4, 2, 36, 5);
INSERT INTO "public"."tb_component_disease_rel"("id", "component_id", "bridge_type_id", "part_type", "disease_id", "groups") VALUES (475, 15, 4, 2, 37, 5);
INSERT INTO "public"."tb_component_disease_rel"("id", "component_id", "bridge_type_id", "part_type", "disease_id", "groups") VALUES (476, 15, 4, 2, 38, 5);
INSERT INTO "public"."tb_component_disease_rel"("id", "component_id", "bridge_type_id", "part_type", "disease_id", "groups") VALUES (477, 15, 4, 2, 39, 9);
INSERT INTO "public"."tb_component_disease_rel"("id", "component_id", "bridge_type_id", "part_type", "disease_id", "groups") VALUES (478, 15, 4, 2, 40, 9);
INSERT INTO "public"."tb_component_disease_rel"("id", "component_id", "bridge_type_id", "part_type", "disease_id", "groups") VALUES (479, 15, 4, 2, 41, 5);
INSERT INTO "public"."tb_component_disease_rel"("id", "component_id", "bridge_type_id", "part_type", "disease_id", "groups") VALUES (480, 15, 4, 2, 42, 10);
INSERT INTO "public"."tb_component_disease_rel"("id", "component_id", "bridge_type_id", "part_type", "disease_id", "groups") VALUES (481, 15, 4, 2, 43, 10);
INSERT INTO "public"."tb_component_disease_rel"("id", "component_id", "bridge_type_id", "part_type", "disease_id", "groups") VALUES (482, 15, 4, 2, 29, 10);
INSERT INTO "public"."tb_component_disease_rel"("id", "component_id", "bridge_type_id", "part_type", "disease_id", "groups") VALUES (483, 15, 4, 2, 44, 11);
INSERT INTO "public"."tb_component_disease_rel"("id", "component_id", "bridge_type_id", "part_type", "disease_id", "groups") VALUES (484, 15, 4, 2, 45, 15);
INSERT INTO "public"."tb_component_disease_rel"("id", "component_id", "bridge_type_id", "part_type", "disease_id", "groups") VALUES (485, 15, 4, 2, 46, 5);
INSERT INTO "public"."tb_component_disease_rel"("id", "component_id", "bridge_type_id", "part_type", "disease_id", "groups") VALUES (486, 15, 4, 2, 6, 15);
INSERT INTO "public"."tb_component_disease_rel"("id", "component_id", "bridge_type_id", "part_type", "disease_id", "groups") VALUES (487, 15, 4, 2, 99, 10);
INSERT INTO "public"."tb_component_disease_rel"("id", "component_id", "bridge_type_id", "part_type", "disease_id", "groups") VALUES (488, 15, 4, 2, 47, 5);
INSERT INTO "public"."tb_component_disease_rel"("id", "component_id", "bridge_type_id", "part_type", "disease_id", "groups") VALUES (489, 15, 4, 2, 97, 16);
INSERT INTO "public"."tb_component_disease_rel"("id", "component_id", "bridge_type_id", "part_type", "disease_id", "groups") VALUES (490, 16, 4, 2, 32, 5);
INSERT INTO "public"."tb_component_disease_rel"("id", "component_id", "bridge_type_id", "part_type", "disease_id", "groups") VALUES (491, 16, 4, 2, 33, 5);
INSERT INTO "public"."tb_component_disease_rel"("id", "component_id", "bridge_type_id", "part_type", "disease_id", "groups") VALUES (492, 16, 4, 2, 34, 5);
INSERT INTO "public"."tb_component_disease_rel"("id", "component_id", "bridge_type_id", "part_type", "disease_id", "groups") VALUES (493, 16, 4, 2, 35, 10);
INSERT INTO "public"."tb_component_disease_rel"("id", "component_id", "bridge_type_id", "part_type", "disease_id", "groups") VALUES (494, 16, 4, 2, 36, 5);
INSERT INTO "public"."tb_component_disease_rel"("id", "component_id", "bridge_type_id", "part_type", "disease_id", "groups") VALUES (495, 16, 4, 2, 37, 5);
INSERT INTO "public"."tb_component_disease_rel"("id", "component_id", "bridge_type_id", "part_type", "disease_id", "groups") VALUES (496, 16, 4, 2, 38, 5);
INSERT INTO "public"."tb_component_disease_rel"("id", "component_id", "bridge_type_id", "part_type", "disease_id", "groups") VALUES (497, 16, 4, 2, 39, 9);
INSERT INTO "public"."tb_component_disease_rel"("id", "component_id", "bridge_type_id", "part_type", "disease_id", "groups") VALUES (498, 16, 4, 2, 40, 9);
INSERT INTO "public"."tb_component_disease_rel"("id", "component_id", "bridge_type_id", "part_type", "disease_id", "groups") VALUES (499, 16, 4, 2, 41, 5);
INSERT INTO "public"."tb_component_disease_rel"("id", "component_id", "bridge_type_id", "part_type", "disease_id", "groups") VALUES (500, 16, 4, 2, 42, 10);
INSERT INTO "public"."tb_component_disease_rel"("id", "component_id", "bridge_type_id", "part_type", "disease_id", "groups") VALUES (501, 16, 4, 2, 43, 10);
INSERT INTO "public"."tb_component_disease_rel"("id", "component_id", "bridge_type_id", "part_type", "disease_id", "groups") VALUES (502, 16, 4, 2, 29, 10);
INSERT INTO "public"."tb_component_disease_rel"("id", "component_id", "bridge_type_id", "part_type", "disease_id", "groups") VALUES (503, 16, 4, 2, 44, 11);
INSERT INTO "public"."tb_component_disease_rel"("id", "component_id", "bridge_type_id", "part_type", "disease_id", "groups") VALUES (504, 16, 4, 2, 45, 15);
INSERT INTO "public"."tb_component_disease_rel"("id", "component_id", "bridge_type_id", "part_type", "disease_id", "groups") VALUES (505, 16, 4, 2, 46, 5);
INSERT INTO "public"."tb_component_disease_rel"("id", "component_id", "bridge_type_id", "part_type", "disease_id", "groups") VALUES (506, 16, 4, 2, 6, 15);
INSERT INTO "public"."tb_component_disease_rel"("id", "component_id", "bridge_type_id", "part_type", "disease_id", "groups") VALUES (507, 16, 4, 2, 99, 10);
INSERT INTO "public"."tb_component_disease_rel"("id", "component_id", "bridge_type_id", "part_type", "disease_id", "groups") VALUES (508, 16, 4, 2, 47, 5);
INSERT INTO "public"."tb_component_disease_rel"("id", "component_id", "bridge_type_id", "part_type", "disease_id", "groups") VALUES (509, 16, 4, 2, 97, 16);
INSERT INTO "public"."tb_component_disease_rel"("id", "component_id", "bridge_type_id", "part_type", "disease_id", "groups") VALUES (510, 17, 4, 2, 32, 5);
INSERT INTO "public"."tb_component_disease_rel"("id", "component_id", "bridge_type_id", "part_type", "disease_id", "groups") VALUES (511, 17, 4, 2, 33, 5);
INSERT INTO "public"."tb_component_disease_rel"("id", "component_id", "bridge_type_id", "part_type", "disease_id", "groups") VALUES (512, 17, 4, 2, 34, 5);
INSERT INTO "public"."tb_component_disease_rel"("id", "component_id", "bridge_type_id", "part_type", "disease_id", "groups") VALUES (513, 17, 4, 2, 35, 10);
INSERT INTO "public"."tb_component_disease_rel"("id", "component_id", "bridge_type_id", "part_type", "disease_id", "groups") VALUES (514, 17, 4, 2, 36, 5);
INSERT INTO "public"."tb_component_disease_rel"("id", "component_id", "bridge_type_id", "part_type", "disease_id", "groups") VALUES (515, 17, 4, 2, 37, 5);
INSERT INTO "public"."tb_component_disease_rel"("id", "component_id", "bridge_type_id", "part_type", "disease_id", "groups") VALUES (516, 17, 4, 2, 38, 5);
INSERT INTO "public"."tb_component_disease_rel"("id", "component_id", "bridge_type_id", "part_type", "disease_id", "groups") VALUES (517, 17, 4, 2, 39, 9);
INSERT INTO "public"."tb_component_disease_rel"("id", "component_id", "bridge_type_id", "part_type", "disease_id", "groups") VALUES (518, 17, 4, 2, 40, 9);
INSERT INTO "public"."tb_component_disease_rel"("id", "component_id", "bridge_type_id", "part_type", "disease_id", "groups") VALUES (519, 17, 4, 2, 41, 5);
INSERT INTO "public"."tb_component_disease_rel"("id", "component_id", "bridge_type_id", "part_type", "disease_id", "groups") VALUES (520, 17, 4, 2, 42, 10);
INSERT INTO "public"."tb_component_disease_rel"("id", "component_id", "bridge_type_id", "part_type", "disease_id", "groups") VALUES (521, 17, 4, 2, 43, 10);
INSERT INTO "public"."tb_component_disease_rel"("id", "component_id", "bridge_type_id", "part_type", "disease_id", "groups") VALUES (522, 17, 4, 2, 29, 10);
INSERT INTO "public"."tb_component_disease_rel"("id", "component_id", "bridge_type_id", "part_type", "disease_id", "groups") VALUES (523, 17, 4, 2, 44, 11);
INSERT INTO "public"."tb_component_disease_rel"("id", "component_id", "bridge_type_id", "part_type", "disease_id", "groups") VALUES (524, 17, 4, 2, 45, 15);
INSERT INTO "public"."tb_component_disease_rel"("id", "component_id", "bridge_type_id", "part_type", "disease_id", "groups") VALUES (525, 17, 4, 2, 46, 5);
INSERT INTO "public"."tb_component_disease_rel"("id", "component_id", "bridge_type_id", "part_type", "disease_id", "groups") VALUES (526, 17, 4, 2, 6, 15);
INSERT INTO "public"."tb_component_disease_rel"("id", "component_id", "bridge_type_id", "part_type", "disease_id", "groups") VALUES (527, 17, 4, 2, 99, 10);
INSERT INTO "public"."tb_component_disease_rel"("id", "component_id", "bridge_type_id", "part_type", "disease_id", "groups") VALUES (528, 17, 4, 2, 47, 5);
INSERT INTO "public"."tb_component_disease_rel"("id", "component_id", "bridge_type_id", "part_type", "disease_id", "groups") VALUES (529, 17, 4, 2, 97, 16);
INSERT INTO "public"."tb_component_disease_rel"("id", "component_id", "bridge_type_id", "part_type", "disease_id", "groups") VALUES (530, 27, 4, 3, 53, 15);
INSERT INTO "public"."tb_component_disease_rel"("id", "component_id", "bridge_type_id", "part_type", "disease_id", "groups") VALUES (531, 27, 4, 3, 54, 15);
INSERT INTO "public"."tb_component_disease_rel"("id", "component_id", "bridge_type_id", "part_type", "disease_id", "groups") VALUES (532, 27, 4, 3, 55, 5);
INSERT INTO "public"."tb_component_disease_rel"("id", "component_id", "bridge_type_id", "part_type", "disease_id", "groups") VALUES (533, 27, 4, 3, 29, 10);
INSERT INTO "public"."tb_component_disease_rel"("id", "component_id", "bridge_type_id", "part_type", "disease_id", "groups") VALUES (534, 27, 4, 3, 43, 10);
INSERT INTO "public"."tb_component_disease_rel"("id", "component_id", "bridge_type_id", "part_type", "disease_id", "groups") VALUES (535, 27, 4, 3, 56, 5);
INSERT INTO "public"."tb_component_disease_rel"("id", "component_id", "bridge_type_id", "part_type", "disease_id", "groups") VALUES (536, 27, 4, 3, 6, 13);
INSERT INTO "public"."tb_component_disease_rel"("id", "component_id", "bridge_type_id", "part_type", "disease_id", "groups") VALUES (537, 27, 4, 3, 98, 10);
INSERT INTO "public"."tb_component_disease_rel"("id", "component_id", "bridge_type_id", "part_type", "disease_id", "groups") VALUES (538, 27, 4, 3, 99, 10);
INSERT INTO "public"."tb_component_disease_rel"("id", "component_id", "bridge_type_id", "part_type", "disease_id", "groups") VALUES (539, 27, 4, 3, 97, 16);
INSERT INTO "public"."tb_component_disease_rel"("id", "component_id", "bridge_type_id", "part_type", "disease_id", "groups") VALUES (540, 26, 4, 3, 42, 15);
INSERT INTO "public"."tb_component_disease_rel"("id", "component_id", "bridge_type_id", "part_type", "disease_id", "groups") VALUES (541, 26, 4, 3, 43, 10);
INSERT INTO "public"."tb_component_disease_rel"("id", "component_id", "bridge_type_id", "part_type", "disease_id", "groups") VALUES (542, 26, 4, 3, 29, 10);
INSERT INTO "public"."tb_component_disease_rel"("id", "component_id", "bridge_type_id", "part_type", "disease_id", "groups") VALUES (543, 26, 4, 3, 45, 14);
INSERT INTO "public"."tb_component_disease_rel"("id", "component_id", "bridge_type_id", "part_type", "disease_id", "groups") VALUES (544, 26, 4, 3, 46, 5);
INSERT INTO "public"."tb_component_disease_rel"("id", "component_id", "bridge_type_id", "part_type", "disease_id", "groups") VALUES (545, 26, 4, 3, 57, 10);
INSERT INTO "public"."tb_component_disease_rel"("id", "component_id", "bridge_type_id", "part_type", "disease_id", "groups") VALUES (546, 26, 4, 3, 99, 10);
INSERT INTO "public"."tb_component_disease_rel"("id", "component_id", "bridge_type_id", "part_type", "disease_id", "groups") VALUES (547, 26, 4, 3, 98, 10);
INSERT INTO "public"."tb_component_disease_rel"("id", "component_id", "bridge_type_id", "part_type", "disease_id", "groups") VALUES (548, 26, 4, 3, 97, 16);
INSERT INTO "public"."tb_component_disease_rel"("id", "component_id", "bridge_type_id", "part_type", "disease_id", "groups") VALUES (549, 21, 4, 3, 42, 15);
INSERT INTO "public"."tb_component_disease_rel"("id", "component_id", "bridge_type_id", "part_type", "disease_id", "groups") VALUES (550, 21, 4, 3, 43, 10);
INSERT INTO "public"."tb_component_disease_rel"("id", "component_id", "bridge_type_id", "part_type", "disease_id", "groups") VALUES (551, 21, 4, 3, 29, 10);
INSERT INTO "public"."tb_component_disease_rel"("id", "component_id", "bridge_type_id", "part_type", "disease_id", "groups") VALUES (552, 21, 4, 3, 45, 14);
INSERT INTO "public"."tb_component_disease_rel"("id", "component_id", "bridge_type_id", "part_type", "disease_id", "groups") VALUES (553, 21, 4, 3, 46, 5);
INSERT INTO "public"."tb_component_disease_rel"("id", "component_id", "bridge_type_id", "part_type", "disease_id", "groups") VALUES (554, 21, 4, 3, 57, 10);
INSERT INTO "public"."tb_component_disease_rel"("id", "component_id", "bridge_type_id", "part_type", "disease_id", "groups") VALUES (555, 21, 4, 3, 99, 10);
INSERT INTO "public"."tb_component_disease_rel"("id", "component_id", "bridge_type_id", "part_type", "disease_id", "groups") VALUES (556, 21, 4, 3, 98, 10);
INSERT INTO "public"."tb_component_disease_rel"("id", "component_id", "bridge_type_id", "part_type", "disease_id", "groups") VALUES (557, 21, 4, 3, 97, 16);
INSERT INTO "public"."tb_component_disease_rel"("id", "component_id", "bridge_type_id", "part_type", "disease_id", "groups") VALUES (558, 24, 4, 3, 58, 5);
INSERT INTO "public"."tb_component_disease_rel"("id", "component_id", "bridge_type_id", "part_type", "disease_id", "groups") VALUES (559, 24, 4, 3, 59, 5);
INSERT INTO "public"."tb_component_disease_rel"("id", "component_id", "bridge_type_id", "part_type", "disease_id", "groups") VALUES (560, 24, 4, 3, 60, 5);
INSERT INTO "public"."tb_component_disease_rel"("id", "component_id", "bridge_type_id", "part_type", "disease_id", "groups") VALUES (561, 24, 4, 3, 61, 5);
INSERT INTO "public"."tb_component_disease_rel"("id", "component_id", "bridge_type_id", "part_type", "disease_id", "groups") VALUES (562, 24, 4, 3, 62, 5);
INSERT INTO "public"."tb_component_disease_rel"("id", "component_id", "bridge_type_id", "part_type", "disease_id", "groups") VALUES (563, 24, 4, 3, 63, 5);
INSERT INTO "public"."tb_component_disease_rel"("id", "component_id", "bridge_type_id", "part_type", "disease_id", "groups") VALUES (564, 24, 4, 3, 97, 16);
INSERT INTO "public"."tb_component_disease_rel"("id", "component_id", "bridge_type_id", "part_type", "disease_id", "groups") VALUES (565, 28, 4, 3, 64, 5);
INSERT INTO "public"."tb_component_disease_rel"("id", "component_id", "bridge_type_id", "part_type", "disease_id", "groups") VALUES (566, 28, 4, 3, 65, 5);
INSERT INTO "public"."tb_component_disease_rel"("id", "component_id", "bridge_type_id", "part_type", "disease_id", "groups") VALUES (567, 28, 4, 3, 66, 5);
INSERT INTO "public"."tb_component_disease_rel"("id", "component_id", "bridge_type_id", "part_type", "disease_id", "groups") VALUES (568, 28, 4, 3, 67, 5);
INSERT INTO "public"."tb_component_disease_rel"("id", "component_id", "bridge_type_id", "part_type", "disease_id", "groups") VALUES (569, 28, 4, 3, 97, 16);
INSERT INTO "public"."tb_component_disease_rel"("id", "component_id", "bridge_type_id", "part_type", "disease_id", "groups") VALUES (570, 23, 4, 3, 68, 5);
INSERT INTO "public"."tb_component_disease_rel"("id", "component_id", "bridge_type_id", "part_type", "disease_id", "groups") VALUES (571, 23, 4, 3, 69, 5);
INSERT INTO "public"."tb_component_disease_rel"("id", "component_id", "bridge_type_id", "part_type", "disease_id", "groups") VALUES (572, 23, 4, 3, 70, 5);
INSERT INTO "public"."tb_component_disease_rel"("id", "component_id", "bridge_type_id", "part_type", "disease_id", "groups") VALUES (573, 23, 4, 3, 71, 5);
INSERT INTO "public"."tb_component_disease_rel"("id", "component_id", "bridge_type_id", "part_type", "disease_id", "groups") VALUES (574, 23, 4, 3, 97, 16);
INSERT INTO "public"."tb_component_disease_rel"("id", "component_id", "bridge_type_id", "part_type", "disease_id", "groups") VALUES (575, 22, 4, 3, 53, 15);
INSERT INTO "public"."tb_component_disease_rel"("id", "component_id", "bridge_type_id", "part_type", "disease_id", "groups") VALUES (576, 22, 4, 3, 54, 15);
INSERT INTO "public"."tb_component_disease_rel"("id", "component_id", "bridge_type_id", "part_type", "disease_id", "groups") VALUES (577, 22, 4, 3, 55, 5);
INSERT INTO "public"."tb_component_disease_rel"("id", "component_id", "bridge_type_id", "part_type", "disease_id", "groups") VALUES (578, 22, 4, 3, 29, 10);
INSERT INTO "public"."tb_component_disease_rel"("id", "component_id", "bridge_type_id", "part_type", "disease_id", "groups") VALUES (579, 22, 4, 3, 43, 10);
INSERT INTO "public"."tb_component_disease_rel"("id", "component_id", "bridge_type_id", "part_type", "disease_id", "groups") VALUES (580, 22, 4, 3, 56, 5);
INSERT INTO "public"."tb_component_disease_rel"("id", "component_id", "bridge_type_id", "part_type", "disease_id", "groups") VALUES (581, 22, 4, 3, 6, 13);
INSERT INTO "public"."tb_component_disease_rel"("id", "component_id", "bridge_type_id", "part_type", "disease_id", "groups") VALUES (582, 22, 4, 3, 98, 10);
INSERT INTO "public"."tb_component_disease_rel"("id", "component_id", "bridge_type_id", "part_type", "disease_id", "groups") VALUES (583, 22, 4, 3, 99, 10);
INSERT INTO "public"."tb_component_disease_rel"("id", "component_id", "bridge_type_id", "part_type", "disease_id", "groups") VALUES (584, 22, 4, 3, 97, 16);
INSERT INTO "public"."tb_component_disease_rel"("id", "component_id", "bridge_type_id", "part_type", "disease_id", "groups") VALUES (585, 1, 5, 1, 1, 10);
INSERT INTO "public"."tb_component_disease_rel"("id", "component_id", "bridge_type_id", "part_type", "disease_id", "groups") VALUES (586, 1, 5, 1, 2, 10);
INSERT INTO "public"."tb_component_disease_rel"("id", "component_id", "bridge_type_id", "part_type", "disease_id", "groups") VALUES (587, 1, 5, 1, 3, 2);
INSERT INTO "public"."tb_component_disease_rel"("id", "component_id", "bridge_type_id", "part_type", "disease_id", "groups") VALUES (588, 1, 5, 1, 4, 10);
INSERT INTO "public"."tb_component_disease_rel"("id", "component_id", "bridge_type_id", "part_type", "disease_id", "groups") VALUES (589, 1, 5, 1, 5, 3);
INSERT INTO "public"."tb_component_disease_rel"("id", "component_id", "bridge_type_id", "part_type", "disease_id", "groups") VALUES (590, 1, 5, 1, 6, 15);
INSERT INTO "public"."tb_component_disease_rel"("id", "component_id", "bridge_type_id", "part_type", "disease_id", "groups") VALUES (591, 1, 5, 1, 7, 15);
INSERT INTO "public"."tb_component_disease_rel"("id", "component_id", "bridge_type_id", "part_type", "disease_id", "groups") VALUES (592, 1, 5, 1, 8, 10);
INSERT INTO "public"."tb_component_disease_rel"("id", "component_id", "bridge_type_id", "part_type", "disease_id", "groups") VALUES (593, 1, 5, 1, 9, 10);
INSERT INTO "public"."tb_component_disease_rel"("id", "component_id", "bridge_type_id", "part_type", "disease_id", "groups") VALUES (594, 1, 5, 1, 10, 5);
INSERT INTO "public"."tb_component_disease_rel"("id", "component_id", "bridge_type_id", "part_type", "disease_id", "groups") VALUES (595, 1, 5, 1, 97, 16);
INSERT INTO "public"."tb_component_disease_rel"("id", "component_id", "bridge_type_id", "part_type", "disease_id", "groups") VALUES (596, 2, 5, 1, 11, 6);
INSERT INTO "public"."tb_component_disease_rel"("id", "component_id", "bridge_type_id", "part_type", "disease_id", "groups") VALUES (597, 2, 5, 1, 12, 7);
INSERT INTO "public"."tb_component_disease_rel"("id", "component_id", "bridge_type_id", "part_type", "disease_id", "groups") VALUES (598, 2, 5, 1, 97, 16);
INSERT INTO "public"."tb_component_disease_rel"("id", "component_id", "bridge_type_id", "part_type", "disease_id", "groups") VALUES (599, 3, 5, 1, 13, 3);
INSERT INTO "public"."tb_component_disease_rel"("id", "component_id", "bridge_type_id", "part_type", "disease_id", "groups") VALUES (600, 3, 5, 1, 14, 5);
INSERT INTO "public"."tb_component_disease_rel"("id", "component_id", "bridge_type_id", "part_type", "disease_id", "groups") VALUES (601, 3, 5, 1, 15, 5);
INSERT INTO "public"."tb_component_disease_rel"("id", "component_id", "bridge_type_id", "part_type", "disease_id", "groups") VALUES (602, 3, 5, 1, 16, 5);
INSERT INTO "public"."tb_component_disease_rel"("id", "component_id", "bridge_type_id", "part_type", "disease_id", "groups") VALUES (603, 3, 5, 1, 17, 5);
INSERT INTO "public"."tb_component_disease_rel"("id", "component_id", "bridge_type_id", "part_type", "disease_id", "groups") VALUES (604, 3, 5, 1, 18, 6);
INSERT INTO "public"."tb_component_disease_rel"("id", "component_id", "bridge_type_id", "part_type", "disease_id", "groups") VALUES (605, 3, 5, 1, 19, 5);
INSERT INTO "public"."tb_component_disease_rel"("id", "component_id", "bridge_type_id", "part_type", "disease_id", "groups") VALUES (606, 3, 5, 1, 20, 8);
INSERT INTO "public"."tb_component_disease_rel"("id", "component_id", "bridge_type_id", "part_type", "disease_id", "groups") VALUES (607, 3, 5, 1, 21, 5);
INSERT INTO "public"."tb_component_disease_rel"("id", "component_id", "bridge_type_id", "part_type", "disease_id", "groups") VALUES (608, 3, 5, 1, 97, 16);
INSERT INTO "public"."tb_component_disease_rel"("id", "component_id", "bridge_type_id", "part_type", "disease_id", "groups") VALUES (609, 4, 5, 1, 22, 9);
INSERT INTO "public"."tb_component_disease_rel"("id", "component_id", "bridge_type_id", "part_type", "disease_id", "groups") VALUES (610, 4, 5, 1, 23, 9);
INSERT INTO "public"."tb_component_disease_rel"("id", "component_id", "bridge_type_id", "part_type", "disease_id", "groups") VALUES (611, 4, 5, 1, 24, 5);
INSERT INTO "public"."tb_component_disease_rel"("id", "component_id", "bridge_type_id", "part_type", "disease_id", "groups") VALUES (612, 4, 5, 1, 25, 5);
INSERT INTO "public"."tb_component_disease_rel"("id", "component_id", "bridge_type_id", "part_type", "disease_id", "groups") VALUES (613, 4, 5, 1, 97, 16);
INSERT INTO "public"."tb_component_disease_rel"("id", "component_id", "bridge_type_id", "part_type", "disease_id", "groups") VALUES (614, 5, 5, 1, 26, 10);
INSERT INTO "public"."tb_component_disease_rel"("id", "component_id", "bridge_type_id", "part_type", "disease_id", "groups") VALUES (615, 5, 5, 1, 27, 10);
INSERT INTO "public"."tb_component_disease_rel"("id", "component_id", "bridge_type_id", "part_type", "disease_id", "groups") VALUES (616, 5, 5, 1, 28, 10);
INSERT INTO "public"."tb_component_disease_rel"("id", "component_id", "bridge_type_id", "part_type", "disease_id", "groups") VALUES (617, 5, 5, 1, 97, 16);
INSERT INTO "public"."tb_component_disease_rel"("id", "component_id", "bridge_type_id", "part_type", "disease_id", "groups") VALUES (618, 6, 5, 1, 29, 5);
INSERT INTO "public"."tb_component_disease_rel"("id", "component_id", "bridge_type_id", "part_type", "disease_id", "groups") VALUES (619, 6, 5, 1, 30, 9);
INSERT INTO "public"."tb_component_disease_rel"("id", "component_id", "bridge_type_id", "part_type", "disease_id", "groups") VALUES (620, 6, 5, 1, 31, 9);
INSERT INTO "public"."tb_component_disease_rel"("id", "component_id", "bridge_type_id", "part_type", "disease_id", "groups") VALUES (621, 6, 5, 1, 97, 16);
INSERT INTO "public"."tb_component_disease_rel"("id", "component_id", "bridge_type_id", "part_type", "disease_id", "groups") VALUES (622, 18, 5, 2, 32, 5);
INSERT INTO "public"."tb_component_disease_rel"("id", "component_id", "bridge_type_id", "part_type", "disease_id", "groups") VALUES (623, 18, 5, 2, 33, 5);
INSERT INTO "public"."tb_component_disease_rel"("id", "component_id", "bridge_type_id", "part_type", "disease_id", "groups") VALUES (624, 18, 5, 2, 34, 5);
INSERT INTO "public"."tb_component_disease_rel"("id", "component_id", "bridge_type_id", "part_type", "disease_id", "groups") VALUES (625, 18, 5, 2, 35, 10);
INSERT INTO "public"."tb_component_disease_rel"("id", "component_id", "bridge_type_id", "part_type", "disease_id", "groups") VALUES (626, 18, 5, 2, 36, 5);
INSERT INTO "public"."tb_component_disease_rel"("id", "component_id", "bridge_type_id", "part_type", "disease_id", "groups") VALUES (627, 18, 5, 2, 37, 5);
INSERT INTO "public"."tb_component_disease_rel"("id", "component_id", "bridge_type_id", "part_type", "disease_id", "groups") VALUES (628, 18, 5, 2, 38, 5);
INSERT INTO "public"."tb_component_disease_rel"("id", "component_id", "bridge_type_id", "part_type", "disease_id", "groups") VALUES (629, 18, 5, 2, 39, 9);
INSERT INTO "public"."tb_component_disease_rel"("id", "component_id", "bridge_type_id", "part_type", "disease_id", "groups") VALUES (630, 18, 5, 2, 40, 9);
INSERT INTO "public"."tb_component_disease_rel"("id", "component_id", "bridge_type_id", "part_type", "disease_id", "groups") VALUES (631, 18, 5, 2, 41, 5);
INSERT INTO "public"."tb_component_disease_rel"("id", "component_id", "bridge_type_id", "part_type", "disease_id", "groups") VALUES (632, 18, 5, 2, 6, 13);
INSERT INTO "public"."tb_component_disease_rel"("id", "component_id", "bridge_type_id", "part_type", "disease_id", "groups") VALUES (633, 18, 5, 2, 80, 5);
INSERT INTO "public"."tb_component_disease_rel"("id", "component_id", "bridge_type_id", "part_type", "disease_id", "groups") VALUES (634, 18, 5, 2, 81, 10);
INSERT INTO "public"."tb_component_disease_rel"("id", "component_id", "bridge_type_id", "part_type", "disease_id", "groups") VALUES (635, 18, 5, 2, 82, 10);
INSERT INTO "public"."tb_component_disease_rel"("id", "component_id", "bridge_type_id", "part_type", "disease_id", "groups") VALUES (636, 18, 5, 2, 83, 5);
INSERT INTO "public"."tb_component_disease_rel"("id", "component_id", "bridge_type_id", "part_type", "disease_id", "groups") VALUES (637, 18, 5, 2, 84, 5);
INSERT INTO "public"."tb_component_disease_rel"("id", "component_id", "bridge_type_id", "part_type", "disease_id", "groups") VALUES (638, 18, 5, 2, 85, 10);
INSERT INTO "public"."tb_component_disease_rel"("id", "component_id", "bridge_type_id", "part_type", "disease_id", "groups") VALUES (639, 18, 5, 2, 86, 5);
INSERT INTO "public"."tb_component_disease_rel"("id", "component_id", "bridge_type_id", "part_type", "disease_id", "groups") VALUES (640, 18, 5, 2, 45, 15);
INSERT INTO "public"."tb_component_disease_rel"("id", "component_id", "bridge_type_id", "part_type", "disease_id", "groups") VALUES (641, 18, 5, 2, 43, 10);
INSERT INTO "public"."tb_component_disease_rel"("id", "component_id", "bridge_type_id", "part_type", "disease_id", "groups") VALUES (642, 18, 5, 2, 29, 10);
INSERT INTO "public"."tb_component_disease_rel"("id", "component_id", "bridge_type_id", "part_type", "disease_id", "groups") VALUES (643, 18, 5, 2, 87, 5);
INSERT INTO "public"."tb_component_disease_rel"("id", "component_id", "bridge_type_id", "part_type", "disease_id", "groups") VALUES (644, 18, 5, 2, 46, 5);
INSERT INTO "public"."tb_component_disease_rel"("id", "component_id", "bridge_type_id", "part_type", "disease_id", "groups") VALUES (645, 18, 5, 2, 97, 16);
INSERT INTO "public"."tb_component_disease_rel"("id", "component_id", "bridge_type_id", "part_type", "disease_id", "groups") VALUES (646, 8, 5, 2, 32, 5);
INSERT INTO "public"."tb_component_disease_rel"("id", "component_id", "bridge_type_id", "part_type", "disease_id", "groups") VALUES (647, 8, 5, 2, 33, 5);
INSERT INTO "public"."tb_component_disease_rel"("id", "component_id", "bridge_type_id", "part_type", "disease_id", "groups") VALUES (648, 8, 5, 2, 34, 5);
INSERT INTO "public"."tb_component_disease_rel"("id", "component_id", "bridge_type_id", "part_type", "disease_id", "groups") VALUES (649, 8, 5, 2, 35, 10);
INSERT INTO "public"."tb_component_disease_rel"("id", "component_id", "bridge_type_id", "part_type", "disease_id", "groups") VALUES (650, 8, 5, 2, 36, 5);
INSERT INTO "public"."tb_component_disease_rel"("id", "component_id", "bridge_type_id", "part_type", "disease_id", "groups") VALUES (651, 8, 5, 2, 37, 5);
INSERT INTO "public"."tb_component_disease_rel"("id", "component_id", "bridge_type_id", "part_type", "disease_id", "groups") VALUES (652, 8, 5, 2, 38, 5);
INSERT INTO "public"."tb_component_disease_rel"("id", "component_id", "bridge_type_id", "part_type", "disease_id", "groups") VALUES (653, 8, 5, 2, 39, 9);
INSERT INTO "public"."tb_component_disease_rel"("id", "component_id", "bridge_type_id", "part_type", "disease_id", "groups") VALUES (654, 8, 5, 2, 40, 9);
INSERT INTO "public"."tb_component_disease_rel"("id", "component_id", "bridge_type_id", "part_type", "disease_id", "groups") VALUES (655, 8, 5, 2, 41, 5);
INSERT INTO "public"."tb_component_disease_rel"("id", "component_id", "bridge_type_id", "part_type", "disease_id", "groups") VALUES (656, 8, 5, 2, 76, 10);
INSERT INTO "public"."tb_component_disease_rel"("id", "component_id", "bridge_type_id", "part_type", "disease_id", "groups") VALUES (657, 8, 5, 2, 77, 10);
INSERT INTO "public"."tb_component_disease_rel"("id", "component_id", "bridge_type_id", "part_type", "disease_id", "groups") VALUES (658, 8, 5, 2, 78, 5);
INSERT INTO "public"."tb_component_disease_rel"("id", "component_id", "bridge_type_id", "part_type", "disease_id", "groups") VALUES (659, 8, 5, 2, 79, 5);
INSERT INTO "public"."tb_component_disease_rel"("id", "component_id", "bridge_type_id", "part_type", "disease_id", "groups") VALUES (660, 8, 5, 2, 7, 13);
INSERT INTO "public"."tb_component_disease_rel"("id", "component_id", "bridge_type_id", "part_type", "disease_id", "groups") VALUES (661, 8, 5, 2, 99, 10);
INSERT INTO "public"."tb_component_disease_rel"("id", "component_id", "bridge_type_id", "part_type", "disease_id", "groups") VALUES (662, 8, 5, 2, 97, 16);
INSERT INTO "public"."tb_component_disease_rel"("id", "component_id", "bridge_type_id", "part_type", "disease_id", "groups") VALUES (663, 27, 5, 3, 53, 15);
INSERT INTO "public"."tb_component_disease_rel"("id", "component_id", "bridge_type_id", "part_type", "disease_id", "groups") VALUES (664, 27, 5, 3, 54, 15);
INSERT INTO "public"."tb_component_disease_rel"("id", "component_id", "bridge_type_id", "part_type", "disease_id", "groups") VALUES (665, 27, 5, 3, 55, 5);
INSERT INTO "public"."tb_component_disease_rel"("id", "component_id", "bridge_type_id", "part_type", "disease_id", "groups") VALUES (666, 27, 5, 3, 29, 10);
INSERT INTO "public"."tb_component_disease_rel"("id", "component_id", "bridge_type_id", "part_type", "disease_id", "groups") VALUES (667, 27, 5, 3, 43, 10);
INSERT INTO "public"."tb_component_disease_rel"("id", "component_id", "bridge_type_id", "part_type", "disease_id", "groups") VALUES (668, 27, 5, 3, 56, 5);
INSERT INTO "public"."tb_component_disease_rel"("id", "component_id", "bridge_type_id", "part_type", "disease_id", "groups") VALUES (669, 27, 5, 3, 6, 13);
INSERT INTO "public"."tb_component_disease_rel"("id", "component_id", "bridge_type_id", "part_type", "disease_id", "groups") VALUES (670, 27, 5, 3, 98, 10);
INSERT INTO "public"."tb_component_disease_rel"("id", "component_id", "bridge_type_id", "part_type", "disease_id", "groups") VALUES (671, 27, 5, 3, 99, 10);
INSERT INTO "public"."tb_component_disease_rel"("id", "component_id", "bridge_type_id", "part_type", "disease_id", "groups") VALUES (672, 27, 5, 3, 97, 16);
INSERT INTO "public"."tb_component_disease_rel"("id", "component_id", "bridge_type_id", "part_type", "disease_id", "groups") VALUES (673, 26, 5, 3, 42, 15);
INSERT INTO "public"."tb_component_disease_rel"("id", "component_id", "bridge_type_id", "part_type", "disease_id", "groups") VALUES (674, 26, 5, 3, 43, 10);
INSERT INTO "public"."tb_component_disease_rel"("id", "component_id", "bridge_type_id", "part_type", "disease_id", "groups") VALUES (675, 26, 5, 3, 29, 10);
INSERT INTO "public"."tb_component_disease_rel"("id", "component_id", "bridge_type_id", "part_type", "disease_id", "groups") VALUES (676, 26, 5, 3, 45, 14);
INSERT INTO "public"."tb_component_disease_rel"("id", "component_id", "bridge_type_id", "part_type", "disease_id", "groups") VALUES (677, 26, 5, 3, 46, 5);
INSERT INTO "public"."tb_component_disease_rel"("id", "component_id", "bridge_type_id", "part_type", "disease_id", "groups") VALUES (678, 26, 5, 3, 57, 10);
INSERT INTO "public"."tb_component_disease_rel"("id", "component_id", "bridge_type_id", "part_type", "disease_id", "groups") VALUES (679, 26, 5, 3, 99, 10);
INSERT INTO "public"."tb_component_disease_rel"("id", "component_id", "bridge_type_id", "part_type", "disease_id", "groups") VALUES (680, 26, 5, 3, 98, 10);
INSERT INTO "public"."tb_component_disease_rel"("id", "component_id", "bridge_type_id", "part_type", "disease_id", "groups") VALUES (681, 26, 5, 3, 97, 16);
INSERT INTO "public"."tb_component_disease_rel"("id", "component_id", "bridge_type_id", "part_type", "disease_id", "groups") VALUES (682, 21, 5, 3, 42, 15);
INSERT INTO "public"."tb_component_disease_rel"("id", "component_id", "bridge_type_id", "part_type", "disease_id", "groups") VALUES (683, 21, 5, 3, 43, 10);
INSERT INTO "public"."tb_component_disease_rel"("id", "component_id", "bridge_type_id", "part_type", "disease_id", "groups") VALUES (684, 21, 5, 3, 29, 10);
INSERT INTO "public"."tb_component_disease_rel"("id", "component_id", "bridge_type_id", "part_type", "disease_id", "groups") VALUES (685, 21, 5, 3, 45, 14);
INSERT INTO "public"."tb_component_disease_rel"("id", "component_id", "bridge_type_id", "part_type", "disease_id", "groups") VALUES (686, 21, 5, 3, 46, 5);
INSERT INTO "public"."tb_component_disease_rel"("id", "component_id", "bridge_type_id", "part_type", "disease_id", "groups") VALUES (687, 21, 5, 3, 57, 10);
INSERT INTO "public"."tb_component_disease_rel"("id", "component_id", "bridge_type_id", "part_type", "disease_id", "groups") VALUES (688, 21, 5, 3, 99, 10);
INSERT INTO "public"."tb_component_disease_rel"("id", "component_id", "bridge_type_id", "part_type", "disease_id", "groups") VALUES (689, 21, 5, 3, 98, 10);
INSERT INTO "public"."tb_component_disease_rel"("id", "component_id", "bridge_type_id", "part_type", "disease_id", "groups") VALUES (690, 21, 5, 3, 97, 16);
INSERT INTO "public"."tb_component_disease_rel"("id", "component_id", "bridge_type_id", "part_type", "disease_id", "groups") VALUES (691, 28, 5, 3, 64, 5);
INSERT INTO "public"."tb_component_disease_rel"("id", "component_id", "bridge_type_id", "part_type", "disease_id", "groups") VALUES (692, 28, 5, 3, 65, 5);
INSERT INTO "public"."tb_component_disease_rel"("id", "component_id", "bridge_type_id", "part_type", "disease_id", "groups") VALUES (693, 28, 5, 3, 66, 5);
INSERT INTO "public"."tb_component_disease_rel"("id", "component_id", "bridge_type_id", "part_type", "disease_id", "groups") VALUES (694, 28, 5, 3, 67, 5);
INSERT INTO "public"."tb_component_disease_rel"("id", "component_id", "bridge_type_id", "part_type", "disease_id", "groups") VALUES (695, 28, 5, 3, 97, 16);
INSERT INTO "public"."tb_component_disease_rel"("id", "component_id", "bridge_type_id", "part_type", "disease_id", "groups") VALUES (696, 23, 5, 3, 68, 5);
INSERT INTO "public"."tb_component_disease_rel"("id", "component_id", "bridge_type_id", "part_type", "disease_id", "groups") VALUES (697, 23, 5, 3, 69, 5);
INSERT INTO "public"."tb_component_disease_rel"("id", "component_id", "bridge_type_id", "part_type", "disease_id", "groups") VALUES (698, 23, 5, 3, 70, 5);
INSERT INTO "public"."tb_component_disease_rel"("id", "component_id", "bridge_type_id", "part_type", "disease_id", "groups") VALUES (699, 23, 5, 3, 71, 5);
INSERT INTO "public"."tb_component_disease_rel"("id", "component_id", "bridge_type_id", "part_type", "disease_id", "groups") VALUES (700, 23, 5, 3, 97, 16);
INSERT INTO "public"."tb_component_disease_rel"("id", "component_id", "bridge_type_id", "part_type", "disease_id", "groups") VALUES (701, 22, 5, 3, 53, 15);
INSERT INTO "public"."tb_component_disease_rel"("id", "component_id", "bridge_type_id", "part_type", "disease_id", "groups") VALUES (702, 22, 5, 3, 54, 15);
INSERT INTO "public"."tb_component_disease_rel"("id", "component_id", "bridge_type_id", "part_type", "disease_id", "groups") VALUES (703, 22, 5, 3, 55, 5);
INSERT INTO "public"."tb_component_disease_rel"("id", "component_id", "bridge_type_id", "part_type", "disease_id", "groups") VALUES (704, 22, 5, 3, 29, 10);
INSERT INTO "public"."tb_component_disease_rel"("id", "component_id", "bridge_type_id", "part_type", "disease_id", "groups") VALUES (705, 22, 5, 3, 43, 10);
INSERT INTO "public"."tb_component_disease_rel"("id", "component_id", "bridge_type_id", "part_type", "disease_id", "groups") VALUES (706, 22, 5, 3, 56, 5);
INSERT INTO "public"."tb_component_disease_rel"("id", "component_id", "bridge_type_id", "part_type", "disease_id", "groups") VALUES (707, 22, 5, 3, 6, 13);
INSERT INTO "public"."tb_component_disease_rel"("id", "component_id", "bridge_type_id", "part_type", "disease_id", "groups") VALUES (708, 22, 5, 3, 98, 10);
INSERT INTO "public"."tb_component_disease_rel"("id", "component_id", "bridge_type_id", "part_type", "disease_id", "groups") VALUES (709, 22, 5, 3, 99, 10);
INSERT INTO "public"."tb_component_disease_rel"("id", "component_id", "bridge_type_id", "part_type", "disease_id", "groups") VALUES (710, 22, 5, 3, 97, 16);
INSERT INTO "public"."tb_component_disease_rel"("id", "component_id", "bridge_type_id", "part_type", "disease_id", "groups") VALUES (711, 25, 5, 3, 88, 5);
INSERT INTO "public"."tb_component_disease_rel"("id", "component_id", "bridge_type_id", "part_type", "disease_id", "groups") VALUES (712, 25, 5, 3, 89, 13);
INSERT INTO "public"."tb_component_disease_rel"("id", "component_id", "bridge_type_id", "part_type", "disease_id", "groups") VALUES (713, 25, 5, 3, 90, 5);
INSERT INTO "public"."tb_component_disease_rel"("id", "component_id", "bridge_type_id", "part_type", "disease_id", "groups") VALUES (714, 25, 5, 3, 97, 16);
INSERT INTO "public"."tb_component_disease_rel"("id", "component_id", "bridge_type_id", "part_type", "disease_id", "groups") VALUES (715, 1, 6, 1, 1, 10);
INSERT INTO "public"."tb_component_disease_rel"("id", "component_id", "bridge_type_id", "part_type", "disease_id", "groups") VALUES (716, 1, 6, 1, 2, 10);
INSERT INTO "public"."tb_component_disease_rel"("id", "component_id", "bridge_type_id", "part_type", "disease_id", "groups") VALUES (717, 1, 6, 1, 3, 2);
INSERT INTO "public"."tb_component_disease_rel"("id", "component_id", "bridge_type_id", "part_type", "disease_id", "groups") VALUES (718, 1, 6, 1, 4, 10);
INSERT INTO "public"."tb_component_disease_rel"("id", "component_id", "bridge_type_id", "part_type", "disease_id", "groups") VALUES (719, 1, 6, 1, 5, 3);
INSERT INTO "public"."tb_component_disease_rel"("id", "component_id", "bridge_type_id", "part_type", "disease_id", "groups") VALUES (720, 1, 6, 1, 6, 15);
INSERT INTO "public"."tb_component_disease_rel"("id", "component_id", "bridge_type_id", "part_type", "disease_id", "groups") VALUES (721, 1, 6, 1, 7, 15);
INSERT INTO "public"."tb_component_disease_rel"("id", "component_id", "bridge_type_id", "part_type", "disease_id", "groups") VALUES (722, 1, 6, 1, 8, 10);
INSERT INTO "public"."tb_component_disease_rel"("id", "component_id", "bridge_type_id", "part_type", "disease_id", "groups") VALUES (723, 1, 6, 1, 9, 10);
INSERT INTO "public"."tb_component_disease_rel"("id", "component_id", "bridge_type_id", "part_type", "disease_id", "groups") VALUES (724, 1, 6, 1, 10, 5);
INSERT INTO "public"."tb_component_disease_rel"("id", "component_id", "bridge_type_id", "part_type", "disease_id", "groups") VALUES (725, 1, 6, 1, 97, 16);
INSERT INTO "public"."tb_component_disease_rel"("id", "component_id", "bridge_type_id", "part_type", "disease_id", "groups") VALUES (726, 2, 6, 1, 11, 6);
INSERT INTO "public"."tb_component_disease_rel"("id", "component_id", "bridge_type_id", "part_type", "disease_id", "groups") VALUES (727, 2, 6, 1, 12, 7);
INSERT INTO "public"."tb_component_disease_rel"("id", "component_id", "bridge_type_id", "part_type", "disease_id", "groups") VALUES (728, 2, 6, 1, 97, 16);
INSERT INTO "public"."tb_component_disease_rel"("id", "component_id", "bridge_type_id", "part_type", "disease_id", "groups") VALUES (729, 3, 6, 1, 13, 3);
INSERT INTO "public"."tb_component_disease_rel"("id", "component_id", "bridge_type_id", "part_type", "disease_id", "groups") VALUES (730, 3, 6, 1, 14, 5);
INSERT INTO "public"."tb_component_disease_rel"("id", "component_id", "bridge_type_id", "part_type", "disease_id", "groups") VALUES (731, 3, 6, 1, 15, 5);
INSERT INTO "public"."tb_component_disease_rel"("id", "component_id", "bridge_type_id", "part_type", "disease_id", "groups") VALUES (732, 3, 6, 1, 16, 5);
INSERT INTO "public"."tb_component_disease_rel"("id", "component_id", "bridge_type_id", "part_type", "disease_id", "groups") VALUES (733, 3, 6, 1, 17, 5);
INSERT INTO "public"."tb_component_disease_rel"("id", "component_id", "bridge_type_id", "part_type", "disease_id", "groups") VALUES (734, 3, 6, 1, 18, 6);
INSERT INTO "public"."tb_component_disease_rel"("id", "component_id", "bridge_type_id", "part_type", "disease_id", "groups") VALUES (735, 3, 6, 1, 19, 5);
INSERT INTO "public"."tb_component_disease_rel"("id", "component_id", "bridge_type_id", "part_type", "disease_id", "groups") VALUES (736, 3, 6, 1, 20, 8);
INSERT INTO "public"."tb_component_disease_rel"("id", "component_id", "bridge_type_id", "part_type", "disease_id", "groups") VALUES (737, 3, 6, 1, 21, 5);
INSERT INTO "public"."tb_component_disease_rel"("id", "component_id", "bridge_type_id", "part_type", "disease_id", "groups") VALUES (738, 3, 6, 1, 97, 16);
INSERT INTO "public"."tb_component_disease_rel"("id", "component_id", "bridge_type_id", "part_type", "disease_id", "groups") VALUES (739, 4, 6, 1, 22, 9);
INSERT INTO "public"."tb_component_disease_rel"("id", "component_id", "bridge_type_id", "part_type", "disease_id", "groups") VALUES (740, 4, 6, 1, 23, 9);
INSERT INTO "public"."tb_component_disease_rel"("id", "component_id", "bridge_type_id", "part_type", "disease_id", "groups") VALUES (741, 4, 6, 1, 24, 5);
INSERT INTO "public"."tb_component_disease_rel"("id", "component_id", "bridge_type_id", "part_type", "disease_id", "groups") VALUES (742, 4, 6, 1, 25, 5);
INSERT INTO "public"."tb_component_disease_rel"("id", "component_id", "bridge_type_id", "part_type", "disease_id", "groups") VALUES (743, 4, 6, 1, 97, 16);
INSERT INTO "public"."tb_component_disease_rel"("id", "component_id", "bridge_type_id", "part_type", "disease_id", "groups") VALUES (744, 5, 6, 1, 26, 10);
INSERT INTO "public"."tb_component_disease_rel"("id", "component_id", "bridge_type_id", "part_type", "disease_id", "groups") VALUES (745, 5, 6, 1, 27, 10);
INSERT INTO "public"."tb_component_disease_rel"("id", "component_id", "bridge_type_id", "part_type", "disease_id", "groups") VALUES (746, 5, 6, 1, 28, 10);
INSERT INTO "public"."tb_component_disease_rel"("id", "component_id", "bridge_type_id", "part_type", "disease_id", "groups") VALUES (747, 5, 6, 1, 97, 16);
INSERT INTO "public"."tb_component_disease_rel"("id", "component_id", "bridge_type_id", "part_type", "disease_id", "groups") VALUES (748, 6, 6, 1, 29, 5);
INSERT INTO "public"."tb_component_disease_rel"("id", "component_id", "bridge_type_id", "part_type", "disease_id", "groups") VALUES (749, 6, 6, 1, 30, 9);
INSERT INTO "public"."tb_component_disease_rel"("id", "component_id", "bridge_type_id", "part_type", "disease_id", "groups") VALUES (750, 6, 6, 1, 31, 9);
INSERT INTO "public"."tb_component_disease_rel"("id", "component_id", "bridge_type_id", "part_type", "disease_id", "groups") VALUES (751, 6, 6, 1, 97, 16);
INSERT INTO "public"."tb_component_disease_rel"("id", "component_id", "bridge_type_id", "part_type", "disease_id", "groups") VALUES (752, 18, 6, 2, 6, 13);
INSERT INTO "public"."tb_component_disease_rel"("id", "component_id", "bridge_type_id", "part_type", "disease_id", "groups") VALUES (753, 18, 6, 2, 80, 5);
INSERT INTO "public"."tb_component_disease_rel"("id", "component_id", "bridge_type_id", "part_type", "disease_id", "groups") VALUES (754, 18, 6, 2, 81, 10);
INSERT INTO "public"."tb_component_disease_rel"("id", "component_id", "bridge_type_id", "part_type", "disease_id", "groups") VALUES (755, 18, 6, 2, 82, 10);
INSERT INTO "public"."tb_component_disease_rel"("id", "component_id", "bridge_type_id", "part_type", "disease_id", "groups") VALUES (756, 18, 6, 2, 83, 5);
INSERT INTO "public"."tb_component_disease_rel"("id", "component_id", "bridge_type_id", "part_type", "disease_id", "groups") VALUES (757, 18, 6, 2, 84, 5);
INSERT INTO "public"."tb_component_disease_rel"("id", "component_id", "bridge_type_id", "part_type", "disease_id", "groups") VALUES (758, 18, 6, 2, 85, 10);
INSERT INTO "public"."tb_component_disease_rel"("id", "component_id", "bridge_type_id", "part_type", "disease_id", "groups") VALUES (759, 18, 6, 2, 86, 5);
INSERT INTO "public"."tb_component_disease_rel"("id", "component_id", "bridge_type_id", "part_type", "disease_id", "groups") VALUES (760, 18, 6, 2, 45, 15);
INSERT INTO "public"."tb_component_disease_rel"("id", "component_id", "bridge_type_id", "part_type", "disease_id", "groups") VALUES (761, 18, 6, 2, 43, 10);
INSERT INTO "public"."tb_component_disease_rel"("id", "component_id", "bridge_type_id", "part_type", "disease_id", "groups") VALUES (762, 18, 6, 2, 29, 10);
INSERT INTO "public"."tb_component_disease_rel"("id", "component_id", "bridge_type_id", "part_type", "disease_id", "groups") VALUES (763, 18, 6, 2, 87, 5);
INSERT INTO "public"."tb_component_disease_rel"("id", "component_id", "bridge_type_id", "part_type", "disease_id", "groups") VALUES (764, 18, 6, 2, 46, 5);
INSERT INTO "public"."tb_component_disease_rel"("id", "component_id", "bridge_type_id", "part_type", "disease_id", "groups") VALUES (765, 18, 6, 2, 97, 16);
INSERT INTO "public"."tb_component_disease_rel"("id", "component_id", "bridge_type_id", "part_type", "disease_id", "groups") VALUES (766, 19, 6, 2, 91, 5);
INSERT INTO "public"."tb_component_disease_rel"("id", "component_id", "bridge_type_id", "part_type", "disease_id", "groups") VALUES (767, 19, 6, 2, 92, 5);
INSERT INTO "public"."tb_component_disease_rel"("id", "component_id", "bridge_type_id", "part_type", "disease_id", "groups") VALUES (768, 19, 6, 2, 93, 5);
INSERT INTO "public"."tb_component_disease_rel"("id", "component_id", "bridge_type_id", "part_type", "disease_id", "groups") VALUES (769, 19, 6, 2, 82, 10);
INSERT INTO "public"."tb_component_disease_rel"("id", "component_id", "bridge_type_id", "part_type", "disease_id", "groups") VALUES (770, 19, 6, 2, 83, 5);
INSERT INTO "public"."tb_component_disease_rel"("id", "component_id", "bridge_type_id", "part_type", "disease_id", "groups") VALUES (771, 19, 6, 2, 94, 5);
INSERT INTO "public"."tb_component_disease_rel"("id", "component_id", "bridge_type_id", "part_type", "disease_id", "groups") VALUES (772, 19, 6, 2, 95, 13);
INSERT INTO "public"."tb_component_disease_rel"("id", "component_id", "bridge_type_id", "part_type", "disease_id", "groups") VALUES (773, 19, 6, 2, 44, 5);
INSERT INTO "public"."tb_component_disease_rel"("id", "component_id", "bridge_type_id", "part_type", "disease_id", "groups") VALUES (774, 19, 6, 2, 29, 5);
INSERT INTO "public"."tb_component_disease_rel"("id", "component_id", "bridge_type_id", "part_type", "disease_id", "groups") VALUES (775, 19, 6, 2, 45, 15);
INSERT INTO "public"."tb_component_disease_rel"("id", "component_id", "bridge_type_id", "part_type", "disease_id", "groups") VALUES (776, 19, 6, 2, 46, 5);
INSERT INTO "public"."tb_component_disease_rel"("id", "component_id", "bridge_type_id", "part_type", "disease_id", "groups") VALUES (777, 19, 6, 2, 97, 16);
INSERT INTO "public"."tb_component_disease_rel"("id", "component_id", "bridge_type_id", "part_type", "disease_id", "groups") VALUES (778, 8, 6, 2, 32, 5);
INSERT INTO "public"."tb_component_disease_rel"("id", "component_id", "bridge_type_id", "part_type", "disease_id", "groups") VALUES (779, 8, 6, 2, 33, 5);
INSERT INTO "public"."tb_component_disease_rel"("id", "component_id", "bridge_type_id", "part_type", "disease_id", "groups") VALUES (780, 8, 6, 2, 34, 5);
INSERT INTO "public"."tb_component_disease_rel"("id", "component_id", "bridge_type_id", "part_type", "disease_id", "groups") VALUES (781, 8, 6, 2, 35, 10);
INSERT INTO "public"."tb_component_disease_rel"("id", "component_id", "bridge_type_id", "part_type", "disease_id", "groups") VALUES (782, 8, 6, 2, 36, 5);
INSERT INTO "public"."tb_component_disease_rel"("id", "component_id", "bridge_type_id", "part_type", "disease_id", "groups") VALUES (783, 8, 6, 2, 37, 5);
INSERT INTO "public"."tb_component_disease_rel"("id", "component_id", "bridge_type_id", "part_type", "disease_id", "groups") VALUES (784, 8, 6, 2, 38, 5);
INSERT INTO "public"."tb_component_disease_rel"("id", "component_id", "bridge_type_id", "part_type", "disease_id", "groups") VALUES (785, 8, 6, 2, 39, 9);
INSERT INTO "public"."tb_component_disease_rel"("id", "component_id", "bridge_type_id", "part_type", "disease_id", "groups") VALUES (786, 8, 6, 2, 40, 9);
INSERT INTO "public"."tb_component_disease_rel"("id", "component_id", "bridge_type_id", "part_type", "disease_id", "groups") VALUES (787, 8, 6, 2, 41, 5);
INSERT INTO "public"."tb_component_disease_rel"("id", "component_id", "bridge_type_id", "part_type", "disease_id", "groups") VALUES (788, 8, 6, 2, 76, 10);
INSERT INTO "public"."tb_component_disease_rel"("id", "component_id", "bridge_type_id", "part_type", "disease_id", "groups") VALUES (789, 8, 6, 2, 77, 10);
INSERT INTO "public"."tb_component_disease_rel"("id", "component_id", "bridge_type_id", "part_type", "disease_id", "groups") VALUES (790, 8, 6, 2, 78, 5);
INSERT INTO "public"."tb_component_disease_rel"("id", "component_id", "bridge_type_id", "part_type", "disease_id", "groups") VALUES (791, 8, 6, 2, 79, 5);
INSERT INTO "public"."tb_component_disease_rel"("id", "component_id", "bridge_type_id", "part_type", "disease_id", "groups") VALUES (792, 8, 6, 2, 7, 13);
INSERT INTO "public"."tb_component_disease_rel"("id", "component_id", "bridge_type_id", "part_type", "disease_id", "groups") VALUES (793, 8, 6, 2, 99, 10);
INSERT INTO "public"."tb_component_disease_rel"("id", "component_id", "bridge_type_id", "part_type", "disease_id", "groups") VALUES (794, 8, 6, 2, 97, 16);
INSERT INTO "public"."tb_component_disease_rel"("id", "component_id", "bridge_type_id", "part_type", "disease_id", "groups") VALUES (795, 27, 6, 3, 53, 15);
INSERT INTO "public"."tb_component_disease_rel"("id", "component_id", "bridge_type_id", "part_type", "disease_id", "groups") VALUES (796, 27, 6, 3, 54, 15);
INSERT INTO "public"."tb_component_disease_rel"("id", "component_id", "bridge_type_id", "part_type", "disease_id", "groups") VALUES (797, 27, 6, 3, 55, 5);
INSERT INTO "public"."tb_component_disease_rel"("id", "component_id", "bridge_type_id", "part_type", "disease_id", "groups") VALUES (798, 27, 6, 3, 29, 10);
INSERT INTO "public"."tb_component_disease_rel"("id", "component_id", "bridge_type_id", "part_type", "disease_id", "groups") VALUES (799, 27, 6, 3, 43, 10);
INSERT INTO "public"."tb_component_disease_rel"("id", "component_id", "bridge_type_id", "part_type", "disease_id", "groups") VALUES (800, 27, 6, 3, 56, 5);
INSERT INTO "public"."tb_component_disease_rel"("id", "component_id", "bridge_type_id", "part_type", "disease_id", "groups") VALUES (801, 27, 6, 3, 6, 13);
INSERT INTO "public"."tb_component_disease_rel"("id", "component_id", "bridge_type_id", "part_type", "disease_id", "groups") VALUES (802, 27, 6, 3, 98, 10);
INSERT INTO "public"."tb_component_disease_rel"("id", "component_id", "bridge_type_id", "part_type", "disease_id", "groups") VALUES (803, 27, 6, 3, 99, 10);
INSERT INTO "public"."tb_component_disease_rel"("id", "component_id", "bridge_type_id", "part_type", "disease_id", "groups") VALUES (804, 27, 6, 3, 97, 16);
INSERT INTO "public"."tb_component_disease_rel"("id", "component_id", "bridge_type_id", "part_type", "disease_id", "groups") VALUES (805, 26, 6, 3, 42, 15);
INSERT INTO "public"."tb_component_disease_rel"("id", "component_id", "bridge_type_id", "part_type", "disease_id", "groups") VALUES (806, 26, 6, 3, 43, 10);
INSERT INTO "public"."tb_component_disease_rel"("id", "component_id", "bridge_type_id", "part_type", "disease_id", "groups") VALUES (807, 26, 6, 3, 29, 10);
INSERT INTO "public"."tb_component_disease_rel"("id", "component_id", "bridge_type_id", "part_type", "disease_id", "groups") VALUES (808, 26, 6, 3, 45, 14);
INSERT INTO "public"."tb_component_disease_rel"("id", "component_id", "bridge_type_id", "part_type", "disease_id", "groups") VALUES (809, 26, 6, 3, 46, 5);
INSERT INTO "public"."tb_component_disease_rel"("id", "component_id", "bridge_type_id", "part_type", "disease_id", "groups") VALUES (810, 26, 6, 3, 57, 10);
INSERT INTO "public"."tb_component_disease_rel"("id", "component_id", "bridge_type_id", "part_type", "disease_id", "groups") VALUES (811, 26, 6, 3, 99, 10);
INSERT INTO "public"."tb_component_disease_rel"("id", "component_id", "bridge_type_id", "part_type", "disease_id", "groups") VALUES (812, 26, 6, 3, 98, 10);
INSERT INTO "public"."tb_component_disease_rel"("id", "component_id", "bridge_type_id", "part_type", "disease_id", "groups") VALUES (813, 26, 6, 3, 97, 16);
INSERT INTO "public"."tb_component_disease_rel"("id", "component_id", "bridge_type_id", "part_type", "disease_id", "groups") VALUES (814, 21, 6, 3, 42, 15);
INSERT INTO "public"."tb_component_disease_rel"("id", "component_id", "bridge_type_id", "part_type", "disease_id", "groups") VALUES (815, 21, 6, 3, 43, 10);
INSERT INTO "public"."tb_component_disease_rel"("id", "component_id", "bridge_type_id", "part_type", "disease_id", "groups") VALUES (816, 21, 6, 3, 29, 10);
INSERT INTO "public"."tb_component_disease_rel"("id", "component_id", "bridge_type_id", "part_type", "disease_id", "groups") VALUES (817, 21, 6, 3, 45, 14);
INSERT INTO "public"."tb_component_disease_rel"("id", "component_id", "bridge_type_id", "part_type", "disease_id", "groups") VALUES (818, 21, 6, 3, 46, 5);
INSERT INTO "public"."tb_component_disease_rel"("id", "component_id", "bridge_type_id", "part_type", "disease_id", "groups") VALUES (819, 21, 6, 3, 57, 10);
INSERT INTO "public"."tb_component_disease_rel"("id", "component_id", "bridge_type_id", "part_type", "disease_id", "groups") VALUES (820, 21, 6, 3, 99, 10);
INSERT INTO "public"."tb_component_disease_rel"("id", "component_id", "bridge_type_id", "part_type", "disease_id", "groups") VALUES (821, 21, 6, 3, 98, 10);
INSERT INTO "public"."tb_component_disease_rel"("id", "component_id", "bridge_type_id", "part_type", "disease_id", "groups") VALUES (822, 21, 6, 3, 97, 16);
INSERT INTO "public"."tb_component_disease_rel"("id", "component_id", "bridge_type_id", "part_type", "disease_id", "groups") VALUES (823, 28, 6, 3, 64, 5);
INSERT INTO "public"."tb_component_disease_rel"("id", "component_id", "bridge_type_id", "part_type", "disease_id", "groups") VALUES (824, 28, 6, 3, 65, 5);
INSERT INTO "public"."tb_component_disease_rel"("id", "component_id", "bridge_type_id", "part_type", "disease_id", "groups") VALUES (825, 28, 6, 3, 66, 5);
INSERT INTO "public"."tb_component_disease_rel"("id", "component_id", "bridge_type_id", "part_type", "disease_id", "groups") VALUES (826, 28, 6, 3, 67, 5);
INSERT INTO "public"."tb_component_disease_rel"("id", "component_id", "bridge_type_id", "part_type", "disease_id", "groups") VALUES (827, 28, 6, 3, 97, 16);
INSERT INTO "public"."tb_component_disease_rel"("id", "component_id", "bridge_type_id", "part_type", "disease_id", "groups") VALUES (828, 23, 6, 3, 68, 5);
INSERT INTO "public"."tb_component_disease_rel"("id", "component_id", "bridge_type_id", "part_type", "disease_id", "groups") VALUES (829, 23, 6, 3, 69, 5);
INSERT INTO "public"."tb_component_disease_rel"("id", "component_id", "bridge_type_id", "part_type", "disease_id", "groups") VALUES (830, 23, 6, 3, 70, 5);
INSERT INTO "public"."tb_component_disease_rel"("id", "component_id", "bridge_type_id", "part_type", "disease_id", "groups") VALUES (831, 23, 6, 3, 71, 5);
INSERT INTO "public"."tb_component_disease_rel"("id", "component_id", "bridge_type_id", "part_type", "disease_id", "groups") VALUES (832, 23, 6, 3, 97, 16);
INSERT INTO "public"."tb_component_disease_rel"("id", "component_id", "bridge_type_id", "part_type", "disease_id", "groups") VALUES (833, 22, 6, 3, 53, 15);
INSERT INTO "public"."tb_component_disease_rel"("id", "component_id", "bridge_type_id", "part_type", "disease_id", "groups") VALUES (834, 22, 6, 3, 54, 15);
INSERT INTO "public"."tb_component_disease_rel"("id", "component_id", "bridge_type_id", "part_type", "disease_id", "groups") VALUES (835, 22, 6, 3, 55, 5);
INSERT INTO "public"."tb_component_disease_rel"("id", "component_id", "bridge_type_id", "part_type", "disease_id", "groups") VALUES (836, 22, 6, 3, 29, 10);
INSERT INTO "public"."tb_component_disease_rel"("id", "component_id", "bridge_type_id", "part_type", "disease_id", "groups") VALUES (837, 22, 6, 3, 43, 10);
INSERT INTO "public"."tb_component_disease_rel"("id", "component_id", "bridge_type_id", "part_type", "disease_id", "groups") VALUES (838, 22, 6, 3, 56, 5);
INSERT INTO "public"."tb_component_disease_rel"("id", "component_id", "bridge_type_id", "part_type", "disease_id", "groups") VALUES (839, 22, 6, 3, 6, 13);
INSERT INTO "public"."tb_component_disease_rel"("id", "component_id", "bridge_type_id", "part_type", "disease_id", "groups") VALUES (840, 22, 6, 3, 98, 10);
INSERT INTO "public"."tb_component_disease_rel"("id", "component_id", "bridge_type_id", "part_type", "disease_id", "groups") VALUES (841, 22, 6, 3, 99, 10);
INSERT INTO "public"."tb_component_disease_rel"("id", "component_id", "bridge_type_id", "part_type", "disease_id", "groups") VALUES (842, 22, 6, 3, 97, 16);
INSERT INTO "public"."tb_component_disease_rel"("id", "component_id", "bridge_type_id", "part_type", "disease_id", "groups") VALUES (843, 25, 6, 3, 88, 5);
INSERT INTO "public"."tb_component_disease_rel"("id", "component_id", "bridge_type_id", "part_type", "disease_id", "groups") VALUES (844, 25, 6, 3, 89, 13);
INSERT INTO "public"."tb_component_disease_rel"("id", "component_id", "bridge_type_id", "part_type", "disease_id", "groups") VALUES (845, 25, 6, 3, 90, 5);
INSERT INTO "public"."tb_component_disease_rel"("id", "component_id", "bridge_type_id", "part_type", "disease_id", "groups") VALUES (846, 25, 6, 3, 97, 16);
INSERT INTO "public"."tb_component_disease_rel"("id", "component_id", "bridge_type_id", "part_type", "disease_id", "groups") VALUES (847, 1, 7, 1, 1, 10);
INSERT INTO "public"."tb_component_disease_rel"("id", "component_id", "bridge_type_id", "part_type", "disease_id", "groups") VALUES (848, 1, 7, 1, 2, 10);
INSERT INTO "public"."tb_component_disease_rel"("id", "component_id", "bridge_type_id", "part_type", "disease_id", "groups") VALUES (849, 1, 7, 1, 3, 2);
INSERT INTO "public"."tb_component_disease_rel"("id", "component_id", "bridge_type_id", "part_type", "disease_id", "groups") VALUES (850, 1, 7, 1, 4, 10);
INSERT INTO "public"."tb_component_disease_rel"("id", "component_id", "bridge_type_id", "part_type", "disease_id", "groups") VALUES (851, 1, 7, 1, 5, 3);
INSERT INTO "public"."tb_component_disease_rel"("id", "component_id", "bridge_type_id", "part_type", "disease_id", "groups") VALUES (852, 1, 7, 1, 6, 15);
INSERT INTO "public"."tb_component_disease_rel"("id", "component_id", "bridge_type_id", "part_type", "disease_id", "groups") VALUES (853, 1, 7, 1, 7, 15);
INSERT INTO "public"."tb_component_disease_rel"("id", "component_id", "bridge_type_id", "part_type", "disease_id", "groups") VALUES (854, 1, 7, 1, 8, 10);
INSERT INTO "public"."tb_component_disease_rel"("id", "component_id", "bridge_type_id", "part_type", "disease_id", "groups") VALUES (855, 1, 7, 1, 9, 10);
INSERT INTO "public"."tb_component_disease_rel"("id", "component_id", "bridge_type_id", "part_type", "disease_id", "groups") VALUES (856, 1, 7, 1, 10, 5);
INSERT INTO "public"."tb_component_disease_rel"("id", "component_id", "bridge_type_id", "part_type", "disease_id", "groups") VALUES (857, 1, 7, 1, 97, 16);
INSERT INTO "public"."tb_component_disease_rel"("id", "component_id", "bridge_type_id", "part_type", "disease_id", "groups") VALUES (858, 3, 7, 1, 13, 3);
INSERT INTO "public"."tb_component_disease_rel"("id", "component_id", "bridge_type_id", "part_type", "disease_id", "groups") VALUES (859, 3, 7, 1, 14, 5);
INSERT INTO "public"."tb_component_disease_rel"("id", "component_id", "bridge_type_id", "part_type", "disease_id", "groups") VALUES (860, 3, 7, 1, 15, 5);
INSERT INTO "public"."tb_component_disease_rel"("id", "component_id", "bridge_type_id", "part_type", "disease_id", "groups") VALUES (861, 3, 7, 1, 16, 5);
INSERT INTO "public"."tb_component_disease_rel"("id", "component_id", "bridge_type_id", "part_type", "disease_id", "groups") VALUES (862, 3, 7, 1, 17, 5);
INSERT INTO "public"."tb_component_disease_rel"("id", "component_id", "bridge_type_id", "part_type", "disease_id", "groups") VALUES (863, 3, 7, 1, 18, 6);
INSERT INTO "public"."tb_component_disease_rel"("id", "component_id", "bridge_type_id", "part_type", "disease_id", "groups") VALUES (864, 3, 7, 1, 19, 5);
INSERT INTO "public"."tb_component_disease_rel"("id", "component_id", "bridge_type_id", "part_type", "disease_id", "groups") VALUES (865, 3, 7, 1, 20, 8);
INSERT INTO "public"."tb_component_disease_rel"("id", "component_id", "bridge_type_id", "part_type", "disease_id", "groups") VALUES (866, 3, 7, 1, 21, 5);
INSERT INTO "public"."tb_component_disease_rel"("id", "component_id", "bridge_type_id", "part_type", "disease_id", "groups") VALUES (867, 3, 7, 1, 97, 16);
INSERT INTO "public"."tb_component_disease_rel"("id", "component_id", "bridge_type_id", "part_type", "disease_id", "groups") VALUES (868, 4, 7, 1, 22, 9);
INSERT INTO "public"."tb_component_disease_rel"("id", "component_id", "bridge_type_id", "part_type", "disease_id", "groups") VALUES (869, 4, 7, 1, 23, 9);
INSERT INTO "public"."tb_component_disease_rel"("id", "component_id", "bridge_type_id", "part_type", "disease_id", "groups") VALUES (870, 4, 7, 1, 24, 5);
INSERT INTO "public"."tb_component_disease_rel"("id", "component_id", "bridge_type_id", "part_type", "disease_id", "groups") VALUES (871, 4, 7, 1, 25, 5);
INSERT INTO "public"."tb_component_disease_rel"("id", "component_id", "bridge_type_id", "part_type", "disease_id", "groups") VALUES (872, 4, 7, 1, 97, 16);
INSERT INTO "public"."tb_component_disease_rel"("id", "component_id", "bridge_type_id", "part_type", "disease_id", "groups") VALUES (873, 6, 7, 1, 29, 5);
INSERT INTO "public"."tb_component_disease_rel"("id", "component_id", "bridge_type_id", "part_type", "disease_id", "groups") VALUES (874, 6, 7, 1, 30, 9);
INSERT INTO "public"."tb_component_disease_rel"("id", "component_id", "bridge_type_id", "part_type", "disease_id", "groups") VALUES (875, 6, 7, 1, 31, 9);
INSERT INTO "public"."tb_component_disease_rel"("id", "component_id", "bridge_type_id", "part_type", "disease_id", "groups") VALUES (876, 6, 7, 1, 97, 16);
INSERT INTO "public"."tb_component_disease_rel"("id", "component_id", "bridge_type_id", "part_type", "disease_id", "groups") VALUES (877, 7, 7, 2, 32, 5);
INSERT INTO "public"."tb_component_disease_rel"("id", "component_id", "bridge_type_id", "part_type", "disease_id", "groups") VALUES (878, 7, 7, 2, 33, 5);
INSERT INTO "public"."tb_component_disease_rel"("id", "component_id", "bridge_type_id", "part_type", "disease_id", "groups") VALUES (879, 7, 7, 2, 34, 5);
INSERT INTO "public"."tb_component_disease_rel"("id", "component_id", "bridge_type_id", "part_type", "disease_id", "groups") VALUES (880, 7, 7, 2, 35, 10);
INSERT INTO "public"."tb_component_disease_rel"("id", "component_id", "bridge_type_id", "part_type", "disease_id", "groups") VALUES (881, 7, 7, 2, 36, 5);
INSERT INTO "public"."tb_component_disease_rel"("id", "component_id", "bridge_type_id", "part_type", "disease_id", "groups") VALUES (882, 7, 7, 2, 37, 5);
INSERT INTO "public"."tb_component_disease_rel"("id", "component_id", "bridge_type_id", "part_type", "disease_id", "groups") VALUES (883, 7, 7, 2, 38, 5);
INSERT INTO "public"."tb_component_disease_rel"("id", "component_id", "bridge_type_id", "part_type", "disease_id", "groups") VALUES (884, 7, 7, 2, 39, 9);
INSERT INTO "public"."tb_component_disease_rel"("id", "component_id", "bridge_type_id", "part_type", "disease_id", "groups") VALUES (885, 7, 7, 2, 40, 9);
INSERT INTO "public"."tb_component_disease_rel"("id", "component_id", "bridge_type_id", "part_type", "disease_id", "groups") VALUES (886, 7, 7, 2, 41, 5);
INSERT INTO "public"."tb_component_disease_rel"("id", "component_id", "bridge_type_id", "part_type", "disease_id", "groups") VALUES (887, 7, 7, 2, 42, 15);
INSERT INTO "public"."tb_component_disease_rel"("id", "component_id", "bridge_type_id", "part_type", "disease_id", "groups") VALUES (888, 7, 7, 2, 43, 10);
INSERT INTO "public"."tb_component_disease_rel"("id", "component_id", "bridge_type_id", "part_type", "disease_id", "groups") VALUES (889, 7, 7, 2, 29, 10);
INSERT INTO "public"."tb_component_disease_rel"("id", "component_id", "bridge_type_id", "part_type", "disease_id", "groups") VALUES (890, 7, 7, 2, 44, 11);
INSERT INTO "public"."tb_component_disease_rel"("id", "component_id", "bridge_type_id", "part_type", "disease_id", "groups") VALUES (891, 7, 7, 2, 45, 15);
INSERT INTO "public"."tb_component_disease_rel"("id", "component_id", "bridge_type_id", "part_type", "disease_id", "groups") VALUES (892, 7, 7, 2, 46, 5);
INSERT INTO "public"."tb_component_disease_rel"("id", "component_id", "bridge_type_id", "part_type", "disease_id", "groups") VALUES (893, 7, 7, 2, 6, 15);
INSERT INTO "public"."tb_component_disease_rel"("id", "component_id", "bridge_type_id", "part_type", "disease_id", "groups") VALUES (894, 7, 7, 2, 99, 10);
INSERT INTO "public"."tb_component_disease_rel"("id", "component_id", "bridge_type_id", "part_type", "disease_id", "groups") VALUES (895, 7, 7, 2, 47, 5);
INSERT INTO "public"."tb_component_disease_rel"("id", "component_id", "bridge_type_id", "part_type", "disease_id", "groups") VALUES (896, 7, 7, 2, 97, 16);
INSERT INTO "public"."tb_component_disease_rel"("id", "component_id", "bridge_type_id", "part_type", "disease_id", "groups") VALUES (897, 8, 7, 2, 7, 13);
INSERT INTO "public"."tb_component_disease_rel"("id", "component_id", "bridge_type_id", "part_type", "disease_id", "groups") VALUES (898, 8, 7, 2, 48, 5);
INSERT INTO "public"."tb_component_disease_rel"("id", "component_id", "bridge_type_id", "part_type", "disease_id", "groups") VALUES (899, 8, 7, 2, 49, 5);
INSERT INTO "public"."tb_component_disease_rel"("id", "component_id", "bridge_type_id", "part_type", "disease_id", "groups") VALUES (900, 8, 7, 2, 50, 5);
INSERT INTO "public"."tb_component_disease_rel"("id", "component_id", "bridge_type_id", "part_type", "disease_id", "groups") VALUES (901, 8, 7, 2, 51, 5);
INSERT INTO "public"."tb_component_disease_rel"("id", "component_id", "bridge_type_id", "part_type", "disease_id", "groups") VALUES (902, 8, 7, 2, 52, 5);
INSERT INTO "public"."tb_component_disease_rel"("id", "component_id", "bridge_type_id", "part_type", "disease_id", "groups") VALUES (903, 8, 7, 2, 99, 10);
INSERT INTO "public"."tb_component_disease_rel"("id", "component_id", "bridge_type_id", "part_type", "disease_id", "groups") VALUES (904, 8, 7, 2, 97, 16);
INSERT INTO "public"."tb_component_disease_rel"("id", "component_id", "bridge_type_id", "part_type", "disease_id", "groups") VALUES (905, 20, 7, 2, 30, 5);
INSERT INTO "public"."tb_component_disease_rel"("id", "component_id", "bridge_type_id", "part_type", "disease_id", "groups") VALUES (906, 20, 7, 2, 31, 5);
INSERT INTO "public"."tb_component_disease_rel"("id", "component_id", "bridge_type_id", "part_type", "disease_id", "groups") VALUES (907, 20, 7, 2, 96, 5);
INSERT INTO "public"."tb_component_disease_rel"("id", "component_id", "bridge_type_id", "part_type", "disease_id", "groups") VALUES (908, 20, 7, 2, 97, 16);
INSERT INTO "public"."tb_component_disease_rel"("id", "component_id", "bridge_type_id", "part_type", "disease_id", "groups") VALUES (909, 27, 7, 3, 53, 15);
INSERT INTO "public"."tb_component_disease_rel"("id", "component_id", "bridge_type_id", "part_type", "disease_id", "groups") VALUES (910, 27, 7, 3, 54, 15);
INSERT INTO "public"."tb_component_disease_rel"("id", "component_id", "bridge_type_id", "part_type", "disease_id", "groups") VALUES (911, 27, 7, 3, 55, 5);
INSERT INTO "public"."tb_component_disease_rel"("id", "component_id", "bridge_type_id", "part_type", "disease_id", "groups") VALUES (912, 27, 7, 3, 29, 10);
INSERT INTO "public"."tb_component_disease_rel"("id", "component_id", "bridge_type_id", "part_type", "disease_id", "groups") VALUES (913, 27, 7, 3, 43, 10);
INSERT INTO "public"."tb_component_disease_rel"("id", "component_id", "bridge_type_id", "part_type", "disease_id", "groups") VALUES (914, 27, 7, 3, 56, 5);
INSERT INTO "public"."tb_component_disease_rel"("id", "component_id", "bridge_type_id", "part_type", "disease_id", "groups") VALUES (915, 27, 7, 3, 6, 13);
INSERT INTO "public"."tb_component_disease_rel"("id", "component_id", "bridge_type_id", "part_type", "disease_id", "groups") VALUES (916, 27, 7, 3, 98, 10);
INSERT INTO "public"."tb_component_disease_rel"("id", "component_id", "bridge_type_id", "part_type", "disease_id", "groups") VALUES (917, 27, 7, 3, 99, 10);
INSERT INTO "public"."tb_component_disease_rel"("id", "component_id", "bridge_type_id", "part_type", "disease_id", "groups") VALUES (918, 27, 7, 3, 97, 16);
INSERT INTO "public"."tb_component_disease_rel"("id", "component_id", "bridge_type_id", "part_type", "disease_id", "groups") VALUES (919, 26, 7, 3, 42, 15);
INSERT INTO "public"."tb_component_disease_rel"("id", "component_id", "bridge_type_id", "part_type", "disease_id", "groups") VALUES (920, 26, 7, 3, 43, 10);
INSERT INTO "public"."tb_component_disease_rel"("id", "component_id", "bridge_type_id", "part_type", "disease_id", "groups") VALUES (921, 26, 7, 3, 29, 10);
INSERT INTO "public"."tb_component_disease_rel"("id", "component_id", "bridge_type_id", "part_type", "disease_id", "groups") VALUES (922, 26, 7, 3, 45, 14);
INSERT INTO "public"."tb_component_disease_rel"("id", "component_id", "bridge_type_id", "part_type", "disease_id", "groups") VALUES (923, 26, 7, 3, 46, 5);
INSERT INTO "public"."tb_component_disease_rel"("id", "component_id", "bridge_type_id", "part_type", "disease_id", "groups") VALUES (924, 26, 7, 3, 57, 10);
INSERT INTO "public"."tb_component_disease_rel"("id", "component_id", "bridge_type_id", "part_type", "disease_id", "groups") VALUES (925, 26, 7, 3, 99, 10);
INSERT INTO "public"."tb_component_disease_rel"("id", "component_id", "bridge_type_id", "part_type", "disease_id", "groups") VALUES (926, 26, 7, 3, 98, 10);
INSERT INTO "public"."tb_component_disease_rel"("id", "component_id", "bridge_type_id", "part_type", "disease_id", "groups") VALUES (927, 26, 7, 3, 97, 16);
INSERT INTO "public"."tb_component_disease_rel"("id", "component_id", "bridge_type_id", "part_type", "disease_id", "groups") VALUES (928, 21, 7, 3, 42, 15);
INSERT INTO "public"."tb_component_disease_rel"("id", "component_id", "bridge_type_id", "part_type", "disease_id", "groups") VALUES (929, 21, 7, 3, 43, 10);
INSERT INTO "public"."tb_component_disease_rel"("id", "component_id", "bridge_type_id", "part_type", "disease_id", "groups") VALUES (930, 21, 7, 3, 29, 10);
INSERT INTO "public"."tb_component_disease_rel"("id", "component_id", "bridge_type_id", "part_type", "disease_id", "groups") VALUES (931, 21, 7, 3, 45, 14);
INSERT INTO "public"."tb_component_disease_rel"("id", "component_id", "bridge_type_id", "part_type", "disease_id", "groups") VALUES (932, 21, 7, 3, 46, 5);
INSERT INTO "public"."tb_component_disease_rel"("id", "component_id", "bridge_type_id", "part_type", "disease_id", "groups") VALUES (933, 21, 7, 3, 57, 10);
INSERT INTO "public"."tb_component_disease_rel"("id", "component_id", "bridge_type_id", "part_type", "disease_id", "groups") VALUES (934, 21, 7, 3, 99, 10);
INSERT INTO "public"."tb_component_disease_rel"("id", "component_id", "bridge_type_id", "part_type", "disease_id", "groups") VALUES (935, 21, 7, 3, 98, 10);
INSERT INTO "public"."tb_component_disease_rel"("id", "component_id", "bridge_type_id", "part_type", "disease_id", "groups") VALUES (936, 21, 7, 3, 97, 16);
INSERT INTO "public"."tb_component_disease_rel"("id", "component_id", "bridge_type_id", "part_type", "disease_id", "groups") VALUES (937, 22, 7, 3, 53, 15);
INSERT INTO "public"."tb_component_disease_rel"("id", "component_id", "bridge_type_id", "part_type", "disease_id", "groups") VALUES (938, 22, 7, 3, 54, 15);
INSERT INTO "public"."tb_component_disease_rel"("id", "component_id", "bridge_type_id", "part_type", "disease_id", "groups") VALUES (939, 22, 7, 3, 55, 5);
INSERT INTO "public"."tb_component_disease_rel"("id", "component_id", "bridge_type_id", "part_type", "disease_id", "groups") VALUES (940, 22, 7, 3, 29, 10);
INSERT INTO "public"."tb_component_disease_rel"("id", "component_id", "bridge_type_id", "part_type", "disease_id", "groups") VALUES (941, 22, 7, 3, 43, 10);
INSERT INTO "public"."tb_component_disease_rel"("id", "component_id", "bridge_type_id", "part_type", "disease_id", "groups") VALUES (942, 22, 7, 3, 56, 5);
INSERT INTO "public"."tb_component_disease_rel"("id", "component_id", "bridge_type_id", "part_type", "disease_id", "groups") VALUES (943, 22, 7, 3, 6, 13);
INSERT INTO "public"."tb_component_disease_rel"("id", "component_id", "bridge_type_id", "part_type", "disease_id", "groups") VALUES (944, 22, 7, 3, 98, 10);
INSERT INTO "public"."tb_component_disease_rel"("id", "component_id", "bridge_type_id", "part_type", "disease_id", "groups") VALUES (945, 22, 7, 3, 99, 10);
INSERT INTO "public"."tb_component_disease_rel"("id", "component_id", "bridge_type_id", "part_type", "disease_id", "groups") VALUES (946, 22, 7, 3, 97, 16);
INSERT INTO "public"."tb_component_disease_rel"("id", "component_id", "bridge_type_id", "part_type", "disease_id", "groups") VALUES (947, 24, 7, 3, 58, 5);
INSERT INTO "public"."tb_component_disease_rel"("id", "component_id", "bridge_type_id", "part_type", "disease_id", "groups") VALUES (948, 24, 7, 3, 59, 5);
INSERT INTO "public"."tb_component_disease_rel"("id", "component_id", "bridge_type_id", "part_type", "disease_id", "groups") VALUES (949, 24, 7, 3, 60, 5);
INSERT INTO "public"."tb_component_disease_rel"("id", "component_id", "bridge_type_id", "part_type", "disease_id", "groups") VALUES (950, 24, 7, 3, 61, 5);
INSERT INTO "public"."tb_component_disease_rel"("id", "component_id", "bridge_type_id", "part_type", "disease_id", "groups") VALUES (951, 24, 7, 3, 62, 5);
INSERT INTO "public"."tb_component_disease_rel"("id", "component_id", "bridge_type_id", "part_type", "disease_id", "groups") VALUES (952, 24, 7, 3, 63, 5);
INSERT INTO "public"."tb_component_disease_rel"("id", "component_id", "bridge_type_id", "part_type", "disease_id", "groups") VALUES (953, 24, 7, 3, 97, 16);
INSERT INTO "public"."tb_component_disease_rel"("id", "component_id", "bridge_type_id", "part_type", "disease_id", "groups") VALUES (954, 23, 7, 3, 68, 5);
INSERT INTO "public"."tb_component_disease_rel"("id", "component_id", "bridge_type_id", "part_type", "disease_id", "groups") VALUES (955, 23, 7, 3, 69, 5);
INSERT INTO "public"."tb_component_disease_rel"("id", "component_id", "bridge_type_id", "part_type", "disease_id", "groups") VALUES (956, 23, 7, 3, 70, 5);
INSERT INTO "public"."tb_component_disease_rel"("id", "component_id", "bridge_type_id", "part_type", "disease_id", "groups") VALUES (957, 23, 7, 3, 71, 5);
INSERT INTO "public"."tb_component_disease_rel"("id", "component_id", "bridge_type_id", "part_type", "disease_id", "groups") VALUES (958, 23, 7, 3, 97, 16);
INSERT INTO "public"."tb_component_disease_rel"("id", "component_id", "bridge_type_id", "part_type", "disease_id", "groups") VALUES (959, 20, 7, 3, 30, 5);
INSERT INTO "public"."tb_component_disease_rel"("id", "component_id", "bridge_type_id", "part_type", "disease_id", "groups") VALUES (960, 20, 7, 3, 31, 5);
INSERT INTO "public"."tb_component_disease_rel"("id", "component_id", "bridge_type_id", "part_type", "disease_id", "groups") VALUES (961, 20, 7, 3, 96, 5);
INSERT INTO "public"."tb_component_disease_rel"("id", "component_id", "bridge_type_id", "part_type", "disease_id", "groups") VALUES (962, 20, 7, 3, 97, 16);
INSERT INTO "public"."tb_component_disease_rel"("id", "component_id", "bridge_type_id", "part_type", "disease_id", "groups") VALUES (963, 1, 8, 1, 1, 10);
INSERT INTO "public"."tb_component_disease_rel"("id", "component_id", "bridge_type_id", "part_type", "disease_id", "groups") VALUES (964, 1, 8, 1, 2, 10);
INSERT INTO "public"."tb_component_disease_rel"("id", "component_id", "bridge_type_id", "part_type", "disease_id", "groups") VALUES (965, 1, 8, 1, 3, 2);
INSERT INTO "public"."tb_component_disease_rel"("id", "component_id", "bridge_type_id", "part_type", "disease_id", "groups") VALUES (966, 1, 8, 1, 4, 10);
INSERT INTO "public"."tb_component_disease_rel"("id", "component_id", "bridge_type_id", "part_type", "disease_id", "groups") VALUES (967, 1, 8, 1, 5, 3);
INSERT INTO "public"."tb_component_disease_rel"("id", "component_id", "bridge_type_id", "part_type", "disease_id", "groups") VALUES (968, 1, 8, 1, 6, 15);
INSERT INTO "public"."tb_component_disease_rel"("id", "component_id", "bridge_type_id", "part_type", "disease_id", "groups") VALUES (969, 1, 8, 1, 7, 15);
INSERT INTO "public"."tb_component_disease_rel"("id", "component_id", "bridge_type_id", "part_type", "disease_id", "groups") VALUES (970, 1, 8, 1, 8, 10);
INSERT INTO "public"."tb_component_disease_rel"("id", "component_id", "bridge_type_id", "part_type", "disease_id", "groups") VALUES (971, 1, 8, 1, 9, 10);
INSERT INTO "public"."tb_component_disease_rel"("id", "component_id", "bridge_type_id", "part_type", "disease_id", "groups") VALUES (972, 1, 8, 1, 10, 5);
INSERT INTO "public"."tb_component_disease_rel"("id", "component_id", "bridge_type_id", "part_type", "disease_id", "groups") VALUES (973, 1, 8, 1, 97, 16);
INSERT INTO "public"."tb_component_disease_rel"("id", "component_id", "bridge_type_id", "part_type", "disease_id", "groups") VALUES (974, 3, 8, 1, 13, 3);
INSERT INTO "public"."tb_component_disease_rel"("id", "component_id", "bridge_type_id", "part_type", "disease_id", "groups") VALUES (975, 3, 8, 1, 14, 5);
INSERT INTO "public"."tb_component_disease_rel"("id", "component_id", "bridge_type_id", "part_type", "disease_id", "groups") VALUES (976, 3, 8, 1, 15, 5);
INSERT INTO "public"."tb_component_disease_rel"("id", "component_id", "bridge_type_id", "part_type", "disease_id", "groups") VALUES (977, 3, 8, 1, 16, 5);
INSERT INTO "public"."tb_component_disease_rel"("id", "component_id", "bridge_type_id", "part_type", "disease_id", "groups") VALUES (978, 3, 8, 1, 17, 5);
INSERT INTO "public"."tb_component_disease_rel"("id", "component_id", "bridge_type_id", "part_type", "disease_id", "groups") VALUES (979, 3, 8, 1, 18, 6);
INSERT INTO "public"."tb_component_disease_rel"("id", "component_id", "bridge_type_id", "part_type", "disease_id", "groups") VALUES (980, 3, 8, 1, 19, 5);
INSERT INTO "public"."tb_component_disease_rel"("id", "component_id", "bridge_type_id", "part_type", "disease_id", "groups") VALUES (981, 3, 8, 1, 20, 8);
INSERT INTO "public"."tb_component_disease_rel"("id", "component_id", "bridge_type_id", "part_type", "disease_id", "groups") VALUES (982, 3, 8, 1, 21, 5);
INSERT INTO "public"."tb_component_disease_rel"("id", "component_id", "bridge_type_id", "part_type", "disease_id", "groups") VALUES (983, 3, 8, 1, 97, 16);
INSERT INTO "public"."tb_component_disease_rel"("id", "component_id", "bridge_type_id", "part_type", "disease_id", "groups") VALUES (984, 4, 8, 1, 22, 9);
INSERT INTO "public"."tb_component_disease_rel"("id", "component_id", "bridge_type_id", "part_type", "disease_id", "groups") VALUES (985, 4, 8, 1, 23, 9);
INSERT INTO "public"."tb_component_disease_rel"("id", "component_id", "bridge_type_id", "part_type", "disease_id", "groups") VALUES (986, 4, 8, 1, 24, 5);
INSERT INTO "public"."tb_component_disease_rel"("id", "component_id", "bridge_type_id", "part_type", "disease_id", "groups") VALUES (987, 4, 8, 1, 25, 5);
INSERT INTO "public"."tb_component_disease_rel"("id", "component_id", "bridge_type_id", "part_type", "disease_id", "groups") VALUES (988, 4, 8, 1, 97, 16);
INSERT INTO "public"."tb_component_disease_rel"("id", "component_id", "bridge_type_id", "part_type", "disease_id", "groups") VALUES (989, 6, 8, 1, 29, 5);
INSERT INTO "public"."tb_component_disease_rel"("id", "component_id", "bridge_type_id", "part_type", "disease_id", "groups") VALUES (990, 6, 8, 1, 30, 9);
INSERT INTO "public"."tb_component_disease_rel"("id", "component_id", "bridge_type_id", "part_type", "disease_id", "groups") VALUES (991, 6, 8, 1, 31, 9);
INSERT INTO "public"."tb_component_disease_rel"("id", "component_id", "bridge_type_id", "part_type", "disease_id", "groups") VALUES (992, 6, 8, 1, 97, 16);
INSERT INTO "public"."tb_component_disease_rel"("id", "component_id", "bridge_type_id", "part_type", "disease_id", "groups") VALUES (993, 13, 8, 2, 32, 5);
INSERT INTO "public"."tb_component_disease_rel"("id", "component_id", "bridge_type_id", "part_type", "disease_id", "groups") VALUES (994, 13, 8, 2, 33, 5);
INSERT INTO "public"."tb_component_disease_rel"("id", "component_id", "bridge_type_id", "part_type", "disease_id", "groups") VALUES (995, 13, 8, 2, 34, 5);
INSERT INTO "public"."tb_component_disease_rel"("id", "component_id", "bridge_type_id", "part_type", "disease_id", "groups") VALUES (996, 13, 8, 2, 35, 10);
INSERT INTO "public"."tb_component_disease_rel"("id", "component_id", "bridge_type_id", "part_type", "disease_id", "groups") VALUES (997, 13, 8, 2, 36, 5);
INSERT INTO "public"."tb_component_disease_rel"("id", "component_id", "bridge_type_id", "part_type", "disease_id", "groups") VALUES (998, 13, 8, 2, 37, 5);
INSERT INTO "public"."tb_component_disease_rel"("id", "component_id", "bridge_type_id", "part_type", "disease_id", "groups") VALUES (999, 13, 8, 2, 38, 5);
INSERT INTO "public"."tb_component_disease_rel"("id", "component_id", "bridge_type_id", "part_type", "disease_id", "groups") VALUES (1000, 13, 8, 2, 39, 9);
SELECT setval('tb_component_disease_rel_id_seq',(SELECT MAX(id) FROM tb_component_disease_rel));


INSERT INTO "public"."tb_bridge_disease"("id", "name", "code") VALUES (1, '网裂或龟裂', 'WL');
INSERT INTO "public"."tb_bridge_disease"("id", "name", "code") VALUES (2, '波浪及车辙', 'CZ');
INSERT INTO "public"."tb_bridge_disease"("id", "name", "code") VALUES (3, '坑槽', 'KC');
INSERT INTO "public"."tb_bridge_disease"("id", "name", "code") VALUES (4, '碎裂或破碎', 'SL');
INSERT INTO "public"."tb_bridge_disease"("id", "name", "code") VALUES (5, '坑洞', 'KD');
INSERT INTO "public"."tb_bridge_disease"("id", "name", "code") VALUES (6, '桥面贯通横缝', 'HF');
INSERT INTO "public"."tb_bridge_disease"("id", "name", "code") VALUES (7, '桥面贯通纵缝', 'ZF');
INSERT INTO "public"."tb_bridge_disease"("id", "name", "code") VALUES (8, '人行天桥桥面铺装变形', 'PB');
INSERT INTO "public"."tb_bridge_disease"("id", "name", "code") VALUES (9, '人行天桥桥面铺装磨损', 'PM');
INSERT INTO "public"."tb_bridge_disease"("id", "name", "code") VALUES (10, '人行天桥桥面铺装防滑能力', 'FH');
INSERT INTO "public"."tb_bridge_disease"("id", "name", "code") VALUES (11, '桥头沉降', 'JC');
INSERT INTO "public"."tb_bridge_disease"("id", "name", "code") VALUES (12, '台背下沉', 'TB');
INSERT INTO "public"."tb_bridge_disease"("id", "name", "code") VALUES (13, '螺帽松动', 'LM');
INSERT INTO "public"."tb_bridge_disease"("id", "name", "code") VALUES (14, '缝内沉积物阻塞', 'FN');
INSERT INTO "public"."tb_bridge_disease"("id", "name", "code") VALUES (15, '止水带破损、老化', 'ZS');
INSERT INTO "public"."tb_bridge_disease"("id", "name", "code") VALUES (16, '钢材料破损', 'PS');
INSERT INTO "public"."tb_bridge_disease"("id", "name", "code") VALUES (17, '接缝处铺装碎边', 'SB');
INSERT INTO "public"."tb_bridge_disease"("id", "name", "code") VALUES (18, '接缝处高差', 'GC');
INSERT INTO "public"."tb_bridge_disease"("id", "name", "code") VALUES (19, '钢材料翘曲变形', 'BX');
INSERT INTO "public"."tb_bridge_disease"("id", "name", "code") VALUES (20, '结构缝宽异常', 'FK');
INSERT INTO "public"."tb_bridge_disease"("id", "name", "code") VALUES (21, '伸缩缝处异常响动', 'XD');
INSERT INTO "public"."tb_bridge_disease"("id", "name", "code") VALUES (22, '泄水管阻塞', 'XG');
INSERT INTO "public"."tb_bridge_disease"("id", "name", "code") VALUES (23, '残缺脱落', 'TL');
INSERT INTO "public"."tb_bridge_disease"("id", "name", "code") VALUES (24, '桥面积水', 'JS');
INSERT INTO "public"."tb_bridge_disease"("id", "name", "code") VALUES (25, '防水层', 'FS');
INSERT INTO "public"."tb_bridge_disease"("id", "name", "code") VALUES (26, '网裂', 'WL');
INSERT INTO "public"."tb_bridge_disease"("id", "name", "code") VALUES (27, '松动或变形', 'SD');
INSERT INTO "public"."tb_bridge_disease"("id", "name", "code") VALUES (28, '残缺', 'CQ');
INSERT INTO "public"."tb_bridge_disease"("id", "name", "code") VALUES (29, '露筋锈蚀', 'XS');
INSERT INTO "public"."tb_bridge_disease"("id", "name", "code") VALUES (30, '松动错位', 'CW');
INSERT INTO "public"."tb_bridge_disease"("id", "name", "code") VALUES (31, '丢失残缺', 'DS');
INSERT INTO "public"."tb_bridge_disease"("id", "name", "code") VALUES (32, '变色起皮', 'BS');
INSERT INTO "public"."tb_bridge_disease"("id", "name", "code") VALUES (33, '油漆剥落', 'YQ');
INSERT INTO "public"."tb_bridge_disease"("id", "name", "code") VALUES (34, '一般锈蚀', 'YB');
INSERT INTO "public"."tb_bridge_disease"("id", "name", "code") VALUES (35, '严重锈蚀', 'YZ');
INSERT INTO "public"."tb_bridge_disease"("id", "name", "code") VALUES (36, '锈蚀成洞', 'CD');
INSERT INTO "public"."tb_bridge_disease"("id", "name", "code") VALUES (37, '焊缝裂纹', 'LW');
INSERT INTO "public"."tb_bridge_disease"("id", "name", "code") VALUES (38, '焊缝开裂', 'KL');
INSERT INTO "public"."tb_bridge_disease"("id", "name", "code") VALUES (39, '铆钉损失', 'MD');
INSERT INTO "public"."tb_bridge_disease"("id", "name", "code") VALUES (40, '螺栓松动', 'LS');
INSERT INTO "public"."tb_bridge_disease"("id", "name", "code") VALUES (41, '错位变形', 'CW');
INSERT INTO "public"."tb_bridge_disease"("id", "name", "code") VALUES (42, '表面裂缝', 'BM');
INSERT INTO "public"."tb_bridge_disease"("id", "name", "code") VALUES (43, '混凝土剥离', 'BL');
INSERT INTO "public"."tb_bridge_disease"("id", "name", "code") VALUES (44, '梁体下挠', 'XN');
INSERT INTO "public"."tb_bridge_disease"("id", "name", "code") VALUES (45, '结构裂缝', 'JG');
INSERT INTO "public"."tb_bridge_disease"("id", "name", "code") VALUES (46, '裂缝处渗水', 'SS');
INSERT INTO "public"."tb_bridge_disease"("id", "name", "code") VALUES (47, '梁体位移', 'WY');
INSERT INTO "public"."tb_bridge_disease"("id", "name", "code") VALUES (48, '连接件脱焊松动', 'SD');
INSERT INTO "public"."tb_bridge_disease"("id", "name", "code") VALUES (49, '连接件断裂', 'DL');
INSERT INTO "public"."tb_bridge_disease"("id", "name", "code") VALUES (50, '横隔板网裂', 'WL');
INSERT INTO "public"."tb_bridge_disease"("id", "name", "code") VALUES (51, '横隔板剥落露筋', 'LJ');
INSERT INTO "public"."tb_bridge_disease"("id", "name", "code") VALUES (52, '梁体异常振动', 'ZD');
INSERT INTO "public"."tb_bridge_disease"("id", "name", "code") VALUES (53, '墩身水平裂缝', 'SP');
INSERT INTO "public"."tb_bridge_disease"("id", "name", "code") VALUES (54, '墩身纵向裂缝', 'SX');
INSERT INTO "public"."tb_bridge_disease"("id", "name", "code") VALUES (55, '框架式节点裂缝', 'KJ');
INSERT INTO "public"."tb_bridge_disease"("id", "name", "code") VALUES (56, '桥墩倾斜', 'QX');
INSERT INTO "public"."tb_bridge_disease"("id", "name", "code") VALUES (57, '墩台成块剥落', 'CK');
INSERT INTO "public"."tb_bridge_disease"("id", "name", "code") VALUES (58, '支座固定螺栓损坏', 'GD');
INSERT INTO "public"."tb_bridge_disease"("id", "name", "code") VALUES (59, '橡胶支座变形', 'XJ');
INSERT INTO "public"."tb_bridge_disease"("id", "name", "code") VALUES (60, '钢支座损坏', 'GZ');
INSERT INTO "public"."tb_bridge_disease"("id", "name", "code") VALUES (61, '支座底板混凝土破损', 'DB');
INSERT INTO "public"."tb_bridge_disease"("id", "name", "code") VALUES (62, '支承稳定性异常', 'ZC');
INSERT INTO "public"."tb_bridge_disease"("id", "name", "code") VALUES (63, '钢垫板锈蚀', 'XS');
INSERT INTO "public"."tb_bridge_disease"("id", "name", "code") VALUES (64, '剥离脱落', 'BT');
INSERT INTO "public"."tb_bridge_disease"("id", "name", "code") VALUES (65, '翼墙前结合处开裂', 'KL');
INSERT INTO "public"."tb_bridge_disease"("id", "name", "code") VALUES (66, '挡土功能缺失', 'DT');
INSERT INTO "public"."tb_bridge_disease"("id", "name", "code") VALUES (67, '翼墙大贯通缝', 'TF');
INSERT INTO "public"."tb_bridge_disease"("id", "name", "code") VALUES (68, '基础冲刷', 'CS');
INSERT INTO "public"."tb_bridge_disease"("id", "name", "code") VALUES (69, '基础掏空', 'TK');
INSERT INTO "public"."tb_bridge_disease"("id", "name", "code") VALUES (70, '混凝土桩损坏', 'SH');
INSERT INTO "public"."tb_bridge_disease"("id", "name", "code") VALUES (71, '基础位移', 'WY');
INSERT INTO "public"."tb_bridge_disease"("id", "name", "code") VALUES (72, '有无落架趋势', 'YW');
INSERT INTO "public"."tb_bridge_disease"("id", "name", "code") VALUES (73, '牛腿表面损伤', 'NT');
INSERT INTO "public"."tb_bridge_disease"("id", "name", "code") VALUES (74, '伸缩缝处渗水', 'SS');
INSERT INTO "public"."tb_bridge_disease"("id", "name", "code") VALUES (75, '钢锚板锈蚀', 'GM');
INSERT INTO "public"."tb_bridge_disease"("id", "name", "code") VALUES (76, '微弯板网裂', 'WL');
INSERT INTO "public"."tb_bridge_disease"("id", "name", "code") VALUES (77, '微弯板剥落露筋', 'LJ');
INSERT INTO "public"."tb_bridge_disease"("id", "name", "code") VALUES (78, '连接件（杆）开裂', 'LL');
INSERT INTO "public"."tb_bridge_disease"("id", "name", "code") VALUES (79, '连接件（杆）剥落露筋', 'BJ');
INSERT INTO "public"."tb_bridge_disease"("id", "name", "code") VALUES (80, '主拱圈变形', 'ZG');
INSERT INTO "public"."tb_bridge_disease"("id", "name", "code") VALUES (81, '砌体缺损', 'QS');
INSERT INTO "public"."tb_bridge_disease"("id", "name", "code") VALUES (82, '砌体脱落', 'TL');
INSERT INTO "public"."tb_bridge_disease"("id", "name", "code") VALUES (83, '砂浆松动缺失', 'SJ');
INSERT INTO "public"."tb_bridge_disease"("id", "name", "code") VALUES (84, '表面风化损坏', 'FH');
INSERT INTO "public"."tb_bridge_disease"("id", "name", "code") VALUES (85, '表面网状裂缝', 'WZ');
INSERT INTO "public"."tb_bridge_disease"("id", "name", "code") VALUES (86, '构件断裂', 'GJ');
INSERT INTO "public"."tb_bridge_disease"("id", "name", "code") VALUES (87, '节点开裂', 'JD');
INSERT INTO "public"."tb_bridge_disease"("id", "name", "code") VALUES (88, '拱脚位移', 'WY');
INSERT INTO "public"."tb_bridge_disease"("id", "name", "code") VALUES (89, '拱脚开裂', 'KL');
INSERT INTO "public"."tb_bridge_disease"("id", "name", "code") VALUES (90, '拱脚残缺', 'CQ');
INSERT INTO "public"."tb_bridge_disease"("id", "name", "code") VALUES (91, '表面风化剥落', 'FH');
INSERT INTO "public"."tb_bridge_disease"("id", "name", "code") VALUES (92, '侧墙变形', 'CQ');
INSERT INTO "public"."tb_bridge_disease"("id", "name", "code") VALUES (93, '砌体破损', 'PS');
INSERT INTO "public"."tb_bridge_disease"("id", "name", "code") VALUES (94, '腹拱圈变形', 'FG');
INSERT INTO "public"."tb_bridge_disease"("id", "name", "code") VALUES (95, '表面开裂', 'KL');
INSERT INTO "public"."tb_bridge_disease"("id", "name", "code") VALUES (96, '局部变形', 'JB');
INSERT INTO "public"."tb_bridge_disease"("id", "name", "code") VALUES (97, '其他病害', 'QT');
INSERT INTO "public"."tb_bridge_disease"("id", "name", "code") VALUES (98, '渗水水蚀', 'SS');
INSERT INTO "public"."tb_bridge_disease"("id", "name", "code") VALUES (99, '蜂窝麻面', 'FW');
INSERT INTO "public"."tb_bridge_disease"("id", "name", "code") VALUES (100, '其他病害', 'QT');
SELECT setval('tb_bridge_disease_id_seq',(SELECT MAX(id) FROM tb_bridge_disease));


INSERT INTO "public"."tb_deduction"("id", "component_id", "disease_id", "degress", "lower", "upper", "value", "type", "level_limit") VALUES (1, 1, 1, '<3%', 3, NULL, 5, 3, 0);
INSERT INTO "public"."tb_deduction"("id", "component_id", "disease_id", "degress", "lower", "upper", "value", "type", "level_limit") VALUES (2, 1, 1, '3%~10%', 3, 10, 15, 3, 0);
INSERT INTO "public"."tb_deduction"("id", "component_id", "disease_id", "degress", "lower", "upper", "value", "type", "level_limit") VALUES (3, 1, 1, '>10%', NULL, 10, 40, 3, 0);
INSERT INTO "public"."tb_deduction"("id", "component_id", "disease_id", "degress", "lower", "upper", "value", "type", "level_limit") VALUES (4, 1, 2, '<3%', 3, NULL, 5, 3, 0);
INSERT INTO "public"."tb_deduction"("id", "component_id", "disease_id", "degress", "lower", "upper", "value", "type", "level_limit") VALUES (5, 1, 2, '3%~10%', 3, 10, 15, 3, 0);
INSERT INTO "public"."tb_deduction"("id", "component_id", "disease_id", "degress", "lower", "upper", "value", "type", "level_limit") VALUES (6, 1, 2, '>10%', NULL, 10, 40, 3, 0);
INSERT INTO "public"."tb_deduction"("id", "component_id", "disease_id", "degress", "lower", "upper", "value", "type", "level_limit") VALUES (7, 1, 3, '<3%', 3, NULL, 25, 3, 0);
INSERT INTO "public"."tb_deduction"("id", "component_id", "disease_id", "degress", "lower", "upper", "value", "type", "level_limit") VALUES (8, 1, 3, '3%~5%', 3, 5, 45, 3, 0);
INSERT INTO "public"."tb_deduction"("id", "component_id", "disease_id", "degress", "lower", "upper", "value", "type", "level_limit") VALUES (9, 1, 3, '>5%', NULL, 5, 65, 3, 0);
INSERT INTO "public"."tb_deduction"("id", "component_id", "disease_id", "degress", "lower", "upper", "value", "type", "level_limit") VALUES (10, 1, 4, '<3%', 3, NULL, 40, 3, 0);
INSERT INTO "public"."tb_deduction"("id", "component_id", "disease_id", "degress", "lower", "upper", "value", "type", "level_limit") VALUES (11, 1, 4, '3%~5%', 3, 5, 65, 3, 0);
INSERT INTO "public"."tb_deduction"("id", "component_id", "disease_id", "degress", "lower", "upper", "value", "type", "level_limit") VALUES (12, 1, 4, '>5%', NULL, 5, 80, 3, 0);
INSERT INTO "public"."tb_deduction"("id", "component_id", "disease_id", "degress", "lower", "upper", "value", "type", "level_limit") VALUES (13, 1, 5, NULL, 1, 1, 50, 2, 0);
INSERT INTO "public"."tb_deduction"("id", "component_id", "disease_id", "degress", "lower", "upper", "value", "type", "level_limit") VALUES (14, 1, 5, NULL, 2, 2, 65, 2, 0);
INSERT INTO "public"."tb_deduction"("id", "component_id", "disease_id", "degress", "lower", "upper", "value", "type", "level_limit") VALUES (15, 1, 5, NULL, NULL, 2, 80, 2, 0);
INSERT INTO "public"."tb_deduction"("id", "component_id", "disease_id", "degress", "lower", "upper", "value", "type", "level_limit") VALUES (16, 1, 6, '无', NULL, NULL, 0, 3, 0);
INSERT INTO "public"."tb_deduction"("id", "component_id", "disease_id", "degress", "lower", "upper", "value", "type", "level_limit") VALUES (17, 1, 6, '半贯通', NULL, NULL, 5, 3, 0);
INSERT INTO "public"."tb_deduction"("id", "component_id", "disease_id", "degress", "lower", "upper", "value", "type", "level_limit") VALUES (18, 1, 6, '贯通', NULL, NULL, 15, 3, 0);
INSERT INTO "public"."tb_deduction"("id", "component_id", "disease_id", "degress", "lower", "upper", "value", "type", "level_limit") VALUES (19, 1, NULL, '无', NULL, NULL, 0, 3, 0);
INSERT INTO "public"."tb_deduction"("id", "component_id", "disease_id", "degress", "lower", "upper", "value", "type", "level_limit") VALUES (20, 1, 7, '半贯通', NULL, NULL, 5, 3, 0);
INSERT INTO "public"."tb_deduction"("id", "component_id", "disease_id", "degress", "lower", "upper", "value", "type", "level_limit") VALUES (21, 1, 7, '贯通', NULL, NULL, 15, 3, 0);
INSERT INTO "public"."tb_deduction"("id", "component_id", "disease_id", "degress", "lower", "upper", "value", "type", "level_limit") VALUES (22, 1, 8, '<3%', 3, NULL, 5, 3, 0);
INSERT INTO "public"."tb_deduction"("id", "component_id", "disease_id", "degress", "lower", "upper", "value", "type", "level_limit") VALUES (23, 1, 8, '3%~10%', 3, 10, 15, 3, 0);
INSERT INTO "public"."tb_deduction"("id", "component_id", "disease_id", "degress", "lower", "upper", "value", "type", "level_limit") VALUES (24, 1, 8, '>10%', NULL, 10, 40, 3, 0);
INSERT INTO "public"."tb_deduction"("id", "component_id", "disease_id", "degress", "lower", "upper", "value", "type", "level_limit") VALUES (25, 1, 9, '<3%', 3, NULL, 5, 3, 0);
INSERT INTO "public"."tb_deduction"("id", "component_id", "disease_id", "degress", "lower", "upper", "value", "type", "level_limit") VALUES (26, 1, 9, '3%~10%', 3, 10, 15, 3, 0);
INSERT INTO "public"."tb_deduction"("id", "component_id", "disease_id", "degress", "lower", "upper", "value", "type", "level_limit") VALUES (27, 1, 9, '>10%', NULL, 10, 40, 3, 0);
INSERT INTO "public"."tb_deduction"("id", "component_id", "disease_id", "degress", "lower", "upper", "value", "type", "level_limit") VALUES (28, 1, 10, '足够', NULL, NULL, 0, 3, 0);
INSERT INTO "public"."tb_deduction"("id", "component_id", "disease_id", "degress", "lower", "upper", "value", "type", "level_limit") VALUES (29, 1, 10, '临界', NULL, NULL, 40, 3, 0);
INSERT INTO "public"."tb_deduction"("id", "component_id", "disease_id", "degress", "lower", "upper", "value", "type", "level_limit") VALUES (30, 1, 10, '不足', NULL, NULL, 80, 3, 1);
INSERT INTO "public"."tb_deduction"("id", "component_id", "disease_id", "degress", "lower", "upper", "value", "type", "level_limit") VALUES (31, 2, 11, '无', NULL, NULL, 0, 3, 0);
INSERT INTO "public"."tb_deduction"("id", "component_id", "disease_id", "degress", "lower", "upper", "value", "type", "level_limit") VALUES (32, 2, 11, '轻微', NULL, NULL, 15, 3, 0);
INSERT INTO "public"."tb_deduction"("id", "component_id", "disease_id", "degress", "lower", "upper", "value", "type", "level_limit") VALUES (33, 2, 11, '明显', NULL, NULL, 40, 3, 0);
INSERT INTO "public"."tb_deduction"("id", "component_id", "disease_id", "degress", "lower", "upper", "value", "type", "level_limit") VALUES (34, 2, 12, '<2cm', 2, NULL, 15, 2, 0);
INSERT INTO "public"."tb_deduction"("id", "component_id", "disease_id", "degress", "lower", "upper", "value", "type", "level_limit") VALUES (35, 2, 12, '2cm~5cm', 2, 5, 40, 2, 0);
INSERT INTO "public"."tb_deduction"("id", "component_id", "disease_id", "degress", "lower", "upper", "value", "type", "level_limit") VALUES (36, 2, 12, '>5cm', NULL, 5, 80, 2, 0);
INSERT INTO "public"."tb_deduction"("id", "component_id", "disease_id", "degress", "lower", "upper", "value", "type", "level_limit") VALUES (37, 3, 13, NULL, 0, 0, 0, 2, 0);
INSERT INTO "public"."tb_deduction"("id", "component_id", "disease_id", "degress", "lower", "upper", "value", "type", "level_limit") VALUES (38, 3, 13, NULL, 1, 5, 15, 2, 0);
INSERT INTO "public"."tb_deduction"("id", "component_id", "disease_id", "degress", "lower", "upper", "value", "type", "level_limit") VALUES (39, 3, 13, NULL, NULL, 4, 40, 2, 0);
INSERT INTO "public"."tb_deduction"("id", "component_id", "disease_id", "degress", "lower", "upper", "value", "type", "level_limit") VALUES (40, 3, 14, '无', NULL, NULL, 0, 3, 0);
INSERT INTO "public"."tb_deduction"("id", "component_id", "disease_id", "degress", "lower", "upper", "value", "type", "level_limit") VALUES (41, 3, 14, '少量', NULL, NULL, 5, 3, 0);
INSERT INTO "public"."tb_deduction"("id", "component_id", "disease_id", "degress", "lower", "upper", "value", "type", "level_limit") VALUES (42, 3, 14, '严重', NULL, NULL, 15, 3, 0);
INSERT INTO "public"."tb_deduction"("id", "component_id", "disease_id", "degress", "lower", "upper", "value", "type", "level_limit") VALUES (43, 3, 15, '无', NULL, NULL, 0, 3, 0);
INSERT INTO "public"."tb_deduction"("id", "component_id", "disease_id", "degress", "lower", "upper", "value", "type", "level_limit") VALUES (44, 3, 15, '轻微', NULL, NULL, 15, 3, 0);
INSERT INTO "public"."tb_deduction"("id", "component_id", "disease_id", "degress", "lower", "upper", "value", "type", "level_limit") VALUES (45, 3, 15, '严重', NULL, NULL, 40, 3, 0);
INSERT INTO "public"."tb_deduction"("id", "component_id", "disease_id", "degress", "lower", "upper", "value", "type", "level_limit") VALUES (46, 3, 16, '无', NULL, NULL, 0, 3, 0);
INSERT INTO "public"."tb_deduction"("id", "component_id", "disease_id", "degress", "lower", "upper", "value", "type", "level_limit") VALUES (47, 3, 16, '轻微', NULL, NULL, 40, 3, 0);
INSERT INTO "public"."tb_deduction"("id", "component_id", "disease_id", "degress", "lower", "upper", "value", "type", "level_limit") VALUES (48, 3, 16, '严重', NULL, NULL, 65, 3, 0);
INSERT INTO "public"."tb_deduction"("id", "component_id", "disease_id", "degress", "lower", "upper", "value", "type", "level_limit") VALUES (49, 3, 17, '无', NULL, NULL, 0, 3, 0);
INSERT INTO "public"."tb_deduction"("id", "component_id", "disease_id", "degress", "lower", "upper", "value", "type", "level_limit") VALUES (50, 3, 17, '轻微', NULL, NULL, 40, 3, 0);
INSERT INTO "public"."tb_deduction"("id", "component_id", "disease_id", "degress", "lower", "upper", "value", "type", "level_limit") VALUES (51, 3, 17, '严重', NULL, NULL, 65, 3, 0);
INSERT INTO "public"."tb_deduction"("id", "component_id", "disease_id", "degress", "lower", "upper", "value", "type", "level_limit") VALUES (52, 3, 18, '无', NULL, NULL, 0, 3, 0);
INSERT INTO "public"."tb_deduction"("id", "component_id", "disease_id", "degress", "lower", "upper", "value", "type", "level_limit") VALUES (53, 3, 18, '轻微', NULL, NULL, 5, 3, 0);
INSERT INTO "public"."tb_deduction"("id", "component_id", "disease_id", "degress", "lower", "upper", "value", "type", "level_limit") VALUES (54, 3, 18, '明显', NULL, NULL, 15, 3, 0);
INSERT INTO "public"."tb_deduction"("id", "component_id", "disease_id", "degress", "lower", "upper", "value", "type", "level_limit") VALUES (55, 3, 19, '无', NULL, NULL, 0, 3, 0);
INSERT INTO "public"."tb_deduction"("id", "component_id", "disease_id", "degress", "lower", "upper", "value", "type", "level_limit") VALUES (56, 3, 19, '轻微', NULL, NULL, 5, 3, 0);
INSERT INTO "public"."tb_deduction"("id", "component_id", "disease_id", "degress", "lower", "upper", "value", "type", "level_limit") VALUES (57, 3, 19, '严重', NULL, NULL, 15, 3, 0);
INSERT INTO "public"."tb_deduction"("id", "component_id", "disease_id", "degress", "lower", "upper", "value", "type", "level_limit") VALUES (58, 3, 20, '正常', NULL, NULL, 0, 3, 0);
INSERT INTO "public"."tb_deduction"("id", "component_id", "disease_id", "degress", "lower", "upper", "value", "type", "level_limit") VALUES (59, 3, 20, '略有变化', NULL, NULL, 15, 3, 0);
INSERT INTO "public"."tb_deduction"("id", "component_id", "disease_id", "degress", "lower", "upper", "value", "type", "level_limit") VALUES (60, 3, 20, '卡死', NULL, NULL, 65, 3, 0);
INSERT INTO "public"."tb_deduction"("id", "component_id", "disease_id", "degress", "lower", "upper", "value", "type", "level_limit") VALUES (61, 3, 21, '无', NULL, NULL, 0, 3, 0);
INSERT INTO "public"."tb_deduction"("id", "component_id", "disease_id", "degress", "lower", "upper", "value", "type", "level_limit") VALUES (62, 3, 21, '轻微', NULL, NULL, 10, 3, 0);
INSERT INTO "public"."tb_deduction"("id", "component_id", "disease_id", "degress", "lower", "upper", "value", "type", "level_limit") VALUES (63, 3, 21, '严重', NULL, NULL, 30, 3, 0);
INSERT INTO "public"."tb_deduction"("id", "component_id", "disease_id", "degress", "lower", "upper", "value", "type", "level_limit") VALUES (64, 4, 22, '<5%', 5, NULL, 10, 3, 0);
INSERT INTO "public"."tb_deduction"("id", "component_id", "disease_id", "degress", "lower", "upper", "value", "type", "level_limit") VALUES (65, 4, 22, '5%~20%', 5, 20, 40, 3, 0);
INSERT INTO "public"."tb_deduction"("id", "component_id", "disease_id", "degress", "lower", "upper", "value", "type", "level_limit") VALUES (66, 4, 22, '>20%', NULL, 20, 80, 3, 0);
INSERT INTO "public"."tb_deduction"("id", "component_id", "disease_id", "degress", "lower", "upper", "value", "type", "level_limit") VALUES (67, 4, 23, '<5%', 5, NULL, 10, 3, 0);
INSERT INTO "public"."tb_deduction"("id", "component_id", "disease_id", "degress", "lower", "upper", "value", "type", "level_limit") VALUES (68, 4, 23, '5%~20%', 5, 20, 20, 3, 0);
INSERT INTO "public"."tb_deduction"("id", "component_id", "disease_id", "degress", "lower", "upper", "value", "type", "level_limit") VALUES (69, 4, 23, '>20%', NULL, 20, 40, 3, 0);
INSERT INTO "public"."tb_deduction"("id", "component_id", "disease_id", "degress", "lower", "upper", "value", "type", "level_limit") VALUES (70, 4, 24, '无', NULL, NULL, 0, 3, 0);
INSERT INTO "public"."tb_deduction"("id", "component_id", "disease_id", "degress", "lower", "upper", "value", "type", "level_limit") VALUES (71, 4, 24, '个别处', NULL, NULL, 45, 3, 0);
INSERT INTO "public"."tb_deduction"("id", "component_id", "disease_id", "degress", "lower", "upper", "value", "type", "level_limit") VALUES (72, 4, 24, '多处', NULL, NULL, 65, 3, 0);
INSERT INTO "public"."tb_deduction"("id", "component_id", "disease_id", "degress", "lower", "upper", "value", "type", "level_limit") VALUES (73, 4, 25, '完好', NULL, NULL, 0, 3, 0);
INSERT INTO "public"."tb_deduction"("id", "component_id", "disease_id", "degress", "lower", "upper", "value", "type", "level_limit") VALUES (74, 4, 25, '渗水', NULL, NULL, 30, 3, 0);
INSERT INTO "public"."tb_deduction"("id", "component_id", "disease_id", "degress", "lower", "upper", "value", "type", "level_limit") VALUES (75, 4, 25, '老化', NULL, NULL, 65, 3, 0);
INSERT INTO "public"."tb_deduction"("id", "component_id", "disease_id", "degress", "lower", "upper", "value", "type", "level_limit") VALUES (76, 5, 26, '<10%', 10, NULL, 15, 3, 0);
INSERT INTO "public"."tb_deduction"("id", "component_id", "disease_id", "degress", "lower", "upper", "value", "type", "level_limit") VALUES (77, 5, 26, '10%~20%', 10, 20, 30, 3, 0);
INSERT INTO "public"."tb_deduction"("id", "component_id", "disease_id", "degress", "lower", "upper", "value", "type", "level_limit") VALUES (78, 5, 26, '>20%', NULL, 20, 50, 3, 0);
INSERT INTO "public"."tb_deduction"("id", "component_id", "disease_id", "degress", "lower", "upper", "value", "type", "level_limit") VALUES (79, 5, 27, '<5%', 5, NULL, 15, 3, 0);
INSERT INTO "public"."tb_deduction"("id", "component_id", "disease_id", "degress", "lower", "upper", "value", "type", "level_limit") VALUES (80, 5, 27, '5~10%', 5, 10, 25, 3, 0);
INSERT INTO "public"."tb_deduction"("id", "component_id", "disease_id", "degress", "lower", "upper", "value", "type", "level_limit") VALUES (81, 5, 27, '>10%', NULL, 10, 40, 3, 0);
INSERT INTO "public"."tb_deduction"("id", "component_id", "disease_id", "degress", "lower", "upper", "value", "type", "level_limit") VALUES (82, 5, 28, '<5%', 5, NULL, 15, 3, 0);
INSERT INTO "public"."tb_deduction"("id", "component_id", "disease_id", "degress", "lower", "upper", "value", "type", "level_limit") VALUES (83, 5, 28, '5%~10%', 5, 10, 30, 3, 0);
INSERT INTO "public"."tb_deduction"("id", "component_id", "disease_id", "degress", "lower", "upper", "value", "type", "level_limit") VALUES (84, 5, 28, '>10%', NULL, 10, 50, 3, 0);
INSERT INTO "public"."tb_deduction"("id", "component_id", "disease_id", "degress", "lower", "upper", "value", "type", "level_limit") VALUES (85, 6, 29, '<5%', 5, NULL, 10, 3, 0);
INSERT INTO "public"."tb_deduction"("id", "component_id", "disease_id", "degress", "lower", "upper", "value", "type", "level_limit") VALUES (86, 6, 29, '5%~20%', 5, 20, 20, 3, 0);
INSERT INTO "public"."tb_deduction"("id", "component_id", "disease_id", "degress", "lower", "upper", "value", "type", "level_limit") VALUES (87, 6, 29, '>20%', NULL, 20, 40, 3, 0);
INSERT INTO "public"."tb_deduction"("id", "component_id", "disease_id", "degress", "lower", "upper", "value", "type", "level_limit") VALUES (88, 6, 30, '轻微', NULL, NULL, 10, 3, 0);
INSERT INTO "public"."tb_deduction"("id", "component_id", "disease_id", "degress", "lower", "upper", "value", "type", "level_limit") VALUES (89, 6, 30, '中等', NULL, NULL, 30, 3, 0);
INSERT INTO "public"."tb_deduction"("id", "component_id", "disease_id", "degress", "lower", "upper", "value", "type", "level_limit") VALUES (90, 6, 30, '严重', NULL, NULL, 80, 3, 1);
INSERT INTO "public"."tb_deduction"("id", "component_id", "disease_id", "degress", "lower", "upper", "value", "type", "level_limit") VALUES (91, 6, 31, '轻微', NULL, NULL, 10, 3, 0);
INSERT INTO "public"."tb_deduction"("id", "component_id", "disease_id", "degress", "lower", "upper", "value", "type", "level_limit") VALUES (92, 6, 31, '中等', NULL, NULL, 30, 3, 0);
INSERT INTO "public"."tb_deduction"("id", "component_id", "disease_id", "degress", "lower", "upper", "value", "type", "level_limit") VALUES (93, 6, 31, '严重', NULL, NULL, 80, 3, 1);
INSERT INTO "public"."tb_deduction"("id", "component_id", "disease_id", "degress", "lower", "upper", "value", "type", "level_limit") VALUES (95, 29, 32, '<30%', 30, NULL, 15, 3, 0);
INSERT INTO "public"."tb_deduction"("id", "component_id", "disease_id", "degress", "lower", "upper", "value", "type", "level_limit") VALUES (96, 29, 32, '>30%', NULL, 30, 30, 3, 0);
INSERT INTO "public"."tb_deduction"("id", "component_id", "disease_id", "degress", "lower", "upper", "value", "type", "level_limit") VALUES (97, 29, 33, '<10%', 10, NULL, 20, 3, 0);
INSERT INTO "public"."tb_deduction"("id", "component_id", "disease_id", "degress", "lower", "upper", "value", "type", "level_limit") VALUES (98, 29, 33, '>10%', NULL, 10, 40, 3, 0);
INSERT INTO "public"."tb_deduction"("id", "component_id", "disease_id", "degress", "lower", "upper", "value", "type", "level_limit") VALUES (99, 29, 34, '<10%', 10, NULL, 25, 3, 0);
INSERT INTO "public"."tb_deduction"("id", "component_id", "disease_id", "degress", "lower", "upper", "value", "type", "level_limit") VALUES (100, 29, 34, '>10%', NULL, 10, 45, 3, 0);
INSERT INTO "public"."tb_deduction"("id", "component_id", "disease_id", "degress", "lower", "upper", "value", "type", "level_limit") VALUES (101, 29, 35, '<5%', 5, NULL, 30, 3, 0);
INSERT INTO "public"."tb_deduction"("id", "component_id", "disease_id", "degress", "lower", "upper", "value", "type", "level_limit") VALUES (102, 29, 35, '5%~10%', 5, 10, 60, 3, 0);
INSERT INTO "public"."tb_deduction"("id", "component_id", "disease_id", "degress", "lower", "upper", "value", "type", "level_limit") VALUES (134, 29, 35, '>10%', NULL, 10, 80, 3, 1);
INSERT INTO "public"."tb_deduction"("id", "component_id", "disease_id", "degress", "lower", "upper", "value", "type", "level_limit") VALUES (135, 29, 36, '局部', NULL, NULL, 25, 3, 0);
INSERT INTO "public"."tb_deduction"("id", "component_id", "disease_id", "degress", "lower", "upper", "value", "type", "level_limit") VALUES (136, 29, 36, '大量', NULL, NULL, 80, 3, 1);
INSERT INTO "public"."tb_deduction"("id", "component_id", "disease_id", "degress", "lower", "upper", "value", "type", "level_limit") VALUES (137, 29, 37, '少量', NULL, NULL, 15, 3, 0);
INSERT INTO "public"."tb_deduction"("id", "component_id", "disease_id", "degress", "lower", "upper", "value", "type", "level_limit") VALUES (138, 29, 37, '严重', NULL, NULL, 80, 3, 1);
INSERT INTO "public"."tb_deduction"("id", "component_id", "disease_id", "degress", "lower", "upper", "value", "type", "level_limit") VALUES (139, 29, 38, '少量', NULL, NULL, 65, 3, 0);
INSERT INTO "public"."tb_deduction"("id", "component_id", "disease_id", "degress", "lower", "upper", "value", "type", "level_limit") VALUES (140, 29, 38, '严重', NULL, NULL, 80, 3, 1);
INSERT INTO "public"."tb_deduction"("id", "component_id", "disease_id", "degress", "lower", "upper", "value", "type", "level_limit") VALUES (141, 29, 39, '<20%', 20, NULL, 40, 3, 0);
INSERT INTO "public"."tb_deduction"("id", "component_id", "disease_id", "degress", "lower", "upper", "value", "type", "level_limit") VALUES (142, 29, 39, '>20%', NULL, 20, 80, 3, 1);
INSERT INTO "public"."tb_deduction"("id", "component_id", "disease_id", "degress", "lower", "upper", "value", "type", "level_limit") VALUES (143, 29, 40, '少量', NULL, NULL, 20, 3, 0);
INSERT INTO "public"."tb_deduction"("id", "component_id", "disease_id", "degress", "lower", "upper", "value", "type", "level_limit") VALUES (144, 29, 40, '大量', NULL, NULL, 80, 3, 1);
INSERT INTO "public"."tb_deduction"("id", "component_id", "disease_id", "degress", "lower", "upper", "value", "type", "level_limit") VALUES (145, 29, 41, '轻微', NULL, NULL, 15, 3, 0);
INSERT INTO "public"."tb_deduction"("id", "component_id", "disease_id", "degress", "lower", "upper", "value", "type", "level_limit") VALUES (146, 29, 41, '明显', NULL, NULL, 40, 3, 0);
INSERT INTO "public"."tb_deduction"("id", "component_id", "disease_id", "degress", "lower", "upper", "value", "type", "level_limit") VALUES (147, 29, 41, '严重', NULL, NULL, 80, 3, 1);
INSERT INTO "public"."tb_deduction"("id", "component_id", "disease_id", "degress", "lower", "upper", "value", "type", "level_limit") VALUES (172, 30, 42, '<3%', 3, NULL, 10, 3, 0);
INSERT INTO "public"."tb_deduction"("id", "component_id", "disease_id", "degress", "lower", "upper", "value", "type", "level_limit") VALUES (173, 30, 42, '3%~10%', 3, 10, 25, 3, 0);
INSERT INTO "public"."tb_deduction"("id", "component_id", "disease_id", "degress", "lower", "upper", "value", "type", "level_limit") VALUES (174, 30, 42, '>10%', NULL, 10, 40, 3, 0);
INSERT INTO "public"."tb_deduction"("id", "component_id", "disease_id", "degress", "lower", "upper", "value", "type", "level_limit") VALUES (175, 30, 43, '<1%', 1, NULL, 15, 3, 0);
INSERT INTO "public"."tb_deduction"("id", "component_id", "disease_id", "degress", "lower", "upper", "value", "type", "level_limit") VALUES (176, 30, 43, '1%~2%', 1, 2, 30, 3, 0);
INSERT INTO "public"."tb_deduction"("id", "component_id", "disease_id", "degress", "lower", "upper", "value", "type", "level_limit") VALUES (177, 30, 43, '>2%', NULL, 2, 45, 3, 0);
INSERT INTO "public"."tb_deduction"("id", "component_id", "disease_id", "degress", "lower", "upper", "value", "type", "level_limit") VALUES (205, 30, 29, '<1%', 1, NULL, 20, 3, 0);
INSERT INTO "public"."tb_deduction"("id", "component_id", "disease_id", "degress", "lower", "upper", "value", "type", "level_limit") VALUES (206, 30, 29, '1%~2%', 1, 2, 40, 3, 0);
INSERT INTO "public"."tb_deduction"("id", "component_id", "disease_id", "degress", "lower", "upper", "value", "type", "level_limit") VALUES (207, 30, 29, '>2%', NULL, 2, 80, 3, 1);
INSERT INTO "public"."tb_deduction"("id", "component_id", "disease_id", "degress", "lower", "upper", "value", "type", "level_limit") VALUES (238, 30, 44, '轻微', NULL, NULL, 40, 3, 0);
INSERT INTO "public"."tb_deduction"("id", "component_id", "disease_id", "degress", "lower", "upper", "value", "type", "level_limit") VALUES (239, 30, 44, '明显', NULL, NULL, 80, 3, 1);
INSERT INTO "public"."tb_deduction"("id", "component_id", "disease_id", "degress", "lower", "upper", "value", "type", "level_limit") VALUES (240, 30, 45, '明显', NULL, NULL, 35, 3, 0);
INSERT INTO "public"."tb_deduction"("id", "component_id", "disease_id", "degress", "lower", "upper", "value", "type", "level_limit") VALUES (241, 30, 45, '严重', NULL, NULL, 80, 3, 1);
INSERT INTO "public"."tb_deduction"("id", "component_id", "disease_id", "degress", "lower", "upper", "value", "type", "level_limit") VALUES (242, 30, 46, '轻微', NULL, NULL, 15, 3, 0);
INSERT INTO "public"."tb_deduction"("id", "component_id", "disease_id", "degress", "lower", "upper", "value", "type", "level_limit") VALUES (243, 30, 46, '严重', NULL, NULL, 40, 3, 0);
INSERT INTO "public"."tb_deduction"("id", "component_id", "disease_id", "degress", "lower", "upper", "value", "type", "level_limit") VALUES (244, 30, 6, '半贯通', NULL, NULL, 25, 3, 0);
INSERT INTO "public"."tb_deduction"("id", "component_id", "disease_id", "degress", "lower", "upper", "value", "type", "level_limit") VALUES (245, 30, 6, '贯通', NULL, NULL, 30, 3, 0);
INSERT INTO "public"."tb_deduction"("id", "component_id", "disease_id", "degress", "lower", "upper", "value", "type", "level_limit") VALUES (246, 30, 47, '明显', NULL, NULL, 40, 3, 0);
INSERT INTO "public"."tb_deduction"("id", "component_id", "disease_id", "degress", "lower", "upper", "value", "type", "level_limit") VALUES (247, 30, 47, '严重', NULL, NULL, 80, 3, 1);
INSERT INTO "public"."tb_deduction"("id", "component_id", "disease_id", "degress", "lower", "upper", "value", "type", "level_limit") VALUES (248, 8, 7, '非贯通', NULL, NULL, 25, 3, 0);
INSERT INTO "public"."tb_deduction"("id", "component_id", "disease_id", "degress", "lower", "upper", "value", "type", "level_limit") VALUES (249, 8, 7, '贯通', NULL, NULL, 45, 3, 0);
INSERT INTO "public"."tb_deduction"("id", "component_id", "disease_id", "degress", "lower", "upper", "value", "type", "level_limit") VALUES (250, 8, 48, '<5%', 5, NULL, 10, 3, 0);
INSERT INTO "public"."tb_deduction"("id", "component_id", "disease_id", "degress", "lower", "upper", "value", "type", "level_limit") VALUES (251, 8, 48, '5%~10%', 5, 10, 15, 3, 0);
INSERT INTO "public"."tb_deduction"("id", "component_id", "disease_id", "degress", "lower", "upper", "value", "type", "level_limit") VALUES (252, 8, 48, '>10%', NULL, 10, 30, 3, 0);
INSERT INTO "public"."tb_deduction"("id", "component_id", "disease_id", "degress", "lower", "upper", "value", "type", "level_limit") VALUES (253, 8, 49, '<5%', 5, NULL, 15, 3, 0);
INSERT INTO "public"."tb_deduction"("id", "component_id", "disease_id", "degress", "lower", "upper", "value", "type", "level_limit") VALUES (254, 8, 49, '5%~10%', 5, 10, 30, 3, 0);
INSERT INTO "public"."tb_deduction"("id", "component_id", "disease_id", "degress", "lower", "upper", "value", "type", "level_limit") VALUES (255, 8, 49, '>10%', NULL, 10, 55, 3, 0);
INSERT INTO "public"."tb_deduction"("id", "component_id", "disease_id", "degress", "lower", "upper", "value", "type", "level_limit") VALUES (256, 8, 50, '<10%', 10, NULL, 15, 3, 0);
INSERT INTO "public"."tb_deduction"("id", "component_id", "disease_id", "degress", "lower", "upper", "value", "type", "level_limit") VALUES (257, 8, 50, '10%~20%', 10, 20, 25, 3, 0);
INSERT INTO "public"."tb_deduction"("id", "component_id", "disease_id", "degress", "lower", "upper", "value", "type", "level_limit") VALUES (258, 8, 50, '>20%', NULL, 20, 35, 3, 0);
INSERT INTO "public"."tb_deduction"("id", "component_id", "disease_id", "degress", "lower", "upper", "value", "type", "level_limit") VALUES (259, 8, 51, '<5%', 5, NULL, 10, 3, 0);
INSERT INTO "public"."tb_deduction"("id", "component_id", "disease_id", "degress", "lower", "upper", "value", "type", "level_limit") VALUES (260, 8, 51, '5%~10%', 5, 10, 20, 3, 0);
INSERT INTO "public"."tb_deduction"("id", "component_id", "disease_id", "degress", "lower", "upper", "value", "type", "level_limit") VALUES (261, 8, 51, '>10%', NULL, 10, 30, 3, 0);
INSERT INTO "public"."tb_deduction"("id", "component_id", "disease_id", "degress", "lower", "upper", "value", "type", "level_limit") VALUES (262, 8, 52, '轻微', NULL, NULL, 30, 3, 0);
INSERT INTO "public"."tb_deduction"("id", "component_id", "disease_id", "degress", "lower", "upper", "value", "type", "level_limit") VALUES (263, 8, 52, '严重', NULL, NULL, 80, 3, 1);
INSERT INTO "public"."tb_deduction"("id", "component_id", "disease_id", "degress", "lower", "upper", "value", "type", "level_limit") VALUES (283, 31, 76, '<10%', 10, NULL, 15, 3, 0);
INSERT INTO "public"."tb_deduction"("id", "component_id", "disease_id", "degress", "lower", "upper", "value", "type", "level_limit") VALUES (284, 31, 76, '10%~20%', 10, 20, 25, 3, 0);
INSERT INTO "public"."tb_deduction"("id", "component_id", "disease_id", "degress", "lower", "upper", "value", "type", "level_limit") VALUES (285, 31, 76, '>20%', NULL, 20, 35, 3, 0);
INSERT INTO "public"."tb_deduction"("id", "component_id", "disease_id", "degress", "lower", "upper", "value", "type", "level_limit") VALUES (286, 31, 77, '<10%', 10, NULL, 10, 3, 0);
INSERT INTO "public"."tb_deduction"("id", "component_id", "disease_id", "degress", "lower", "upper", "value", "type", "level_limit") VALUES (287, 31, 77, '10%~20%', 10, 20, 20, 3, 0);
INSERT INTO "public"."tb_deduction"("id", "component_id", "disease_id", "degress", "lower", "upper", "value", "type", "level_limit") VALUES (288, 31, 77, '>20%', NULL, 20, 30, 3, 0);
INSERT INTO "public"."tb_deduction"("id", "component_id", "disease_id", "degress", "lower", "upper", "value", "type", "level_limit") VALUES (289, 31, 78, '<5%', 5, NULL, 15, 3, 0);
INSERT INTO "public"."tb_deduction"("id", "component_id", "disease_id", "degress", "lower", "upper", "value", "type", "level_limit") VALUES (290, 31, 78, '5%~10%', 5, 10, 25, 3, 0);
INSERT INTO "public"."tb_deduction"("id", "component_id", "disease_id", "degress", "lower", "upper", "value", "type", "level_limit") VALUES (291, 31, 78, '>10%', NULL, 10, 35, 3, 0);
INSERT INTO "public"."tb_deduction"("id", "component_id", "disease_id", "degress", "lower", "upper", "value", "type", "level_limit") VALUES (292, 31, 79, '<5%', 5, NULL, 20, 3, 0);
INSERT INTO "public"."tb_deduction"("id", "component_id", "disease_id", "degress", "lower", "upper", "value", "type", "level_limit") VALUES (293, 31, 79, '5%~10%', 5, 10, 30, 3, 0);
INSERT INTO "public"."tb_deduction"("id", "component_id", "disease_id", "degress", "lower", "upper", "value", "type", "level_limit") VALUES (294, 31, 79, '>10%', NULL, 10, 50, 3, 0);
INSERT INTO "public"."tb_deduction"("id", "component_id", "disease_id", "degress", "lower", "upper", "value", "type", "level_limit") VALUES (295, 31, 7, '非贯通', NULL, NULL, 25, 3, 0);
INSERT INTO "public"."tb_deduction"("id", "component_id", "disease_id", "degress", "lower", "upper", "value", "type", "level_limit") VALUES (296, 31, 7, '贯通', NULL, NULL, 45, 3, 0);
INSERT INTO "public"."tb_deduction"("id", "component_id", "disease_id", "degress", "lower", "upper", "value", "type", "level_limit") VALUES (297, 31, 73, '剥离', NULL, NULL, 25, 3, 0);
INSERT INTO "public"."tb_deduction"("id", "component_id", "disease_id", "degress", "lower", "upper", "value", "type", "level_limit") VALUES (298, 31, 73, '锈蚀', NULL, NULL, 60, 3, 0);
INSERT INTO "public"."tb_deduction"("id", "component_id", "disease_id", "degress", "lower", "upper", "value", "type", "level_limit") VALUES (299, 31, 74, '轻微', NULL, NULL, 15, 3, 0);
INSERT INTO "public"."tb_deduction"("id", "component_id", "disease_id", "degress", "lower", "upper", "value", "type", "level_limit") VALUES (300, 31, 74, '严重', NULL, NULL, 25, 3, 0);
INSERT INTO "public"."tb_deduction"("id", "component_id", "disease_id", "degress", "lower", "upper", "value", "type", "level_limit") VALUES (301, 31, 75, '完好', NULL, NULL, 0, 3, 0);
INSERT INTO "public"."tb_deduction"("id", "component_id", "disease_id", "degress", "lower", "upper", "value", "type", "level_limit") VALUES (302, 31, 75, '锈蚀', NULL, NULL, 20, 3, 0);
INSERT INTO "public"."tb_deduction"("id", "component_id", "disease_id", "degress", "lower", "upper", "value", "type", "level_limit") VALUES (303, 31, 75, '锈蚀且削弱截面', NULL, NULL, 40, 3, 0);
INSERT INTO "public"."tb_deduction"("id", "component_id", "disease_id", "degress", "lower", "upper", "value", "type", "level_limit") VALUES (304, 18, 6, '半贯通', NULL, NULL, 25, 3, 0);
INSERT INTO "public"."tb_deduction"("id", "component_id", "disease_id", "degress", "lower", "upper", "value", "type", "level_limit") VALUES (305, 18, 6, '贯通', NULL, NULL, 30, 3, 0);
INSERT INTO "public"."tb_deduction"("id", "component_id", "disease_id", "degress", "lower", "upper", "value", "type", "level_limit") VALUES (306, 18, 80, '轻微', NULL, NULL, 40, 3, 0);
INSERT INTO "public"."tb_deduction"("id", "component_id", "disease_id", "degress", "lower", "upper", "value", "type", "level_limit") VALUES (307, 18, 80, '严重', NULL, NULL, 60, 3, 0);
INSERT INTO "public"."tb_deduction"("id", "component_id", "disease_id", "degress", "lower", "upper", "value", "type", "level_limit") VALUES (308, 18, 81, '少量', NULL, NULL, 15, 3, 0);
INSERT INTO "public"."tb_deduction"("id", "component_id", "disease_id", "degress", "lower", "upper", "value", "type", "level_limit") VALUES (309, 18, 81, '大量', NULL, NULL, 25, 3, 0);
INSERT INTO "public"."tb_deduction"("id", "component_id", "disease_id", "degress", "lower", "upper", "value", "type", "level_limit") VALUES (320, 22, 54, '无', NULL, NULL, 0, 3, 0);
INSERT INTO "public"."tb_deduction"("id", "component_id", "disease_id", "degress", "lower", "upper", "value", "type", "level_limit") VALUES (337, 18, 82, '少量', NULL, NULL, 30, 3, 0);
INSERT INTO "public"."tb_deduction"("id", "component_id", "disease_id", "degress", "lower", "upper", "value", "type", "level_limit") VALUES (338, 18, 82, '大量', NULL, NULL, 50, 3, 0);
INSERT INTO "public"."tb_deduction"("id", "component_id", "disease_id", "degress", "lower", "upper", "value", "type", "level_limit") VALUES (339, 18, 83, '少量', NULL, NULL, 15, 3, 0);
INSERT INTO "public"."tb_deduction"("id", "component_id", "disease_id", "degress", "lower", "upper", "value", "type", "level_limit") VALUES (340, 18, 83, '大量', NULL, NULL, 30, 3, 0);
INSERT INTO "public"."tb_deduction"("id", "component_id", "disease_id", "degress", "lower", "upper", "value", "type", "level_limit") VALUES (341, 18, 84, '轻微', NULL, NULL, 15, 3, 0);
INSERT INTO "public"."tb_deduction"("id", "component_id", "disease_id", "degress", "lower", "upper", "value", "type", "level_limit") VALUES (342, 18, 84, '严重', NULL, NULL, 40, 3, 0);
INSERT INTO "public"."tb_deduction"("id", "component_id", "disease_id", "degress", "lower", "upper", "value", "type", "level_limit") VALUES (343, 18, 85, '<3%', 3, NULL, 10, 3, 0);
INSERT INTO "public"."tb_deduction"("id", "component_id", "disease_id", "degress", "lower", "upper", "value", "type", "level_limit") VALUES (344, 18, 85, '3%~10%', 3, 10, 30, 3, 0);
INSERT INTO "public"."tb_deduction"("id", "component_id", "disease_id", "degress", "lower", "upper", "value", "type", "level_limit") VALUES (345, 18, 85, '>10%', NULL, 10, 65, 3, 0);
INSERT INTO "public"."tb_deduction"("id", "component_id", "disease_id", "degress", "lower", "upper", "value", "type", "level_limit") VALUES (346, 18, 86, '轻微', NULL, NULL, 20, 3, 0);
INSERT INTO "public"."tb_deduction"("id", "component_id", "disease_id", "degress", "lower", "upper", "value", "type", "level_limit") VALUES (347, 18, 86, '严重', NULL, NULL, 50, 3, 0);
INSERT INTO "public"."tb_deduction"("id", "component_id", "disease_id", "degress", "lower", "upper", "value", "type", "level_limit") VALUES (348, 18, 45, '明显', NULL, NULL, 35, 3, 0);
INSERT INTO "public"."tb_deduction"("id", "component_id", "disease_id", "degress", "lower", "upper", "value", "type", "level_limit") VALUES (349, 18, 45, '严重', NULL, NULL, 60, 3, 0);
INSERT INTO "public"."tb_deduction"("id", "component_id", "disease_id", "degress", "lower", "upper", "value", "type", "level_limit") VALUES (350, 18, 43, '轻微', NULL, NULL, 30, 3, 0);
INSERT INTO "public"."tb_deduction"("id", "component_id", "disease_id", "degress", "lower", "upper", "value", "type", "level_limit") VALUES (351, 18, 43, '严重', NULL, NULL, 45, 3, 0);
INSERT INTO "public"."tb_deduction"("id", "component_id", "disease_id", "degress", "lower", "upper", "value", "type", "level_limit") VALUES (352, 18, 29, '轻微', NULL, NULL, 35, 3, 0);
INSERT INTO "public"."tb_deduction"("id", "component_id", "disease_id", "degress", "lower", "upper", "value", "type", "level_limit") VALUES (353, 18, 29, '严重', NULL, NULL, 70, 3, 0);
INSERT INTO "public"."tb_deduction"("id", "component_id", "disease_id", "degress", "lower", "upper", "value", "type", "level_limit") VALUES (354, 18, 87, '<5%', 1, NULL, 10, 3, 0);
INSERT INTO "public"."tb_deduction"("id", "component_id", "disease_id", "degress", "lower", "upper", "value", "type", "level_limit") VALUES (355, 18, 87, '5%~10%', 1, 10, 30, 3, 0);
INSERT INTO "public"."tb_deduction"("id", "component_id", "disease_id", "degress", "lower", "upper", "value", "type", "level_limit") VALUES (374, 18, 87, '>10%', NULL, 10, 65, 3, 0);
INSERT INTO "public"."tb_deduction"("id", "component_id", "disease_id", "degress", "lower", "upper", "value", "type", "level_limit") VALUES (375, 18, 46, '轻微', NULL, NULL, 15, 3, 0);
INSERT INTO "public"."tb_deduction"("id", "component_id", "disease_id", "degress", "lower", "upper", "value", "type", "level_limit") VALUES (376, 18, 46, '严重', NULL, NULL, 40, 3, 0);
INSERT INTO "public"."tb_deduction"("id", "component_id", "disease_id", "degress", "lower", "upper", "value", "type", "level_limit") VALUES (377, 19, 91, '轻微', NULL, NULL, 15, 3, 0);
INSERT INTO "public"."tb_deduction"("id", "component_id", "disease_id", "degress", "lower", "upper", "value", "type", "level_limit") VALUES (378, 19, 91, '严重', NULL, NULL, 40, 3, 0);
INSERT INTO "public"."tb_deduction"("id", "component_id", "disease_id", "degress", "lower", "upper", "value", "type", "level_limit") VALUES (379, 19, 92, '轻微', NULL, NULL, 25, 3, 0);
INSERT INTO "public"."tb_deduction"("id", "component_id", "disease_id", "degress", "lower", "upper", "value", "type", "level_limit") VALUES (380, 19, 92, '严重', NULL, NULL, 45, 3, 0);
INSERT INTO "public"."tb_deduction"("id", "component_id", "disease_id", "degress", "lower", "upper", "value", "type", "level_limit") VALUES (381, 19, 81, '少量', NULL, NULL, 15, 3, 0);
INSERT INTO "public"."tb_deduction"("id", "component_id", "disease_id", "degress", "lower", "upper", "value", "type", "level_limit") VALUES (382, 19, 81, '严重', NULL, NULL, 25, 3, 0);
INSERT INTO "public"."tb_deduction"("id", "component_id", "disease_id", "degress", "lower", "upper", "value", "type", "level_limit") VALUES (383, 19, 82, '少量', NULL, NULL, 25, 3, 0);
INSERT INTO "public"."tb_deduction"("id", "component_id", "disease_id", "degress", "lower", "upper", "value", "type", "level_limit") VALUES (384, 19, 82, '大量', NULL, NULL, 45, 3, 0);
INSERT INTO "public"."tb_deduction"("id", "component_id", "disease_id", "degress", "lower", "upper", "value", "type", "level_limit") VALUES (385, 19, 83, '少量', NULL, NULL, 15, 3, 0);
INSERT INTO "public"."tb_deduction"("id", "component_id", "disease_id", "degress", "lower", "upper", "value", "type", "level_limit") VALUES (386, 19, 83, '大量', NULL, NULL, 30, 3, 0);
INSERT INTO "public"."tb_deduction"("id", "component_id", "disease_id", "degress", "lower", "upper", "value", "type", "level_limit") VALUES (387, 19, 94, '轻微', NULL, NULL, 15, 3, 0);
INSERT INTO "public"."tb_deduction"("id", "component_id", "disease_id", "degress", "lower", "upper", "value", "type", "level_limit") VALUES (388, 19, 94, '严重', NULL, NULL, 40, 3, 0);
INSERT INTO "public"."tb_deduction"("id", "component_id", "disease_id", "degress", "lower", "upper", "value", "type", "level_limit") VALUES (389, 19, 95, '少量', NULL, NULL, 15, 3, 0);
INSERT INTO "public"."tb_deduction"("id", "component_id", "disease_id", "degress", "lower", "upper", "value", "type", "level_limit") VALUES (390, 19, 95, '大量', NULL, NULL, 40, 3, 0);
INSERT INTO "public"."tb_deduction"("id", "component_id", "disease_id", "degress", "lower", "upper", "value", "type", "level_limit") VALUES (391, 19, 43, '轻微', NULL, NULL, 25, 3, 0);
INSERT INTO "public"."tb_deduction"("id", "component_id", "disease_id", "degress", "lower", "upper", "value", "type", "level_limit") VALUES (392, 19, 43, '严重', NULL, NULL, 45, 3, 0);
INSERT INTO "public"."tb_deduction"("id", "component_id", "disease_id", "degress", "lower", "upper", "value", "type", "level_limit") VALUES (420, 19, 29, '轻微', NULL, NULL, 30, 3, 0);
INSERT INTO "public"."tb_deduction"("id", "component_id", "disease_id", "degress", "lower", "upper", "value", "type", "level_limit") VALUES (421, 19, 29, '严重', NULL, NULL, 60, 3, 0);
INSERT INTO "public"."tb_deduction"("id", "component_id", "disease_id", "degress", "lower", "upper", "value", "type", "level_limit") VALUES (422, 19, 45, '明显', NULL, NULL, 35, 3, 0);
INSERT INTO "public"."tb_deduction"("id", "component_id", "disease_id", "degress", "lower", "upper", "value", "type", "level_limit") VALUES (423, 19, 45, '严重', NULL, NULL, 70, 3, 0);
INSERT INTO "public"."tb_deduction"("id", "component_id", "disease_id", "degress", "lower", "upper", "value", "type", "level_limit") VALUES (424, 19, 46, '轻微', NULL, NULL, 15, 3, 0);
INSERT INTO "public"."tb_deduction"("id", "component_id", "disease_id", "degress", "lower", "upper", "value", "type", "level_limit") VALUES (425, 19, 46, '严重', NULL, NULL, 40, 3, 0);
INSERT INTO "public"."tb_deduction"("id", "component_id", "disease_id", "degress", "lower", "upper", "value", "type", "level_limit") VALUES (426, 32, 30, '轻微', NULL, NULL, 10, 3, 0);
INSERT INTO "public"."tb_deduction"("id", "component_id", "disease_id", "degress", "lower", "upper", "value", "type", "level_limit") VALUES (427, 32, 30, '中等', NULL, NULL, 30, 3, 0);
INSERT INTO "public"."tb_deduction"("id", "component_id", "disease_id", "degress", "lower", "upper", "value", "type", "level_limit") VALUES (428, 32, 30, '严重', NULL, NULL, 80, 3, 1);
INSERT INTO "public"."tb_deduction"("id", "component_id", "disease_id", "degress", "lower", "upper", "value", "type", "level_limit") VALUES (429, 32, 31, '轻微', NULL, NULL, 10, 3, 0);
INSERT INTO "public"."tb_deduction"("id", "component_id", "disease_id", "degress", "lower", "upper", "value", "type", "level_limit") VALUES (430, 32, 31, '中等', NULL, NULL, 30, 3, 0);
INSERT INTO "public"."tb_deduction"("id", "component_id", "disease_id", "degress", "lower", "upper", "value", "type", "level_limit") VALUES (431, 32, 31, '严重', NULL, NULL, 80, 3, 1);
INSERT INTO "public"."tb_deduction"("id", "component_id", "disease_id", "degress", "lower", "upper", "value", "type", "level_limit") VALUES (432, 32, 96, '轻微', NULL, NULL, 15, 3, 0);
INSERT INTO "public"."tb_deduction"("id", "component_id", "disease_id", "degress", "lower", "upper", "value", "type", "level_limit") VALUES (433, 32, 96, '明显', NULL, NULL, 40, 3, 0);
INSERT INTO "public"."tb_deduction"("id", "component_id", "disease_id", "degress", "lower", "upper", "value", "type", "level_limit") VALUES (434, 21, 42, '<3%', 3, NULL, 8, 3, 0);
INSERT INTO "public"."tb_deduction"("id", "component_id", "disease_id", "degress", "lower", "upper", "value", "type", "level_limit") VALUES (435, 21, 42, '3%~10%', 3, 10, 15, 3, 0);
INSERT INTO "public"."tb_deduction"("id", "component_id", "disease_id", "degress", "lower", "upper", "value", "type", "level_limit") VALUES (436, 21, 42, '>10%', NULL, 10, 25, 3, 0);
INSERT INTO "public"."tb_deduction"("id", "component_id", "disease_id", "degress", "lower", "upper", "value", "type", "level_limit") VALUES (437, 21, 43, '<1%', 1, NULL, 12, 3, 0);
INSERT INTO "public"."tb_deduction"("id", "component_id", "disease_id", "degress", "lower", "upper", "value", "type", "level_limit") VALUES (438, 21, 43, '1%~2%', 1, 2, 20, 3, 0);
INSERT INTO "public"."tb_deduction"("id", "component_id", "disease_id", "degress", "lower", "upper", "value", "type", "level_limit") VALUES (439, 21, 43, '>2%', NULL, 2, 30, 3, 0);
INSERT INTO "public"."tb_deduction"("id", "component_id", "disease_id", "degress", "lower", "upper", "value", "type", "level_limit") VALUES (440, 21, 29, '<1%', 1, NULL, 10, 3, 0);
INSERT INTO "public"."tb_deduction"("id", "component_id", "disease_id", "degress", "lower", "upper", "value", "type", "level_limit") VALUES (441, 21, 29, '1%~2%', 1, 2, 15, 3, 0);
INSERT INTO "public"."tb_deduction"("id", "component_id", "disease_id", "degress", "lower", "upper", "value", "type", "level_limit") VALUES (442, 21, 29, '>2%', NULL, 2, 25, 3, 0);
INSERT INTO "public"."tb_deduction"("id", "component_id", "disease_id", "degress", "lower", "upper", "value", "type", "level_limit") VALUES (443, 21, 45, '明显', NULL, NULL, 20, 3, 0);
INSERT INTO "public"."tb_deduction"("id", "component_id", "disease_id", "degress", "lower", "upper", "value", "type", "level_limit") VALUES (444, 21, 45, '严重', NULL, NULL, 30, 3, 0);
INSERT INTO "public"."tb_deduction"("id", "component_id", "disease_id", "degress", "lower", "upper", "value", "type", "level_limit") VALUES (445, 21, 46, '轻微', NULL, NULL, 15, 3, 0);
INSERT INTO "public"."tb_deduction"("id", "component_id", "disease_id", "degress", "lower", "upper", "value", "type", "level_limit") VALUES (446, 21, 46, '严重', NULL, NULL, 40, 3, 0);
INSERT INTO "public"."tb_deduction"("id", "component_id", "disease_id", "degress", "lower", "upper", "value", "type", "level_limit") VALUES (447, 21, 57, '<1%', 1, NULL, 5, 3, 0);
INSERT INTO "public"."tb_deduction"("id", "component_id", "disease_id", "degress", "lower", "upper", "value", "type", "level_limit") VALUES (448, 21, 57, '1%~2%', 1, 2, 15, 3, 0);
INSERT INTO "public"."tb_deduction"("id", "component_id", "disease_id", "degress", "lower", "upper", "value", "type", "level_limit") VALUES (449, 21, 57, '>2%', NULL, 2, 25, 3, 0);
INSERT INTO "public"."tb_deduction"("id", "component_id", "disease_id", "degress", "lower", "upper", "value", "type", "level_limit") VALUES (463, 26, 42, '<3%', 3, NULL, 8, 3, 0);
INSERT INTO "public"."tb_deduction"("id", "component_id", "disease_id", "degress", "lower", "upper", "value", "type", "level_limit") VALUES (464, 26, 42, '3%~10%', 3, 10, 15, 3, 0);
INSERT INTO "public"."tb_deduction"("id", "component_id", "disease_id", "degress", "lower", "upper", "value", "type", "level_limit") VALUES (465, 26, 42, '>10%', NULL, 10, 25, 3, 0);
INSERT INTO "public"."tb_deduction"("id", "component_id", "disease_id", "degress", "lower", "upper", "value", "type", "level_limit") VALUES (466, 26, 43, '<1%', 1, NULL, 12, 3, 0);
INSERT INTO "public"."tb_deduction"("id", "component_id", "disease_id", "degress", "lower", "upper", "value", "type", "level_limit") VALUES (467, 26, 43, '1%~2%', 1, 2, 20, 3, 0);
INSERT INTO "public"."tb_deduction"("id", "component_id", "disease_id", "degress", "lower", "upper", "value", "type", "level_limit") VALUES (468, 26, 43, '>2%', NULL, 2, 30, 3, 0);
INSERT INTO "public"."tb_deduction"("id", "component_id", "disease_id", "degress", "lower", "upper", "value", "type", "level_limit") VALUES (469, 26, 29, '<1%', 1, NULL, 10, 3, 0);
INSERT INTO "public"."tb_deduction"("id", "component_id", "disease_id", "degress", "lower", "upper", "value", "type", "level_limit") VALUES (470, 26, 29, '1%~2%', 1, 2, 15, 3, 0);
INSERT INTO "public"."tb_deduction"("id", "component_id", "disease_id", "degress", "lower", "upper", "value", "type", "level_limit") VALUES (471, 26, 29, '>2%', NULL, 2, 25, 3, 0);
INSERT INTO "public"."tb_deduction"("id", "component_id", "disease_id", "degress", "lower", "upper", "value", "type", "level_limit") VALUES (472, 26, 45, '明显', NULL, NULL, 20, 3, 0);
INSERT INTO "public"."tb_deduction"("id", "component_id", "disease_id", "degress", "lower", "upper", "value", "type", "level_limit") VALUES (473, 26, 45, '严重', NULL, NULL, 30, 3, 0);
INSERT INTO "public"."tb_deduction"("id", "component_id", "disease_id", "degress", "lower", "upper", "value", "type", "level_limit") VALUES (474, 26, 46, '轻微', NULL, NULL, 15, 3, 0);
INSERT INTO "public"."tb_deduction"("id", "component_id", "disease_id", "degress", "lower", "upper", "value", "type", "level_limit") VALUES (475, 26, 46, '严重', NULL, NULL, 40, 3, 0);
INSERT INTO "public"."tb_deduction"("id", "component_id", "disease_id", "degress", "lower", "upper", "value", "type", "level_limit") VALUES (476, 26, 57, '<1%', 1, NULL, 5, 3, 0);
INSERT INTO "public"."tb_deduction"("id", "component_id", "disease_id", "degress", "lower", "upper", "value", "type", "level_limit") VALUES (477, 26, 57, '1%~2%', 1, 2, 15, 3, 0);
INSERT INTO "public"."tb_deduction"("id", "component_id", "disease_id", "degress", "lower", "upper", "value", "type", "level_limit") VALUES (478, 26, 57, '>2%', NULL, 2, 25, 3, 0);
INSERT INTO "public"."tb_deduction"("id", "component_id", "disease_id", "degress", "lower", "upper", "value", "type", "level_limit") VALUES (479, 22, 53, '半贯通', NULL, NULL, 20, 3, 0);
INSERT INTO "public"."tb_deduction"("id", "component_id", "disease_id", "degress", "lower", "upper", "value", "type", "level_limit") VALUES (480, 27, 53, '半贯通', NULL, NULL, 20, 3, 0);
INSERT INTO "public"."tb_deduction"("id", "component_id", "disease_id", "degress", "lower", "upper", "value", "type", "level_limit") VALUES (481, 22, 53, '贯通', NULL, NULL, 40, 3, 0);
INSERT INTO "public"."tb_deduction"("id", "component_id", "disease_id", "degress", "lower", "upper", "value", "type", "level_limit") VALUES (482, 27, 53, '贯通', NULL, NULL, 40, 3, 0);
INSERT INTO "public"."tb_deduction"("id", "component_id", "disease_id", "degress", "lower", "upper", "value", "type", "level_limit") VALUES (483, 22, 54, '半贯通', NULL, NULL, 10, 3, 0);
INSERT INTO "public"."tb_deduction"("id", "component_id", "disease_id", "degress", "lower", "upper", "value", "type", "level_limit") VALUES (484, 27, 54, '半贯通', NULL, NULL, 10, 3, 0);
INSERT INTO "public"."tb_deduction"("id", "component_id", "disease_id", "degress", "lower", "upper", "value", "type", "level_limit") VALUES (485, 22, 54, '贯通', NULL, NULL, 25, 3, 0);
INSERT INTO "public"."tb_deduction"("id", "component_id", "disease_id", "degress", "lower", "upper", "value", "type", "level_limit") VALUES (486, 27, 54, '贯通', NULL, NULL, 25, 3, 0);
INSERT INTO "public"."tb_deduction"("id", "component_id", "disease_id", "degress", "lower", "upper", "value", "type", "level_limit") VALUES (512, 22, 55, '完好', NULL, NULL, 0, 3, 0);
INSERT INTO "public"."tb_deduction"("id", "component_id", "disease_id", "degress", "lower", "upper", "value", "type", "level_limit") VALUES (513, 27, 55, '完好', NULL, NULL, 0, 3, 0);
INSERT INTO "public"."tb_deduction"("id", "component_id", "disease_id", "degress", "lower", "upper", "value", "type", "level_limit") VALUES (514, 22, 55, '微裂', NULL, NULL, 15, 3, 0);
INSERT INTO "public"."tb_deduction"("id", "component_id", "disease_id", "degress", "lower", "upper", "value", "type", "level_limit") VALUES (515, 27, 55, '微裂', NULL, NULL, 15, 3, 0);
INSERT INTO "public"."tb_deduction"("id", "component_id", "disease_id", "degress", "lower", "upper", "value", "type", "level_limit") VALUES (516, 22, 55, '贯通', NULL, NULL, 35, 3, 0);
INSERT INTO "public"."tb_deduction"("id", "component_id", "disease_id", "degress", "lower", "upper", "value", "type", "level_limit") VALUES (517, 27, 55, '贯通', NULL, NULL, 35, 3, 0);
INSERT INTO "public"."tb_deduction"("id", "component_id", "disease_id", "degress", "lower", "upper", "value", "type", "level_limit") VALUES (518, 22, 29, '<1%', 1, NULL, 10, 3, 0);
INSERT INTO "public"."tb_deduction"("id", "component_id", "disease_id", "degress", "lower", "upper", "value", "type", "level_limit") VALUES (519, 27, 29, '<1%', 1, NULL, 10, 3, 0);
INSERT INTO "public"."tb_deduction"("id", "component_id", "disease_id", "degress", "lower", "upper", "value", "type", "level_limit") VALUES (520, 22, 29, '1%~2%', 1, 2, 25, 3, 0);
INSERT INTO "public"."tb_deduction"("id", "component_id", "disease_id", "degress", "lower", "upper", "value", "type", "level_limit") VALUES (521, 27, 29, '1%~2%', 1, 2, 25, 3, 0);
INSERT INTO "public"."tb_deduction"("id", "component_id", "disease_id", "degress", "lower", "upper", "value", "type", "level_limit") VALUES (522, 22, 29, '>2%', NULL, 2, 50, 3, 0);
INSERT INTO "public"."tb_deduction"("id", "component_id", "disease_id", "degress", "lower", "upper", "value", "type", "level_limit") VALUES (523, 27, 29, '>2%', NULL, 2, 50, 3, 0);
INSERT INTO "public"."tb_deduction"("id", "component_id", "disease_id", "degress", "lower", "upper", "value", "type", "level_limit") VALUES (524, 22, 43, '<1%', 1, NULL, 12, 3, 0);
INSERT INTO "public"."tb_deduction"("id", "component_id", "disease_id", "degress", "lower", "upper", "value", "type", "level_limit") VALUES (525, 27, 43, '<1%', 1, NULL, 12, 3, 0);
INSERT INTO "public"."tb_deduction"("id", "component_id", "disease_id", "degress", "lower", "upper", "value", "type", "level_limit") VALUES (526, 22, 43, '1%~2%', 1, 2, 20, 3, 0);
INSERT INTO "public"."tb_deduction"("id", "component_id", "disease_id", "degress", "lower", "upper", "value", "type", "level_limit") VALUES (527, 27, 43, '1%~2%', 1, 2, 20, 3, 0);
INSERT INTO "public"."tb_deduction"("id", "component_id", "disease_id", "degress", "lower", "upper", "value", "type", "level_limit") VALUES (528, 22, 43, '>2%', NULL, 2, 30, 3, 0);
INSERT INTO "public"."tb_deduction"("id", "component_id", "disease_id", "degress", "lower", "upper", "value", "type", "level_limit") VALUES (529, 27, 43, '>2%', NULL, 2, 30, 3, 0);
INSERT INTO "public"."tb_deduction"("id", "component_id", "disease_id", "degress", "lower", "upper", "value", "type", "level_limit") VALUES (530, 22, 56, '倾斜', NULL, NULL, 30, 3, 0);
INSERT INTO "public"."tb_deduction"("id", "component_id", "disease_id", "degress", "lower", "upper", "value", "type", "level_limit") VALUES (531, 27, 56, '倾斜', NULL, NULL, 30, 3, 0);
INSERT INTO "public"."tb_deduction"("id", "component_id", "disease_id", "degress", "lower", "upper", "value", "type", "level_limit") VALUES (532, 22, 56, '严重倾斜', NULL, NULL, 80, 3, 1);
INSERT INTO "public"."tb_deduction"("id", "component_id", "disease_id", "degress", "lower", "upper", "value", "type", "level_limit") VALUES (533, 27, 56, '严重倾斜', NULL, NULL, 80, 3, 1);
INSERT INTO "public"."tb_deduction"("id", "component_id", "disease_id", "degress", "lower", "upper", "value", "type", "level_limit") VALUES (534, 22, 6, '半贯通', NULL, NULL, 25, 3, 0);
INSERT INTO "public"."tb_deduction"("id", "component_id", "disease_id", "degress", "lower", "upper", "value", "type", "level_limit") VALUES (535, 27, 6, '半贯通', NULL, NULL, 25, 3, 0);
INSERT INTO "public"."tb_deduction"("id", "component_id", "disease_id", "degress", "lower", "upper", "value", "type", "level_limit") VALUES (536, 22, 6, '贯通', NULL, NULL, 50, 3, 0);
INSERT INTO "public"."tb_deduction"("id", "component_id", "disease_id", "degress", "lower", "upper", "value", "type", "level_limit") VALUES (537, 27, 6, '贯通', NULL, NULL, 50, 3, 0);
INSERT INTO "public"."tb_deduction"("id", "component_id", "disease_id", "degress", "lower", "upper", "value", "type", "level_limit") VALUES (538, 24, 58, '完好', NULL, NULL, 0, 3, 0);
INSERT INTO "public"."tb_deduction"("id", "component_id", "disease_id", "degress", "lower", "upper", "value", "type", "level_limit") VALUES (539, 24, 58, '松动', NULL, NULL, 20, 3, 0);
INSERT INTO "public"."tb_deduction"("id", "component_id", "disease_id", "degress", "lower", "upper", "value", "type", "level_limit") VALUES (540, 24, 58, '锈蚀', NULL, NULL, 30, 3, 0);
INSERT INTO "public"."tb_deduction"("id", "component_id", "disease_id", "degress", "lower", "upper", "value", "type", "level_limit") VALUES (541, 24, 59, '完好', NULL, NULL, 0, 3, 0);
INSERT INTO "public"."tb_deduction"("id", "component_id", "disease_id", "degress", "lower", "upper", "value", "type", "level_limit") VALUES (542, 24, 59, '变形', NULL, NULL, 15, 3, 0);
INSERT INTO "public"."tb_deduction"("id", "component_id", "disease_id", "degress", "lower", "upper", "value", "type", "level_limit") VALUES (543, 24, 59, '开裂', NULL, NULL, 40, 3, 0);
INSERT INTO "public"."tb_deduction"("id", "component_id", "disease_id", "degress", "lower", "upper", "value", "type", "level_limit") VALUES (544, 24, 60, '完好', NULL, NULL, 0, 3, 0);
INSERT INTO "public"."tb_deduction"("id", "component_id", "disease_id", "degress", "lower", "upper", "value", "type", "level_limit") VALUES (545, 24, 60, '松动', NULL, NULL, 40, 3, 0);
INSERT INTO "public"."tb_deduction"("id", "component_id", "disease_id", "degress", "lower", "upper", "value", "type", "level_limit") VALUES (546, 24, 60, '锈蚀', NULL, NULL, 65, 3, 0);
INSERT INTO "public"."tb_deduction"("id", "component_id", "disease_id", "degress", "lower", "upper", "value", "type", "level_limit") VALUES (571, 24, 62, '稳定', NULL, NULL, 0, 3, 0);
INSERT INTO "public"."tb_deduction"("id", "component_id", "disease_id", "degress", "lower", "upper", "value", "type", "level_limit") VALUES (572, 24, 62, '不稳定', NULL, NULL, 40, 3, 0);
INSERT INTO "public"."tb_deduction"("id", "component_id", "disease_id", "degress", "lower", "upper", "value", "type", "level_limit") VALUES (573, 24, 62, '落梁危险', NULL, NULL, 80, 3, 1);
INSERT INTO "public"."tb_deduction"("id", "component_id", "disease_id", "degress", "lower", "upper", "value", "type", "level_limit") VALUES (574, 24, 63, '完好', NULL, NULL, 0, 3, 0);
INSERT INTO "public"."tb_deduction"("id", "component_id", "disease_id", "degress", "lower", "upper", "value", "type", "level_limit") VALUES (575, 24, 63, '轻微', NULL, NULL, 20, 3, 0);
INSERT INTO "public"."tb_deduction"("id", "component_id", "disease_id", "degress", "lower", "upper", "value", "type", "level_limit") VALUES (576, 24, 63, '严重', NULL, NULL, 40, 3, 0);
INSERT INTO "public"."tb_deduction"("id", "component_id", "disease_id", "degress", "lower", "upper", "value", "type", "level_limit") VALUES (577, 23, 68, '轻微', NULL, NULL, 15, 3, 0);
INSERT INTO "public"."tb_deduction"("id", "component_id", "disease_id", "degress", "lower", "upper", "value", "type", "level_limit") VALUES (578, 23, 68, '严重', NULL, NULL, 30, 3, 0);
INSERT INTO "public"."tb_deduction"("id", "component_id", "disease_id", "degress", "lower", "upper", "value", "type", "level_limit") VALUES (579, 23, 69, '轻微', NULL, NULL, 35, 3, 0);
INSERT INTO "public"."tb_deduction"("id", "component_id", "disease_id", "degress", "lower", "upper", "value", "type", "level_limit") VALUES (580, 23, 69, '严重', NULL, NULL, 80, 3, 1);
INSERT INTO "public"."tb_deduction"("id", "component_id", "disease_id", "degress", "lower", "upper", "value", "type", "level_limit") VALUES (581, 7, 32, '<30%', 30, NULL, 15, 3, 0);
INSERT INTO "public"."tb_deduction"("id", "component_id", "disease_id", "degress", "lower", "upper", "value", "type", "level_limit") VALUES (582, 7, 32, '>30%', NULL, 30, 30, 3, 0);
INSERT INTO "public"."tb_deduction"("id", "component_id", "disease_id", "degress", "lower", "upper", "value", "type", "level_limit") VALUES (583, 7, 33, '>10%', NULL, 10, 40, 3, 0);
INSERT INTO "public"."tb_deduction"("id", "component_id", "disease_id", "degress", "lower", "upper", "value", "type", "level_limit") VALUES (584, 7, 33, '<10%', 10, NULL, 20, 3, 0);
INSERT INTO "public"."tb_deduction"("id", "component_id", "disease_id", "degress", "lower", "upper", "value", "type", "level_limit") VALUES (585, 7, 34, '<10%', 10, NULL, 25, 3, 0);
INSERT INTO "public"."tb_deduction"("id", "component_id", "disease_id", "degress", "lower", "upper", "value", "type", "level_limit") VALUES (586, 7, 34, '>10%', NULL, 10, 45, 3, 0);
INSERT INTO "public"."tb_deduction"("id", "component_id", "disease_id", "degress", "lower", "upper", "value", "type", "level_limit") VALUES (587, 7, 35, '>10%', NULL, 10, 80, 3, 1);
INSERT INTO "public"."tb_deduction"("id", "component_id", "disease_id", "degress", "lower", "upper", "value", "type", "level_limit") VALUES (588, 7, 35, '5%~10%', 5, 10, 60, 3, 0);
INSERT INTO "public"."tb_deduction"("id", "component_id", "disease_id", "degress", "lower", "upper", "value", "type", "level_limit") VALUES (589, 7, 35, '<5%', 5, NULL, 30, 3, 0);
INSERT INTO "public"."tb_deduction"("id", "component_id", "disease_id", "degress", "lower", "upper", "value", "type", "level_limit") VALUES (590, 7, 36, '大量', NULL, NULL, 80, 3, 1);
INSERT INTO "public"."tb_deduction"("id", "component_id", "disease_id", "degress", "lower", "upper", "value", "type", "level_limit") VALUES (591, 7, 36, '局部', NULL, NULL, 25, 3, 0);
INSERT INTO "public"."tb_deduction"("id", "component_id", "disease_id", "degress", "lower", "upper", "value", "type", "level_limit") VALUES (592, 7, 37, '严重', NULL, NULL, 80, 3, 1);
INSERT INTO "public"."tb_deduction"("id", "component_id", "disease_id", "degress", "lower", "upper", "value", "type", "level_limit") VALUES (593, 7, 37, '少量', NULL, NULL, 15, 3, 0);
INSERT INTO "public"."tb_deduction"("id", "component_id", "disease_id", "degress", "lower", "upper", "value", "type", "level_limit") VALUES (594, 7, 38, '严重', NULL, NULL, 80, 3, 1);
INSERT INTO "public"."tb_deduction"("id", "component_id", "disease_id", "degress", "lower", "upper", "value", "type", "level_limit") VALUES (595, 7, 38, '少量', NULL, NULL, 65, 3, 0);
INSERT INTO "public"."tb_deduction"("id", "component_id", "disease_id", "degress", "lower", "upper", "value", "type", "level_limit") VALUES (596, 7, 39, '>20%', NULL, 20, 80, 3, 1);
INSERT INTO "public"."tb_deduction"("id", "component_id", "disease_id", "degress", "lower", "upper", "value", "type", "level_limit") VALUES (597, 7, 39, '<20%', 20, NULL, 40, 3, 0);
INSERT INTO "public"."tb_deduction"("id", "component_id", "disease_id", "degress", "lower", "upper", "value", "type", "level_limit") VALUES (598, 7, 40, '少量', NULL, NULL, 20, 3, 0);
INSERT INTO "public"."tb_deduction"("id", "component_id", "disease_id", "degress", "lower", "upper", "value", "type", "level_limit") VALUES (599, 7, 40, '大量', NULL, NULL, 80, 3, 1);
INSERT INTO "public"."tb_deduction"("id", "component_id", "disease_id", "degress", "lower", "upper", "value", "type", "level_limit") VALUES (600, 7, 41, '严重', NULL, NULL, 80, 3, 1);
INSERT INTO "public"."tb_deduction"("id", "component_id", "disease_id", "degress", "lower", "upper", "value", "type", "level_limit") VALUES (601, 7, 41, '轻微', NULL, NULL, 15, 3, 0);
INSERT INTO "public"."tb_deduction"("id", "component_id", "disease_id", "degress", "lower", "upper", "value", "type", "level_limit") VALUES (602, 7, 41, '明显', NULL, NULL, 40, 3, 0);
INSERT INTO "public"."tb_deduction"("id", "component_id", "disease_id", "degress", "lower", "upper", "value", "type", "level_limit") VALUES (603, 7, 6, '贯通', NULL, NULL, 30, 3, 0);
INSERT INTO "public"."tb_deduction"("id", "component_id", "disease_id", "degress", "lower", "upper", "value", "type", "level_limit") VALUES (604, 7, 6, '半贯通', NULL, NULL, 25, 3, 0);
INSERT INTO "public"."tb_deduction"("id", "component_id", "disease_id", "degress", "lower", "upper", "value", "type", "level_limit") VALUES (605, 7, 29, '>2%', NULL, 2, 80, 3, 1);
INSERT INTO "public"."tb_deduction"("id", "component_id", "disease_id", "degress", "lower", "upper", "value", "type", "level_limit") VALUES (606, 7, 29, '1%~2%', 1, 2, 40, 3, 0);
INSERT INTO "public"."tb_deduction"("id", "component_id", "disease_id", "degress", "lower", "upper", "value", "type", "level_limit") VALUES (607, 7, 29, '<1%', 1, NULL, 20, 3, 0);
INSERT INTO "public"."tb_deduction"("id", "component_id", "disease_id", "degress", "lower", "upper", "value", "type", "level_limit") VALUES (608, 7, 42, '<3%', 3, NULL, 10, 3, 0);
INSERT INTO "public"."tb_deduction"("id", "component_id", "disease_id", "degress", "lower", "upper", "value", "type", "level_limit") VALUES (609, 7, 42, '3%~10%', 3, 10, 25, 3, 0);
INSERT INTO "public"."tb_deduction"("id", "component_id", "disease_id", "degress", "lower", "upper", "value", "type", "level_limit") VALUES (610, 7, 42, '>10%', NULL, 10, 40, 3, 0);
INSERT INTO "public"."tb_deduction"("id", "component_id", "disease_id", "degress", "lower", "upper", "value", "type", "level_limit") VALUES (611, 7, 43, '<1%', 1, NULL, 15, 3, 0);
INSERT INTO "public"."tb_deduction"("id", "component_id", "disease_id", "degress", "lower", "upper", "value", "type", "level_limit") VALUES (612, 7, 43, '1%~2%', 1, 2, 30, 3, 0);
INSERT INTO "public"."tb_deduction"("id", "component_id", "disease_id", "degress", "lower", "upper", "value", "type", "level_limit") VALUES (613, 7, 43, '>2%', NULL, 2, 45, 3, 0);
INSERT INTO "public"."tb_deduction"("id", "component_id", "disease_id", "degress", "lower", "upper", "value", "type", "level_limit") VALUES (614, 7, 44, '轻微', NULL, NULL, 40, 3, 0);
INSERT INTO "public"."tb_deduction"("id", "component_id", "disease_id", "degress", "lower", "upper", "value", "type", "level_limit") VALUES (615, 7, 44, '明显', NULL, NULL, 80, 3, 1);
INSERT INTO "public"."tb_deduction"("id", "component_id", "disease_id", "degress", "lower", "upper", "value", "type", "level_limit") VALUES (616, 7, 45, '明显', NULL, NULL, 35, 3, 0);
INSERT INTO "public"."tb_deduction"("id", "component_id", "disease_id", "degress", "lower", "upper", "value", "type", "level_limit") VALUES (617, 7, 45, '严重', NULL, NULL, 80, 3, 1);
INSERT INTO "public"."tb_deduction"("id", "component_id", "disease_id", "degress", "lower", "upper", "value", "type", "level_limit") VALUES (618, 7, 46, '严重', NULL, NULL, 40, 3, 0);
INSERT INTO "public"."tb_deduction"("id", "component_id", "disease_id", "degress", "lower", "upper", "value", "type", "level_limit") VALUES (619, 7, 46, '轻微', NULL, NULL, 15, 3, 0);
INSERT INTO "public"."tb_deduction"("id", "component_id", "disease_id", "degress", "lower", "upper", "value", "type", "level_limit") VALUES (620, 7, 47, '严重', NULL, NULL, 80, 3, 1);
INSERT INTO "public"."tb_deduction"("id", "component_id", "disease_id", "degress", "lower", "upper", "value", "type", "level_limit") VALUES (621, 7, 47, '明显', NULL, NULL, 40, 3, 0);
INSERT INTO "public"."tb_deduction"("id", "component_id", "disease_id", "degress", "lower", "upper", "value", "type", "level_limit") VALUES (622, 9, 32, '<30%', 30, NULL, 15, 3, 0);
INSERT INTO "public"."tb_deduction"("id", "component_id", "disease_id", "degress", "lower", "upper", "value", "type", "level_limit") VALUES (623, 9, 32, '>30%', NULL, 30, 30, 3, 0);
INSERT INTO "public"."tb_deduction"("id", "component_id", "disease_id", "degress", "lower", "upper", "value", "type", "level_limit") VALUES (624, 9, 33, '>10%', NULL, 10, 40, 3, 0);
INSERT INTO "public"."tb_deduction"("id", "component_id", "disease_id", "degress", "lower", "upper", "value", "type", "level_limit") VALUES (625, 9, 33, '<10%', 10, NULL, 20, 3, 0);
INSERT INTO "public"."tb_deduction"("id", "component_id", "disease_id", "degress", "lower", "upper", "value", "type", "level_limit") VALUES (626, 9, 34, '<10%', 10, NULL, 25, 3, 0);
INSERT INTO "public"."tb_deduction"("id", "component_id", "disease_id", "degress", "lower", "upper", "value", "type", "level_limit") VALUES (627, 9, 34, '>10%', NULL, 10, 45, 3, 0);
INSERT INTO "public"."tb_deduction"("id", "component_id", "disease_id", "degress", "lower", "upper", "value", "type", "level_limit") VALUES (628, 9, 35, '>10%', NULL, 10, 80, 3, 1);
INSERT INTO "public"."tb_deduction"("id", "component_id", "disease_id", "degress", "lower", "upper", "value", "type", "level_limit") VALUES (629, 9, 35, '5%~10%', 5, 10, 60, 3, 0);
INSERT INTO "public"."tb_deduction"("id", "component_id", "disease_id", "degress", "lower", "upper", "value", "type", "level_limit") VALUES (630, 9, 35, '<5%', 5, NULL, 30, 3, 0);
INSERT INTO "public"."tb_deduction"("id", "component_id", "disease_id", "degress", "lower", "upper", "value", "type", "level_limit") VALUES (631, 9, 36, '大量', NULL, NULL, 80, 3, 1);
INSERT INTO "public"."tb_deduction"("id", "component_id", "disease_id", "degress", "lower", "upper", "value", "type", "level_limit") VALUES (632, 9, 36, '局部', NULL, NULL, 25, 3, 0);
INSERT INTO "public"."tb_deduction"("id", "component_id", "disease_id", "degress", "lower", "upper", "value", "type", "level_limit") VALUES (633, 9, 37, '严重', NULL, NULL, 80, 3, 1);
INSERT INTO "public"."tb_deduction"("id", "component_id", "disease_id", "degress", "lower", "upper", "value", "type", "level_limit") VALUES (634, 9, 37, '少量', NULL, NULL, 15, 3, 0);
INSERT INTO "public"."tb_deduction"("id", "component_id", "disease_id", "degress", "lower", "upper", "value", "type", "level_limit") VALUES (635, 9, 38, '严重', NULL, NULL, 80, 3, 1);
INSERT INTO "public"."tb_deduction"("id", "component_id", "disease_id", "degress", "lower", "upper", "value", "type", "level_limit") VALUES (636, 9, 38, '少量', NULL, NULL, 65, 3, 0);
INSERT INTO "public"."tb_deduction"("id", "component_id", "disease_id", "degress", "lower", "upper", "value", "type", "level_limit") VALUES (637, 9, 39, '>20%', NULL, 20, 80, 3, 1);
INSERT INTO "public"."tb_deduction"("id", "component_id", "disease_id", "degress", "lower", "upper", "value", "type", "level_limit") VALUES (638, 9, 39, '<20%', 20, NULL, 40, 3, 0);
INSERT INTO "public"."tb_deduction"("id", "component_id", "disease_id", "degress", "lower", "upper", "value", "type", "level_limit") VALUES (639, 9, 40, '少量', NULL, NULL, 20, 3, 0);
INSERT INTO "public"."tb_deduction"("id", "component_id", "disease_id", "degress", "lower", "upper", "value", "type", "level_limit") VALUES (640, 9, 40, '大量', NULL, NULL, 80, 3, 1);
INSERT INTO "public"."tb_deduction"("id", "component_id", "disease_id", "degress", "lower", "upper", "value", "type", "level_limit") VALUES (641, 9, 41, '严重', NULL, NULL, 80, 3, 1);
INSERT INTO "public"."tb_deduction"("id", "component_id", "disease_id", "degress", "lower", "upper", "value", "type", "level_limit") VALUES (642, 9, 41, '轻微', NULL, NULL, 15, 3, 0);
INSERT INTO "public"."tb_deduction"("id", "component_id", "disease_id", "degress", "lower", "upper", "value", "type", "level_limit") VALUES (643, 9, 41, '明显', NULL, NULL, 40, 3, 0);
INSERT INTO "public"."tb_deduction"("id", "component_id", "disease_id", "degress", "lower", "upper", "value", "type", "level_limit") VALUES (644, 9, 6, '贯通', NULL, NULL, 30, 3, 0);
INSERT INTO "public"."tb_deduction"("id", "component_id", "disease_id", "degress", "lower", "upper", "value", "type", "level_limit") VALUES (645, 9, 6, '半贯通', NULL, NULL, 25, 3, 0);
INSERT INTO "public"."tb_deduction"("id", "component_id", "disease_id", "degress", "lower", "upper", "value", "type", "level_limit") VALUES (646, 9, 29, '>2%', NULL, 2, 80, 3, 1);
INSERT INTO "public"."tb_deduction"("id", "component_id", "disease_id", "degress", "lower", "upper", "value", "type", "level_limit") VALUES (647, 9, 29, '1%~2%', 1, 2, 40, 3, 0);
INSERT INTO "public"."tb_deduction"("id", "component_id", "disease_id", "degress", "lower", "upper", "value", "type", "level_limit") VALUES (648, 9, 29, '<1%', 1, NULL, 20, 3, 0);
INSERT INTO "public"."tb_deduction"("id", "component_id", "disease_id", "degress", "lower", "upper", "value", "type", "level_limit") VALUES (649, 9, 42, '<3%', 3, NULL, 10, 3, 0);
INSERT INTO "public"."tb_deduction"("id", "component_id", "disease_id", "degress", "lower", "upper", "value", "type", "level_limit") VALUES (650, 9, 42, '3%~10%', 3, 10, 25, 3, 0);
INSERT INTO "public"."tb_deduction"("id", "component_id", "disease_id", "degress", "lower", "upper", "value", "type", "level_limit") VALUES (651, 9, 42, '>10%', NULL, 10, 40, 3, 0);
INSERT INTO "public"."tb_deduction"("id", "component_id", "disease_id", "degress", "lower", "upper", "value", "type", "level_limit") VALUES (653, 9, 43, '1%~2%', 1, 2, 30, 3, 0);
INSERT INTO "public"."tb_deduction"("id", "component_id", "disease_id", "degress", "lower", "upper", "value", "type", "level_limit") VALUES (654, 9, 43, '>2%', NULL, 2, 45, 3, 0);
INSERT INTO "public"."tb_deduction"("id", "component_id", "disease_id", "degress", "lower", "upper", "value", "type", "level_limit") VALUES (655, 9, 44, '轻微', NULL, NULL, 40, 3, 0);
INSERT INTO "public"."tb_deduction"("id", "component_id", "disease_id", "degress", "lower", "upper", "value", "type", "level_limit") VALUES (656, 9, 44, '明显', NULL, NULL, 80, 3, 1);
INSERT INTO "public"."tb_deduction"("id", "component_id", "disease_id", "degress", "lower", "upper", "value", "type", "level_limit") VALUES (657, 9, 45, '明显', NULL, NULL, 35, 3, 0);
INSERT INTO "public"."tb_deduction"("id", "component_id", "disease_id", "degress", "lower", "upper", "value", "type", "level_limit") VALUES (658, 9, 45, '严重', NULL, NULL, 80, 3, 1);
INSERT INTO "public"."tb_deduction"("id", "component_id", "disease_id", "degress", "lower", "upper", "value", "type", "level_limit") VALUES (659, 9, 46, '严重', NULL, NULL, 40, 3, 0);
INSERT INTO "public"."tb_deduction"("id", "component_id", "disease_id", "degress", "lower", "upper", "value", "type", "level_limit") VALUES (660, 9, 46, '轻微', NULL, NULL, 15, 3, 0);
INSERT INTO "public"."tb_deduction"("id", "component_id", "disease_id", "degress", "lower", "upper", "value", "type", "level_limit") VALUES (661, 9, 47, '严重', NULL, NULL, 80, 3, 1);
INSERT INTO "public"."tb_deduction"("id", "component_id", "disease_id", "degress", "lower", "upper", "value", "type", "level_limit") VALUES (662, 9, 47, '明显', NULL, NULL, 40, 3, 0);
INSERT INTO "public"."tb_deduction"("id", "component_id", "disease_id", "degress", "lower", "upper", "value", "type", "level_limit") VALUES (663, 10, 32, '<30%', 30, NULL, 15, 3, 0);
INSERT INTO "public"."tb_deduction"("id", "component_id", "disease_id", "degress", "lower", "upper", "value", "type", "level_limit") VALUES (664, 10, 32, '>30%', NULL, 30, 30, 3, 0);
INSERT INTO "public"."tb_deduction"("id", "component_id", "disease_id", "degress", "lower", "upper", "value", "type", "level_limit") VALUES (665, 10, 33, '>10%', NULL, 10, 40, 3, 0);
INSERT INTO "public"."tb_deduction"("id", "component_id", "disease_id", "degress", "lower", "upper", "value", "type", "level_limit") VALUES (666, 10, 33, '<10%', 10, NULL, 20, 3, 0);
INSERT INTO "public"."tb_deduction"("id", "component_id", "disease_id", "degress", "lower", "upper", "value", "type", "level_limit") VALUES (667, 10, 34, '<10%', 10, NULL, 25, 3, 0);
INSERT INTO "public"."tb_deduction"("id", "component_id", "disease_id", "degress", "lower", "upper", "value", "type", "level_limit") VALUES (668, 10, 34, '>10%', NULL, 10, 45, 3, 0);
INSERT INTO "public"."tb_deduction"("id", "component_id", "disease_id", "degress", "lower", "upper", "value", "type", "level_limit") VALUES (669, 10, 35, '>10%', NULL, 10, 80, 3, 1);
INSERT INTO "public"."tb_deduction"("id", "component_id", "disease_id", "degress", "lower", "upper", "value", "type", "level_limit") VALUES (670, 10, 35, '5%~10%', 5, 10, 60, 3, 0);
INSERT INTO "public"."tb_deduction"("id", "component_id", "disease_id", "degress", "lower", "upper", "value", "type", "level_limit") VALUES (671, 10, 35, '<5%', 5, NULL, 30, 3, 0);
INSERT INTO "public"."tb_deduction"("id", "component_id", "disease_id", "degress", "lower", "upper", "value", "type", "level_limit") VALUES (672, 10, 36, '大量', NULL, NULL, 80, 3, 1);
INSERT INTO "public"."tb_deduction"("id", "component_id", "disease_id", "degress", "lower", "upper", "value", "type", "level_limit") VALUES (673, 10, 36, '局部', NULL, NULL, 25, 3, 0);
INSERT INTO "public"."tb_deduction"("id", "component_id", "disease_id", "degress", "lower", "upper", "value", "type", "level_limit") VALUES (674, 10, 37, '严重', NULL, NULL, 80, 3, 1);
INSERT INTO "public"."tb_deduction"("id", "component_id", "disease_id", "degress", "lower", "upper", "value", "type", "level_limit") VALUES (675, 10, 37, '少量', NULL, NULL, 15, 3, 0);
INSERT INTO "public"."tb_deduction"("id", "component_id", "disease_id", "degress", "lower", "upper", "value", "type", "level_limit") VALUES (676, 10, 38, '严重', NULL, NULL, 80, 3, 1);
INSERT INTO "public"."tb_deduction"("id", "component_id", "disease_id", "degress", "lower", "upper", "value", "type", "level_limit") VALUES (677, 10, 38, '少量', NULL, NULL, 65, 3, 0);
INSERT INTO "public"."tb_deduction"("id", "component_id", "disease_id", "degress", "lower", "upper", "value", "type", "level_limit") VALUES (678, 10, 39, '>20%', NULL, 20, 80, 3, 1);
INSERT INTO "public"."tb_deduction"("id", "component_id", "disease_id", "degress", "lower", "upper", "value", "type", "level_limit") VALUES (679, 10, 39, '<20%', 20, NULL, 40, 3, 0);
INSERT INTO "public"."tb_deduction"("id", "component_id", "disease_id", "degress", "lower", "upper", "value", "type", "level_limit") VALUES (680, 10, 40, '少量', NULL, NULL, 20, 3, 0);
INSERT INTO "public"."tb_deduction"("id", "component_id", "disease_id", "degress", "lower", "upper", "value", "type", "level_limit") VALUES (681, 10, 40, '大量', NULL, NULL, 80, 3, 1);
INSERT INTO "public"."tb_deduction"("id", "component_id", "disease_id", "degress", "lower", "upper", "value", "type", "level_limit") VALUES (682, 10, 41, '严重', NULL, NULL, 80, 3, 1);
INSERT INTO "public"."tb_deduction"("id", "component_id", "disease_id", "degress", "lower", "upper", "value", "type", "level_limit") VALUES (683, 10, 41, '轻微', NULL, NULL, 15, 3, 0);
INSERT INTO "public"."tb_deduction"("id", "component_id", "disease_id", "degress", "lower", "upper", "value", "type", "level_limit") VALUES (684, 10, 41, '明显', NULL, NULL, 40, 3, 0);
INSERT INTO "public"."tb_deduction"("id", "component_id", "disease_id", "degress", "lower", "upper", "value", "type", "level_limit") VALUES (685, 10, 6, '贯通', NULL, NULL, 30, 3, 0);
INSERT INTO "public"."tb_deduction"("id", "component_id", "disease_id", "degress", "lower", "upper", "value", "type", "level_limit") VALUES (686, 10, 6, '半贯通', NULL, NULL, 25, 3, 0);
INSERT INTO "public"."tb_deduction"("id", "component_id", "disease_id", "degress", "lower", "upper", "value", "type", "level_limit") VALUES (687, 10, 29, '>2%', NULL, 2, 80, 3, 1);
INSERT INTO "public"."tb_deduction"("id", "component_id", "disease_id", "degress", "lower", "upper", "value", "type", "level_limit") VALUES (688, 10, 29, '1%~2%', 1, 2, 40, 3, 0);
INSERT INTO "public"."tb_deduction"("id", "component_id", "disease_id", "degress", "lower", "upper", "value", "type", "level_limit") VALUES (689, 10, 29, '<1%', 1, NULL, 20, 3, 0);
INSERT INTO "public"."tb_deduction"("id", "component_id", "disease_id", "degress", "lower", "upper", "value", "type", "level_limit") VALUES (690, 10, 42, '<3%', 3, NULL, 10, 3, 0);
INSERT INTO "public"."tb_deduction"("id", "component_id", "disease_id", "degress", "lower", "upper", "value", "type", "level_limit") VALUES (691, 10, 42, '3%~10%', 3, 10, 25, 3, 0);
INSERT INTO "public"."tb_deduction"("id", "component_id", "disease_id", "degress", "lower", "upper", "value", "type", "level_limit") VALUES (692, 10, 42, '>10%', NULL, 10, 40, 3, 0);
INSERT INTO "public"."tb_deduction"("id", "component_id", "disease_id", "degress", "lower", "upper", "value", "type", "level_limit") VALUES (693, 9, 43, '<1%', 1, NULL, 15, 3, 0);
INSERT INTO "public"."tb_deduction"("id", "component_id", "disease_id", "degress", "lower", "upper", "value", "type", "level_limit") VALUES (694, 10, 43, '1%~2%', 1, 2, 30, 3, 0);
INSERT INTO "public"."tb_deduction"("id", "component_id", "disease_id", "degress", "lower", "upper", "value", "type", "level_limit") VALUES (695, 10, 43, '>2%', NULL, 2, 45, 3, 0);
INSERT INTO "public"."tb_deduction"("id", "component_id", "disease_id", "degress", "lower", "upper", "value", "type", "level_limit") VALUES (696, 10, 44, '轻微', NULL, NULL, 40, 3, 0);
INSERT INTO "public"."tb_deduction"("id", "component_id", "disease_id", "degress", "lower", "upper", "value", "type", "level_limit") VALUES (697, 10, 44, '明显', NULL, NULL, 80, 3, 1);
INSERT INTO "public"."tb_deduction"("id", "component_id", "disease_id", "degress", "lower", "upper", "value", "type", "level_limit") VALUES (698, 10, 45, '明显', NULL, NULL, 35, 3, 0);
INSERT INTO "public"."tb_deduction"("id", "component_id", "disease_id", "degress", "lower", "upper", "value", "type", "level_limit") VALUES (699, 10, 45, '严重', NULL, NULL, 80, 3, 1);
INSERT INTO "public"."tb_deduction"("id", "component_id", "disease_id", "degress", "lower", "upper", "value", "type", "level_limit") VALUES (700, 10, 46, '严重', NULL, NULL, 40, 3, 0);
INSERT INTO "public"."tb_deduction"("id", "component_id", "disease_id", "degress", "lower", "upper", "value", "type", "level_limit") VALUES (701, 10, 46, '轻微', NULL, NULL, 15, 3, 0);
INSERT INTO "public"."tb_deduction"("id", "component_id", "disease_id", "degress", "lower", "upper", "value", "type", "level_limit") VALUES (702, 10, 47, '严重', NULL, NULL, 80, 3, 1);
INSERT INTO "public"."tb_deduction"("id", "component_id", "disease_id", "degress", "lower", "upper", "value", "type", "level_limit") VALUES (703, 10, 47, '明显', NULL, NULL, 40, 3, 0);
INSERT INTO "public"."tb_deduction"("id", "component_id", "disease_id", "degress", "lower", "upper", "value", "type", "level_limit") VALUES (704, 10, 43, '<1%', 1, NULL, 15, 3, 0);
INSERT INTO "public"."tb_deduction"("id", "component_id", "disease_id", "degress", "lower", "upper", "value", "type", "level_limit") VALUES (705, 0, 32, '<30%', 30, NULL, 15, 3, 0);
INSERT INTO "public"."tb_deduction"("id", "component_id", "disease_id", "degress", "lower", "upper", "value", "type", "level_limit") VALUES (706, 0, 32, '>30%', NULL, 30, 30, 3, 0);
INSERT INTO "public"."tb_deduction"("id", "component_id", "disease_id", "degress", "lower", "upper", "value", "type", "level_limit") VALUES (707, 0, 33, '>10%', NULL, 10, 40, 3, 0);
INSERT INTO "public"."tb_deduction"("id", "component_id", "disease_id", "degress", "lower", "upper", "value", "type", "level_limit") VALUES (708, 0, 33, '<10%', 10, NULL, 20, 3, 0);
INSERT INTO "public"."tb_deduction"("id", "component_id", "disease_id", "degress", "lower", "upper", "value", "type", "level_limit") VALUES (709, 0, 34, '<10%', 10, NULL, 25, 3, 0);
INSERT INTO "public"."tb_deduction"("id", "component_id", "disease_id", "degress", "lower", "upper", "value", "type", "level_limit") VALUES (710, 0, 34, '>10%', NULL, 10, 45, 3, 0);
INSERT INTO "public"."tb_deduction"("id", "component_id", "disease_id", "degress", "lower", "upper", "value", "type", "level_limit") VALUES (711, 0, 35, '>10%', NULL, 10, 80, 3, 1);
INSERT INTO "public"."tb_deduction"("id", "component_id", "disease_id", "degress", "lower", "upper", "value", "type", "level_limit") VALUES (712, 0, 35, '5%~10%', 5, 10, 60, 3, 0);
INSERT INTO "public"."tb_deduction"("id", "component_id", "disease_id", "degress", "lower", "upper", "value", "type", "level_limit") VALUES (713, 0, 35, '<5%', 5, NULL, 30, 3, 0);
INSERT INTO "public"."tb_deduction"("id", "component_id", "disease_id", "degress", "lower", "upper", "value", "type", "level_limit") VALUES (714, 0, 36, '大量', NULL, NULL, 80, 3, 1);
INSERT INTO "public"."tb_deduction"("id", "component_id", "disease_id", "degress", "lower", "upper", "value", "type", "level_limit") VALUES (715, 0, 36, '局部', NULL, NULL, 25, 3, 0);
INSERT INTO "public"."tb_deduction"("id", "component_id", "disease_id", "degress", "lower", "upper", "value", "type", "level_limit") VALUES (716, 0, 37, '严重', NULL, NULL, 80, 3, 1);
INSERT INTO "public"."tb_deduction"("id", "component_id", "disease_id", "degress", "lower", "upper", "value", "type", "level_limit") VALUES (717, 0, 37, '少量', NULL, NULL, 15, 3, 0);
INSERT INTO "public"."tb_deduction"("id", "component_id", "disease_id", "degress", "lower", "upper", "value", "type", "level_limit") VALUES (718, 0, 38, '严重', NULL, NULL, 80, 3, 1);
INSERT INTO "public"."tb_deduction"("id", "component_id", "disease_id", "degress", "lower", "upper", "value", "type", "level_limit") VALUES (719, 0, 38, '少量', NULL, NULL, 65, 3, 0);
INSERT INTO "public"."tb_deduction"("id", "component_id", "disease_id", "degress", "lower", "upper", "value", "type", "level_limit") VALUES (720, 0, 39, '>20%', NULL, 20, 80, 3, 1);
INSERT INTO "public"."tb_deduction"("id", "component_id", "disease_id", "degress", "lower", "upper", "value", "type", "level_limit") VALUES (721, 0, 39, '<20%', 20, NULL, 40, 3, 0);
INSERT INTO "public"."tb_deduction"("id", "component_id", "disease_id", "degress", "lower", "upper", "value", "type", "level_limit") VALUES (722, 0, 40, '少量', NULL, NULL, 20, 3, 0);
INSERT INTO "public"."tb_deduction"("id", "component_id", "disease_id", "degress", "lower", "upper", "value", "type", "level_limit") VALUES (723, 0, 40, '大量', NULL, NULL, 80, 3, 1);
INSERT INTO "public"."tb_deduction"("id", "component_id", "disease_id", "degress", "lower", "upper", "value", "type", "level_limit") VALUES (724, 0, 41, '严重', NULL, NULL, 80, 3, 1);
INSERT INTO "public"."tb_deduction"("id", "component_id", "disease_id", "degress", "lower", "upper", "value", "type", "level_limit") VALUES (725, 0, 41, '轻微', NULL, NULL, 15, 3, 0);
INSERT INTO "public"."tb_deduction"("id", "component_id", "disease_id", "degress", "lower", "upper", "value", "type", "level_limit") VALUES (726, 0, 41, '明显', NULL, NULL, 40, 3, 0);
INSERT INTO "public"."tb_deduction"("id", "component_id", "disease_id", "degress", "lower", "upper", "value", "type", "level_limit") VALUES (727, 0, 6, '贯通', NULL, NULL, 30, 3, 0);
INSERT INTO "public"."tb_deduction"("id", "component_id", "disease_id", "degress", "lower", "upper", "value", "type", "level_limit") VALUES (728, 0, 6, '半贯通', NULL, NULL, 25, 3, 0);
INSERT INTO "public"."tb_deduction"("id", "component_id", "disease_id", "degress", "lower", "upper", "value", "type", "level_limit") VALUES (729, 0, 29, '>2%', NULL, 2, 80, 3, 1);
INSERT INTO "public"."tb_deduction"("id", "component_id", "disease_id", "degress", "lower", "upper", "value", "type", "level_limit") VALUES (730, 0, 29, '1%~2%', 1, 2, 40, 3, 0);
INSERT INTO "public"."tb_deduction"("id", "component_id", "disease_id", "degress", "lower", "upper", "value", "type", "level_limit") VALUES (731, 0, 29, '<1%', 1, NULL, 20, 3, 0);
INSERT INTO "public"."tb_deduction"("id", "component_id", "disease_id", "degress", "lower", "upper", "value", "type", "level_limit") VALUES (732, 0, 42, '<3%', 3, NULL, 10, 3, 0);
INSERT INTO "public"."tb_deduction"("id", "component_id", "disease_id", "degress", "lower", "upper", "value", "type", "level_limit") VALUES (733, 0, 42, '3%~10%', 3, 10, 25, 3, 0);
INSERT INTO "public"."tb_deduction"("id", "component_id", "disease_id", "degress", "lower", "upper", "value", "type", "level_limit") VALUES (734, 0, 42, '>10%', NULL, 10, 40, 3, 0);
INSERT INTO "public"."tb_deduction"("id", "component_id", "disease_id", "degress", "lower", "upper", "value", "type", "level_limit") VALUES (735, 0, 43, '<1%', 1, NULL, 15, 3, 0);
INSERT INTO "public"."tb_deduction"("id", "component_id", "disease_id", "degress", "lower", "upper", "value", "type", "level_limit") VALUES (736, 0, 43, '1%~2%', 1, 2, 30, 3, 0);
INSERT INTO "public"."tb_deduction"("id", "component_id", "disease_id", "degress", "lower", "upper", "value", "type", "level_limit") VALUES (737, 0, 43, '>2%', NULL, 2, 45, 3, 0);
INSERT INTO "public"."tb_deduction"("id", "component_id", "disease_id", "degress", "lower", "upper", "value", "type", "level_limit") VALUES (738, 0, 44, '轻微', NULL, NULL, 40, 3, 0);
INSERT INTO "public"."tb_deduction"("id", "component_id", "disease_id", "degress", "lower", "upper", "value", "type", "level_limit") VALUES (739, 0, 44, '明显', NULL, NULL, 80, 3, 1);
INSERT INTO "public"."tb_deduction"("id", "component_id", "disease_id", "degress", "lower", "upper", "value", "type", "level_limit") VALUES (740, 0, 45, '明显', NULL, NULL, 35, 3, 0);
INSERT INTO "public"."tb_deduction"("id", "component_id", "disease_id", "degress", "lower", "upper", "value", "type", "level_limit") VALUES (741, 0, 45, '严重', NULL, NULL, 80, 3, 1);
INSERT INTO "public"."tb_deduction"("id", "component_id", "disease_id", "degress", "lower", "upper", "value", "type", "level_limit") VALUES (742, 0, 46, '严重', NULL, NULL, 40, 3, 0);
INSERT INTO "public"."tb_deduction"("id", "component_id", "disease_id", "degress", "lower", "upper", "value", "type", "level_limit") VALUES (743, 0, 46, '轻微', NULL, NULL, 15, 3, 0);
INSERT INTO "public"."tb_deduction"("id", "component_id", "disease_id", "degress", "lower", "upper", "value", "type", "level_limit") VALUES (744, 0, 47, '严重', NULL, NULL, 80, 3, 1);
INSERT INTO "public"."tb_deduction"("id", "component_id", "disease_id", "degress", "lower", "upper", "value", "type", "level_limit") VALUES (745, 0, 47, '明显', NULL, NULL, 40, 3, 0);
INSERT INTO "public"."tb_deduction"("id", "component_id", "disease_id", "degress", "lower", "upper", "value", "type", "level_limit") VALUES (746, 13, 32, '<30%', 30, NULL, 15, 3, 0);
INSERT INTO "public"."tb_deduction"("id", "component_id", "disease_id", "degress", "lower", "upper", "value", "type", "level_limit") VALUES (747, 13, 32, '>30%', NULL, 30, 30, 3, 0);
INSERT INTO "public"."tb_deduction"("id", "component_id", "disease_id", "degress", "lower", "upper", "value", "type", "level_limit") VALUES (748, 13, 33, '>10%', NULL, 10, 40, 3, 0);
INSERT INTO "public"."tb_deduction"("id", "component_id", "disease_id", "degress", "lower", "upper", "value", "type", "level_limit") VALUES (749, 13, 33, '<10%', 10, NULL, 20, 3, 0);
INSERT INTO "public"."tb_deduction"("id", "component_id", "disease_id", "degress", "lower", "upper", "value", "type", "level_limit") VALUES (750, 13, 34, '<10%', 10, NULL, 25, 3, 0);
INSERT INTO "public"."tb_deduction"("id", "component_id", "disease_id", "degress", "lower", "upper", "value", "type", "level_limit") VALUES (751, 13, 34, '>10%', NULL, 10, 45, 3, 0);
INSERT INTO "public"."tb_deduction"("id", "component_id", "disease_id", "degress", "lower", "upper", "value", "type", "level_limit") VALUES (752, 13, 35, '>10%', NULL, 10, 80, 3, 1);
INSERT INTO "public"."tb_deduction"("id", "component_id", "disease_id", "degress", "lower", "upper", "value", "type", "level_limit") VALUES (753, 13, 35, '5%~10%', 5, 10, 60, 3, 0);
INSERT INTO "public"."tb_deduction"("id", "component_id", "disease_id", "degress", "lower", "upper", "value", "type", "level_limit") VALUES (754, 13, 35, '<5%', 5, NULL, 30, 3, 0);
INSERT INTO "public"."tb_deduction"("id", "component_id", "disease_id", "degress", "lower", "upper", "value", "type", "level_limit") VALUES (755, 13, 36, '大量', NULL, NULL, 80, 3, 1);
INSERT INTO "public"."tb_deduction"("id", "component_id", "disease_id", "degress", "lower", "upper", "value", "type", "level_limit") VALUES (756, 13, 36, '局部', NULL, NULL, 25, 3, 0);
INSERT INTO "public"."tb_deduction"("id", "component_id", "disease_id", "degress", "lower", "upper", "value", "type", "level_limit") VALUES (757, 13, 37, '严重', NULL, NULL, 80, 3, 1);
INSERT INTO "public"."tb_deduction"("id", "component_id", "disease_id", "degress", "lower", "upper", "value", "type", "level_limit") VALUES (758, 13, 37, '少量', NULL, NULL, 15, 3, 0);
INSERT INTO "public"."tb_deduction"("id", "component_id", "disease_id", "degress", "lower", "upper", "value", "type", "level_limit") VALUES (759, 13, 38, '严重', NULL, NULL, 80, 3, 1);
INSERT INTO "public"."tb_deduction"("id", "component_id", "disease_id", "degress", "lower", "upper", "value", "type", "level_limit") VALUES (760, 13, 38, '少量', NULL, NULL, 65, 3, 0);
INSERT INTO "public"."tb_deduction"("id", "component_id", "disease_id", "degress", "lower", "upper", "value", "type", "level_limit") VALUES (761, 13, 39, '>20%', NULL, 20, 80, 3, 1);
INSERT INTO "public"."tb_deduction"("id", "component_id", "disease_id", "degress", "lower", "upper", "value", "type", "level_limit") VALUES (762, 13, 39, '<20%', 20, NULL, 40, 3, 0);
INSERT INTO "public"."tb_deduction"("id", "component_id", "disease_id", "degress", "lower", "upper", "value", "type", "level_limit") VALUES (763, 13, 40, '少量', NULL, NULL, 20, 3, 0);
INSERT INTO "public"."tb_deduction"("id", "component_id", "disease_id", "degress", "lower", "upper", "value", "type", "level_limit") VALUES (764, 13, 40, '大量', NULL, NULL, 80, 3, 1);
INSERT INTO "public"."tb_deduction"("id", "component_id", "disease_id", "degress", "lower", "upper", "value", "type", "level_limit") VALUES (765, 13, 41, '严重', NULL, NULL, 80, 3, 1);
INSERT INTO "public"."tb_deduction"("id", "component_id", "disease_id", "degress", "lower", "upper", "value", "type", "level_limit") VALUES (766, 13, 41, '轻微', NULL, NULL, 15, 3, 0);
INSERT INTO "public"."tb_deduction"("id", "component_id", "disease_id", "degress", "lower", "upper", "value", "type", "level_limit") VALUES (767, 13, 41, '明显', NULL, NULL, 40, 3, 0);
INSERT INTO "public"."tb_deduction"("id", "component_id", "disease_id", "degress", "lower", "upper", "value", "type", "level_limit") VALUES (768, 13, 6, '贯通', NULL, NULL, 30, 3, 0);
INSERT INTO "public"."tb_deduction"("id", "component_id", "disease_id", "degress", "lower", "upper", "value", "type", "level_limit") VALUES (769, 13, 6, '半贯通', NULL, NULL, 25, 3, 0);
INSERT INTO "public"."tb_deduction"("id", "component_id", "disease_id", "degress", "lower", "upper", "value", "type", "level_limit") VALUES (770, 13, 29, '>2%', NULL, 2, 80, 3, 1);
INSERT INTO "public"."tb_deduction"("id", "component_id", "disease_id", "degress", "lower", "upper", "value", "type", "level_limit") VALUES (771, 13, 29, '1%~2%', 1, 2, 40, 3, 0);
INSERT INTO "public"."tb_deduction"("id", "component_id", "disease_id", "degress", "lower", "upper", "value", "type", "level_limit") VALUES (772, 13, 29, '<1%', 1, NULL, 20, 3, 0);
INSERT INTO "public"."tb_deduction"("id", "component_id", "disease_id", "degress", "lower", "upper", "value", "type", "level_limit") VALUES (773, 13, 42, '<3%', 3, NULL, 10, 3, 0);
INSERT INTO "public"."tb_deduction"("id", "component_id", "disease_id", "degress", "lower", "upper", "value", "type", "level_limit") VALUES (774, 13, 42, '3%~10%', 3, 10, 25, 3, 0);
INSERT INTO "public"."tb_deduction"("id", "component_id", "disease_id", "degress", "lower", "upper", "value", "type", "level_limit") VALUES (775, 13, 42, '>10%', NULL, 10, 40, 3, 0);
INSERT INTO "public"."tb_deduction"("id", "component_id", "disease_id", "degress", "lower", "upper", "value", "type", "level_limit") VALUES (776, 13, 43, '<1%', 1, NULL, 15, 3, 0);
INSERT INTO "public"."tb_deduction"("id", "component_id", "disease_id", "degress", "lower", "upper", "value", "type", "level_limit") VALUES (777, 13, 43, '1%~2%', 1, 2, 30, 3, 0);
INSERT INTO "public"."tb_deduction"("id", "component_id", "disease_id", "degress", "lower", "upper", "value", "type", "level_limit") VALUES (778, 13, 43, '>2%', NULL, 2, 45, 3, 0);
INSERT INTO "public"."tb_deduction"("id", "component_id", "disease_id", "degress", "lower", "upper", "value", "type", "level_limit") VALUES (779, 13, 44, '轻微', NULL, NULL, 40, 3, 0);
INSERT INTO "public"."tb_deduction"("id", "component_id", "disease_id", "degress", "lower", "upper", "value", "type", "level_limit") VALUES (780, 13, 44, '明显', NULL, NULL, 80, 3, 1);
INSERT INTO "public"."tb_deduction"("id", "component_id", "disease_id", "degress", "lower", "upper", "value", "type", "level_limit") VALUES (781, 13, 45, '明显', NULL, NULL, 35, 3, 0);
INSERT INTO "public"."tb_deduction"("id", "component_id", "disease_id", "degress", "lower", "upper", "value", "type", "level_limit") VALUES (782, 13, 45, '严重', NULL, NULL, 80, 3, 1);
INSERT INTO "public"."tb_deduction"("id", "component_id", "disease_id", "degress", "lower", "upper", "value", "type", "level_limit") VALUES (783, 13, 46, '严重', NULL, NULL, 40, 3, 0);
INSERT INTO "public"."tb_deduction"("id", "component_id", "disease_id", "degress", "lower", "upper", "value", "type", "level_limit") VALUES (784, 13, 46, '轻微', NULL, NULL, 15, 3, 0);
INSERT INTO "public"."tb_deduction"("id", "component_id", "disease_id", "degress", "lower", "upper", "value", "type", "level_limit") VALUES (785, 13, 47, '严重', NULL, NULL, 80, 3, 1);
INSERT INTO "public"."tb_deduction"("id", "component_id", "disease_id", "degress", "lower", "upper", "value", "type", "level_limit") VALUES (786, 13, 47, '明显', NULL, NULL, 40, 3, 0);
INSERT INTO "public"."tb_deduction"("id", "component_id", "disease_id", "degress", "lower", "upper", "value", "type", "level_limit") VALUES (787, 14, 32, '<30%', 30, NULL, 15, 3, 0);
INSERT INTO "public"."tb_deduction"("id", "component_id", "disease_id", "degress", "lower", "upper", "value", "type", "level_limit") VALUES (788, 14, 32, '>30%', NULL, 30, 30, 3, 0);
INSERT INTO "public"."tb_deduction"("id", "component_id", "disease_id", "degress", "lower", "upper", "value", "type", "level_limit") VALUES (789, 14, 33, '>10%', NULL, 10, 40, 3, 0);
INSERT INTO "public"."tb_deduction"("id", "component_id", "disease_id", "degress", "lower", "upper", "value", "type", "level_limit") VALUES (790, 14, 33, '<10%', 10, NULL, 20, 3, 0);
INSERT INTO "public"."tb_deduction"("id", "component_id", "disease_id", "degress", "lower", "upper", "value", "type", "level_limit") VALUES (791, 14, 34, '<10%', 10, NULL, 25, 3, 0);
INSERT INTO "public"."tb_deduction"("id", "component_id", "disease_id", "degress", "lower", "upper", "value", "type", "level_limit") VALUES (792, 14, 34, '>10%', NULL, 10, 45, 3, 0);
INSERT INTO "public"."tb_deduction"("id", "component_id", "disease_id", "degress", "lower", "upper", "value", "type", "level_limit") VALUES (793, 14, 35, '>10%', NULL, 10, 80, 3, 1);
INSERT INTO "public"."tb_deduction"("id", "component_id", "disease_id", "degress", "lower", "upper", "value", "type", "level_limit") VALUES (794, 14, 35, '5%~10%', 5, 10, 60, 3, 0);
INSERT INTO "public"."tb_deduction"("id", "component_id", "disease_id", "degress", "lower", "upper", "value", "type", "level_limit") VALUES (795, 14, 35, '<5%', 5, NULL, 30, 3, 0);
INSERT INTO "public"."tb_deduction"("id", "component_id", "disease_id", "degress", "lower", "upper", "value", "type", "level_limit") VALUES (796, 14, 36, '大量', NULL, NULL, 80, 3, 1);
INSERT INTO "public"."tb_deduction"("id", "component_id", "disease_id", "degress", "lower", "upper", "value", "type", "level_limit") VALUES (797, 14, 36, '局部', NULL, NULL, 25, 3, 0);
INSERT INTO "public"."tb_deduction"("id", "component_id", "disease_id", "degress", "lower", "upper", "value", "type", "level_limit") VALUES (798, 14, 37, '严重', NULL, NULL, 80, 3, 1);
INSERT INTO "public"."tb_deduction"("id", "component_id", "disease_id", "degress", "lower", "upper", "value", "type", "level_limit") VALUES (799, 14, 37, '少量', NULL, NULL, 15, 3, 0);
INSERT INTO "public"."tb_deduction"("id", "component_id", "disease_id", "degress", "lower", "upper", "value", "type", "level_limit") VALUES (800, 14, 38, '严重', NULL, NULL, 80, 3, 1);
INSERT INTO "public"."tb_deduction"("id", "component_id", "disease_id", "degress", "lower", "upper", "value", "type", "level_limit") VALUES (801, 14, 38, '少量', NULL, NULL, 65, 3, 0);
INSERT INTO "public"."tb_deduction"("id", "component_id", "disease_id", "degress", "lower", "upper", "value", "type", "level_limit") VALUES (802, 14, 39, '>20%', NULL, 20, 80, 3, 1);
INSERT INTO "public"."tb_deduction"("id", "component_id", "disease_id", "degress", "lower", "upper", "value", "type", "level_limit") VALUES (803, 14, 39, '<20%', 20, NULL, 40, 3, 0);
INSERT INTO "public"."tb_deduction"("id", "component_id", "disease_id", "degress", "lower", "upper", "value", "type", "level_limit") VALUES (804, 14, 40, '少量', NULL, NULL, 20, 3, 0);
INSERT INTO "public"."tb_deduction"("id", "component_id", "disease_id", "degress", "lower", "upper", "value", "type", "level_limit") VALUES (805, 14, 40, '大量', NULL, NULL, 80, 3, 1);
INSERT INTO "public"."tb_deduction"("id", "component_id", "disease_id", "degress", "lower", "upper", "value", "type", "level_limit") VALUES (806, 14, 41, '严重', NULL, NULL, 80, 3, 1);
INSERT INTO "public"."tb_deduction"("id", "component_id", "disease_id", "degress", "lower", "upper", "value", "type", "level_limit") VALUES (807, 14, 41, '轻微', NULL, NULL, 15, 3, 0);
INSERT INTO "public"."tb_deduction"("id", "component_id", "disease_id", "degress", "lower", "upper", "value", "type", "level_limit") VALUES (808, 14, 41, '明显', NULL, NULL, 40, 3, 0);
INSERT INTO "public"."tb_deduction"("id", "component_id", "disease_id", "degress", "lower", "upper", "value", "type", "level_limit") VALUES (809, 14, 6, '贯通', NULL, NULL, 30, 3, 0);
INSERT INTO "public"."tb_deduction"("id", "component_id", "disease_id", "degress", "lower", "upper", "value", "type", "level_limit") VALUES (810, 14, 6, '半贯通', NULL, NULL, 25, 3, 0);
INSERT INTO "public"."tb_deduction"("id", "component_id", "disease_id", "degress", "lower", "upper", "value", "type", "level_limit") VALUES (811, 14, 29, '>2%', NULL, 2, 80, 3, 1);
INSERT INTO "public"."tb_deduction"("id", "component_id", "disease_id", "degress", "lower", "upper", "value", "type", "level_limit") VALUES (812, 14, 29, '1%~2%', 1, 2, 40, 3, 0);
INSERT INTO "public"."tb_deduction"("id", "component_id", "disease_id", "degress", "lower", "upper", "value", "type", "level_limit") VALUES (813, 14, 29, '<1%', 1, NULL, 20, 3, 0);
INSERT INTO "public"."tb_deduction"("id", "component_id", "disease_id", "degress", "lower", "upper", "value", "type", "level_limit") VALUES (814, 14, 42, '<3%', 3, NULL, 10, 3, 0);
INSERT INTO "public"."tb_deduction"("id", "component_id", "disease_id", "degress", "lower", "upper", "value", "type", "level_limit") VALUES (815, 14, 42, '3%~10%', 3, 10, 25, 3, 0);
INSERT INTO "public"."tb_deduction"("id", "component_id", "disease_id", "degress", "lower", "upper", "value", "type", "level_limit") VALUES (816, 14, 42, '>10%', NULL, 10, 40, 3, 0);
INSERT INTO "public"."tb_deduction"("id", "component_id", "disease_id", "degress", "lower", "upper", "value", "type", "level_limit") VALUES (817, 14, 43, '<1%', 1, NULL, 15, 3, 0);
INSERT INTO "public"."tb_deduction"("id", "component_id", "disease_id", "degress", "lower", "upper", "value", "type", "level_limit") VALUES (818, 14, 43, '1%~2%', 1, 2, 30, 3, 0);
INSERT INTO "public"."tb_deduction"("id", "component_id", "disease_id", "degress", "lower", "upper", "value", "type", "level_limit") VALUES (819, 14, 43, '>2%', NULL, 2, 45, 3, 0);
INSERT INTO "public"."tb_deduction"("id", "component_id", "disease_id", "degress", "lower", "upper", "value", "type", "level_limit") VALUES (820, 14, 44, '轻微', NULL, NULL, 40, 3, 0);
INSERT INTO "public"."tb_deduction"("id", "component_id", "disease_id", "degress", "lower", "upper", "value", "type", "level_limit") VALUES (821, 14, 44, '明显', NULL, NULL, 80, 3, 1);
INSERT INTO "public"."tb_deduction"("id", "component_id", "disease_id", "degress", "lower", "upper", "value", "type", "level_limit") VALUES (822, 14, 45, '明显', NULL, NULL, 35, 3, 0);
INSERT INTO "public"."tb_deduction"("id", "component_id", "disease_id", "degress", "lower", "upper", "value", "type", "level_limit") VALUES (823, 14, 45, '严重', NULL, NULL, 80, 3, 1);
INSERT INTO "public"."tb_deduction"("id", "component_id", "disease_id", "degress", "lower", "upper", "value", "type", "level_limit") VALUES (824, 14, 46, '严重', NULL, NULL, 40, 3, 0);
INSERT INTO "public"."tb_deduction"("id", "component_id", "disease_id", "degress", "lower", "upper", "value", "type", "level_limit") VALUES (825, 14, 46, '轻微', NULL, NULL, 15, 3, 0);
INSERT INTO "public"."tb_deduction"("id", "component_id", "disease_id", "degress", "lower", "upper", "value", "type", "level_limit") VALUES (826, 14, 47, '严重', NULL, NULL, 80, 3, 1);
INSERT INTO "public"."tb_deduction"("id", "component_id", "disease_id", "degress", "lower", "upper", "value", "type", "level_limit") VALUES (827, 14, 47, '明显', NULL, NULL, 40, 3, 0);
INSERT INTO "public"."tb_deduction"("id", "component_id", "disease_id", "degress", "lower", "upper", "value", "type", "level_limit") VALUES (828, 15, 32, '<30%', 30, NULL, 15, 3, 0);
INSERT INTO "public"."tb_deduction"("id", "component_id", "disease_id", "degress", "lower", "upper", "value", "type", "level_limit") VALUES (829, 15, 32, '>30%', NULL, 30, 30, 3, 0);
INSERT INTO "public"."tb_deduction"("id", "component_id", "disease_id", "degress", "lower", "upper", "value", "type", "level_limit") VALUES (830, 15, 33, '>10%', NULL, 10, 40, 3, 0);
INSERT INTO "public"."tb_deduction"("id", "component_id", "disease_id", "degress", "lower", "upper", "value", "type", "level_limit") VALUES (831, 15, 33, '<10%', 10, NULL, 20, 3, 0);
INSERT INTO "public"."tb_deduction"("id", "component_id", "disease_id", "degress", "lower", "upper", "value", "type", "level_limit") VALUES (832, 15, 34, '<10%', 10, NULL, 25, 3, 0);
INSERT INTO "public"."tb_deduction"("id", "component_id", "disease_id", "degress", "lower", "upper", "value", "type", "level_limit") VALUES (833, 15, 34, '>10%', NULL, 10, 45, 3, 0);
INSERT INTO "public"."tb_deduction"("id", "component_id", "disease_id", "degress", "lower", "upper", "value", "type", "level_limit") VALUES (834, 15, 35, '>10%', NULL, 10, 80, 3, 1);
INSERT INTO "public"."tb_deduction"("id", "component_id", "disease_id", "degress", "lower", "upper", "value", "type", "level_limit") VALUES (835, 15, 35, '5%~10%', 5, 10, 60, 3, 0);
INSERT INTO "public"."tb_deduction"("id", "component_id", "disease_id", "degress", "lower", "upper", "value", "type", "level_limit") VALUES (836, 15, 35, '<5%', 5, NULL, 30, 3, 0);
INSERT INTO "public"."tb_deduction"("id", "component_id", "disease_id", "degress", "lower", "upper", "value", "type", "level_limit") VALUES (837, 15, 36, '大量', NULL, NULL, 80, 3, 1);
INSERT INTO "public"."tb_deduction"("id", "component_id", "disease_id", "degress", "lower", "upper", "value", "type", "level_limit") VALUES (838, 15, 36, '局部', NULL, NULL, 25, 3, 0);
INSERT INTO "public"."tb_deduction"("id", "component_id", "disease_id", "degress", "lower", "upper", "value", "type", "level_limit") VALUES (839, 15, 37, '严重', NULL, NULL, 80, 3, 1);
INSERT INTO "public"."tb_deduction"("id", "component_id", "disease_id", "degress", "lower", "upper", "value", "type", "level_limit") VALUES (840, 15, 37, '少量', NULL, NULL, 15, 3, 0);
INSERT INTO "public"."tb_deduction"("id", "component_id", "disease_id", "degress", "lower", "upper", "value", "type", "level_limit") VALUES (841, 15, 38, '严重', NULL, NULL, 80, 3, 1);
INSERT INTO "public"."tb_deduction"("id", "component_id", "disease_id", "degress", "lower", "upper", "value", "type", "level_limit") VALUES (842, 15, 38, '少量', NULL, NULL, 65, 3, 0);
INSERT INTO "public"."tb_deduction"("id", "component_id", "disease_id", "degress", "lower", "upper", "value", "type", "level_limit") VALUES (843, 15, 39, '>20%', NULL, 20, 80, 3, 1);
INSERT INTO "public"."tb_deduction"("id", "component_id", "disease_id", "degress", "lower", "upper", "value", "type", "level_limit") VALUES (844, 15, 39, '<20%', 20, NULL, 40, 3, 0);
INSERT INTO "public"."tb_deduction"("id", "component_id", "disease_id", "degress", "lower", "upper", "value", "type", "level_limit") VALUES (845, 15, 40, '少量', NULL, NULL, 20, 3, 0);
INSERT INTO "public"."tb_deduction"("id", "component_id", "disease_id", "degress", "lower", "upper", "value", "type", "level_limit") VALUES (846, 15, 40, '大量', NULL, NULL, 80, 3, 1);
INSERT INTO "public"."tb_deduction"("id", "component_id", "disease_id", "degress", "lower", "upper", "value", "type", "level_limit") VALUES (847, 15, 41, '严重', NULL, NULL, 80, 3, 1);
INSERT INTO "public"."tb_deduction"("id", "component_id", "disease_id", "degress", "lower", "upper", "value", "type", "level_limit") VALUES (848, 15, 41, '轻微', NULL, NULL, 15, 3, 0);
INSERT INTO "public"."tb_deduction"("id", "component_id", "disease_id", "degress", "lower", "upper", "value", "type", "level_limit") VALUES (849, 15, 41, '明显', NULL, NULL, 40, 3, 0);
INSERT INTO "public"."tb_deduction"("id", "component_id", "disease_id", "degress", "lower", "upper", "value", "type", "level_limit") VALUES (850, 15, 6, '贯通', NULL, NULL, 30, 3, 0);
INSERT INTO "public"."tb_deduction"("id", "component_id", "disease_id", "degress", "lower", "upper", "value", "type", "level_limit") VALUES (851, 15, 6, '半贯通', NULL, NULL, 25, 3, 0);
INSERT INTO "public"."tb_deduction"("id", "component_id", "disease_id", "degress", "lower", "upper", "value", "type", "level_limit") VALUES (852, 15, 29, '>2%', NULL, 2, 80, 3, 1);
INSERT INTO "public"."tb_deduction"("id", "component_id", "disease_id", "degress", "lower", "upper", "value", "type", "level_limit") VALUES (853, 15, 29, '1%~2%', 1, 2, 40, 3, 0);
INSERT INTO "public"."tb_deduction"("id", "component_id", "disease_id", "degress", "lower", "upper", "value", "type", "level_limit") VALUES (854, 15, 29, '<1%', 1, NULL, 20, 3, 0);
INSERT INTO "public"."tb_deduction"("id", "component_id", "disease_id", "degress", "lower", "upper", "value", "type", "level_limit") VALUES (855, 15, 42, '<3%', 3, NULL, 10, 3, 0);
INSERT INTO "public"."tb_deduction"("id", "component_id", "disease_id", "degress", "lower", "upper", "value", "type", "level_limit") VALUES (856, 15, 42, '3%~10%', 3, 10, 25, 3, 0);
INSERT INTO "public"."tb_deduction"("id", "component_id", "disease_id", "degress", "lower", "upper", "value", "type", "level_limit") VALUES (857, 15, 42, '>10%', NULL, 10, 40, 3, 0);
INSERT INTO "public"."tb_deduction"("id", "component_id", "disease_id", "degress", "lower", "upper", "value", "type", "level_limit") VALUES (858, 15, 43, '<1%', 1, NULL, 15, 3, 0);
INSERT INTO "public"."tb_deduction"("id", "component_id", "disease_id", "degress", "lower", "upper", "value", "type", "level_limit") VALUES (859, 15, 43, '1%~2%', 1, 2, 30, 3, 0);
INSERT INTO "public"."tb_deduction"("id", "component_id", "disease_id", "degress", "lower", "upper", "value", "type", "level_limit") VALUES (860, 15, 43, '>2%', NULL, 2, 45, 3, 0);
INSERT INTO "public"."tb_deduction"("id", "component_id", "disease_id", "degress", "lower", "upper", "value", "type", "level_limit") VALUES (861, 15, 44, '轻微', NULL, NULL, 40, 3, 0);
INSERT INTO "public"."tb_deduction"("id", "component_id", "disease_id", "degress", "lower", "upper", "value", "type", "level_limit") VALUES (862, 15, 44, '明显', NULL, NULL, 80, 3, 1);
INSERT INTO "public"."tb_deduction"("id", "component_id", "disease_id", "degress", "lower", "upper", "value", "type", "level_limit") VALUES (863, 15, 45, '明显', NULL, NULL, 35, 3, 0);
INSERT INTO "public"."tb_deduction"("id", "component_id", "disease_id", "degress", "lower", "upper", "value", "type", "level_limit") VALUES (864, 15, 45, '严重', NULL, NULL, 80, 3, 1);
INSERT INTO "public"."tb_deduction"("id", "component_id", "disease_id", "degress", "lower", "upper", "value", "type", "level_limit") VALUES (865, 15, 46, '严重', NULL, NULL, 40, 3, 0);
INSERT INTO "public"."tb_deduction"("id", "component_id", "disease_id", "degress", "lower", "upper", "value", "type", "level_limit") VALUES (866, 15, 46, '轻微', NULL, NULL, 15, 3, 0);
INSERT INTO "public"."tb_deduction"("id", "component_id", "disease_id", "degress", "lower", "upper", "value", "type", "level_limit") VALUES (867, 15, 47, '严重', NULL, NULL, 80, 3, 1);
INSERT INTO "public"."tb_deduction"("id", "component_id", "disease_id", "degress", "lower", "upper", "value", "type", "level_limit") VALUES (868, 15, 47, '明显', NULL, NULL, 40, 3, 0);
INSERT INTO "public"."tb_deduction"("id", "component_id", "disease_id", "degress", "lower", "upper", "value", "type", "level_limit") VALUES (869, 16, 32, '<30%', 30, NULL, 15, 3, 0);
INSERT INTO "public"."tb_deduction"("id", "component_id", "disease_id", "degress", "lower", "upper", "value", "type", "level_limit") VALUES (870, 16, 32, '>30%', NULL, 30, 30, 3, 0);
INSERT INTO "public"."tb_deduction"("id", "component_id", "disease_id", "degress", "lower", "upper", "value", "type", "level_limit") VALUES (871, 16, 33, '>10%', NULL, 10, 40, 3, 0);
INSERT INTO "public"."tb_deduction"("id", "component_id", "disease_id", "degress", "lower", "upper", "value", "type", "level_limit") VALUES (872, 16, 33, '<10%', 10, NULL, 20, 3, 0);
INSERT INTO "public"."tb_deduction"("id", "component_id", "disease_id", "degress", "lower", "upper", "value", "type", "level_limit") VALUES (873, 16, 34, '<10%', 10, NULL, 25, 3, 0);
INSERT INTO "public"."tb_deduction"("id", "component_id", "disease_id", "degress", "lower", "upper", "value", "type", "level_limit") VALUES (874, 16, 34, '>10%', NULL, 10, 45, 3, 0);
INSERT INTO "public"."tb_deduction"("id", "component_id", "disease_id", "degress", "lower", "upper", "value", "type", "level_limit") VALUES (875, 16, 35, '>10%', NULL, 10, 80, 3, 1);
INSERT INTO "public"."tb_deduction"("id", "component_id", "disease_id", "degress", "lower", "upper", "value", "type", "level_limit") VALUES (876, 16, 35, '5%~10%', 5, 10, 60, 3, 0);
INSERT INTO "public"."tb_deduction"("id", "component_id", "disease_id", "degress", "lower", "upper", "value", "type", "level_limit") VALUES (877, 16, 35, '<5%', 5, NULL, 30, 3, 0);
INSERT INTO "public"."tb_deduction"("id", "component_id", "disease_id", "degress", "lower", "upper", "value", "type", "level_limit") VALUES (878, 16, 36, '大量', NULL, NULL, 80, 3, 1);
INSERT INTO "public"."tb_deduction"("id", "component_id", "disease_id", "degress", "lower", "upper", "value", "type", "level_limit") VALUES (879, 16, 36, '局部', NULL, NULL, 25, 3, 0);
INSERT INTO "public"."tb_deduction"("id", "component_id", "disease_id", "degress", "lower", "upper", "value", "type", "level_limit") VALUES (880, 16, 37, '严重', NULL, NULL, 80, 3, 1);
INSERT INTO "public"."tb_deduction"("id", "component_id", "disease_id", "degress", "lower", "upper", "value", "type", "level_limit") VALUES (881, 16, 37, '少量', NULL, NULL, 15, 3, 0);
INSERT INTO "public"."tb_deduction"("id", "component_id", "disease_id", "degress", "lower", "upper", "value", "type", "level_limit") VALUES (882, 16, 38, '严重', NULL, NULL, 80, 3, 1);
INSERT INTO "public"."tb_deduction"("id", "component_id", "disease_id", "degress", "lower", "upper", "value", "type", "level_limit") VALUES (883, 16, 38, '少量', NULL, NULL, 65, 3, 0);
INSERT INTO "public"."tb_deduction"("id", "component_id", "disease_id", "degress", "lower", "upper", "value", "type", "level_limit") VALUES (884, 16, 39, '>20%', NULL, 20, 80, 3, 1);
INSERT INTO "public"."tb_deduction"("id", "component_id", "disease_id", "degress", "lower", "upper", "value", "type", "level_limit") VALUES (885, 16, 39, '<20%', 20, NULL, 40, 3, 0);
INSERT INTO "public"."tb_deduction"("id", "component_id", "disease_id", "degress", "lower", "upper", "value", "type", "level_limit") VALUES (886, 16, 40, '少量', NULL, NULL, 20, 3, 0);
INSERT INTO "public"."tb_deduction"("id", "component_id", "disease_id", "degress", "lower", "upper", "value", "type", "level_limit") VALUES (887, 16, 40, '大量', NULL, NULL, 80, 3, 1);
INSERT INTO "public"."tb_deduction"("id", "component_id", "disease_id", "degress", "lower", "upper", "value", "type", "level_limit") VALUES (888, 16, 41, '严重', NULL, NULL, 80, 3, 1);
INSERT INTO "public"."tb_deduction"("id", "component_id", "disease_id", "degress", "lower", "upper", "value", "type", "level_limit") VALUES (889, 16, 41, '轻微', NULL, NULL, 15, 3, 0);
INSERT INTO "public"."tb_deduction"("id", "component_id", "disease_id", "degress", "lower", "upper", "value", "type", "level_limit") VALUES (890, 16, 41, '明显', NULL, NULL, 40, 3, 0);
INSERT INTO "public"."tb_deduction"("id", "component_id", "disease_id", "degress", "lower", "upper", "value", "type", "level_limit") VALUES (891, 16, 6, '贯通', NULL, NULL, 30, 3, 0);
INSERT INTO "public"."tb_deduction"("id", "component_id", "disease_id", "degress", "lower", "upper", "value", "type", "level_limit") VALUES (892, 16, 6, '半贯通', NULL, NULL, 25, 3, 0);
INSERT INTO "public"."tb_deduction"("id", "component_id", "disease_id", "degress", "lower", "upper", "value", "type", "level_limit") VALUES (893, 16, 29, '>2%', NULL, 2, 80, 3, 1);
INSERT INTO "public"."tb_deduction"("id", "component_id", "disease_id", "degress", "lower", "upper", "value", "type", "level_limit") VALUES (894, 16, 29, '1%~2%', 1, 2, 40, 3, 0);
INSERT INTO "public"."tb_deduction"("id", "component_id", "disease_id", "degress", "lower", "upper", "value", "type", "level_limit") VALUES (895, 16, 29, '<1%', 1, NULL, 20, 3, 0);
INSERT INTO "public"."tb_deduction"("id", "component_id", "disease_id", "degress", "lower", "upper", "value", "type", "level_limit") VALUES (896, 16, 42, '<3%', 3, NULL, 10, 3, 0);
INSERT INTO "public"."tb_deduction"("id", "component_id", "disease_id", "degress", "lower", "upper", "value", "type", "level_limit") VALUES (897, 16, 42, '3%~10%', 3, 10, 25, 3, 0);
INSERT INTO "public"."tb_deduction"("id", "component_id", "disease_id", "degress", "lower", "upper", "value", "type", "level_limit") VALUES (898, 15, 42, '>10%', NULL, 10, 40, 3, 0);
INSERT INTO "public"."tb_deduction"("id", "component_id", "disease_id", "degress", "lower", "upper", "value", "type", "level_limit") VALUES (899, 16, 43, '<1%', 1, NULL, 15, 3, 0);
INSERT INTO "public"."tb_deduction"("id", "component_id", "disease_id", "degress", "lower", "upper", "value", "type", "level_limit") VALUES (900, 16, 43, '1%~2%', 1, 2, 30, 3, 0);
INSERT INTO "public"."tb_deduction"("id", "component_id", "disease_id", "degress", "lower", "upper", "value", "type", "level_limit") VALUES (901, 16, 43, '>2%', NULL, 2, 45, 3, 0);
INSERT INTO "public"."tb_deduction"("id", "component_id", "disease_id", "degress", "lower", "upper", "value", "type", "level_limit") VALUES (902, 16, 44, '轻微', NULL, NULL, 40, 3, 0);
INSERT INTO "public"."tb_deduction"("id", "component_id", "disease_id", "degress", "lower", "upper", "value", "type", "level_limit") VALUES (903, 16, 44, '明显', NULL, NULL, 80, 3, 1);
INSERT INTO "public"."tb_deduction"("id", "component_id", "disease_id", "degress", "lower", "upper", "value", "type", "level_limit") VALUES (904, 16, 45, '明显', NULL, NULL, 35, 3, 0);
INSERT INTO "public"."tb_deduction"("id", "component_id", "disease_id", "degress", "lower", "upper", "value", "type", "level_limit") VALUES (905, 16, 45, '严重', NULL, NULL, 80, 3, 1);
INSERT INTO "public"."tb_deduction"("id", "component_id", "disease_id", "degress", "lower", "upper", "value", "type", "level_limit") VALUES (906, 16, 46, '严重', NULL, NULL, 40, 3, 0);
INSERT INTO "public"."tb_deduction"("id", "component_id", "disease_id", "degress", "lower", "upper", "value", "type", "level_limit") VALUES (907, 16, 46, '轻微', NULL, NULL, 15, 3, 0);
INSERT INTO "public"."tb_deduction"("id", "component_id", "disease_id", "degress", "lower", "upper", "value", "type", "level_limit") VALUES (908, 16, 47, '严重', NULL, NULL, 80, 3, 1);
INSERT INTO "public"."tb_deduction"("id", "component_id", "disease_id", "degress", "lower", "upper", "value", "type", "level_limit") VALUES (909, 16, 47, '明显', NULL, NULL, 40, 3, 0);
INSERT INTO "public"."tb_deduction"("id", "component_id", "disease_id", "degress", "lower", "upper", "value", "type", "level_limit") VALUES (910, 17, 32, '<30%', 30, NULL, 15, 3, 0);
INSERT INTO "public"."tb_deduction"("id", "component_id", "disease_id", "degress", "lower", "upper", "value", "type", "level_limit") VALUES (911, 17, 32, '>30%', NULL, 30, 30, 3, 0);
INSERT INTO "public"."tb_deduction"("id", "component_id", "disease_id", "degress", "lower", "upper", "value", "type", "level_limit") VALUES (912, 17, 33, '>10%', NULL, 10, 40, 3, 0);
INSERT INTO "public"."tb_deduction"("id", "component_id", "disease_id", "degress", "lower", "upper", "value", "type", "level_limit") VALUES (913, 17, 33, '<10%', 10, NULL, 20, 3, 0);
INSERT INTO "public"."tb_deduction"("id", "component_id", "disease_id", "degress", "lower", "upper", "value", "type", "level_limit") VALUES (914, 17, 34, '<10%', 10, NULL, 25, 3, 0);
INSERT INTO "public"."tb_deduction"("id", "component_id", "disease_id", "degress", "lower", "upper", "value", "type", "level_limit") VALUES (915, 17, 34, '>10%', NULL, 10, 45, 3, 0);
INSERT INTO "public"."tb_deduction"("id", "component_id", "disease_id", "degress", "lower", "upper", "value", "type", "level_limit") VALUES (916, 17, 35, '>10%', NULL, 10, 80, 3, 1);
INSERT INTO "public"."tb_deduction"("id", "component_id", "disease_id", "degress", "lower", "upper", "value", "type", "level_limit") VALUES (917, 17, 35, '5%~10%', 5, 10, 60, 3, 0);
INSERT INTO "public"."tb_deduction"("id", "component_id", "disease_id", "degress", "lower", "upper", "value", "type", "level_limit") VALUES (918, 17, 35, '<5%', 5, NULL, 30, 3, 0);
INSERT INTO "public"."tb_deduction"("id", "component_id", "disease_id", "degress", "lower", "upper", "value", "type", "level_limit") VALUES (919, 17, 36, '大量', NULL, NULL, 80, 3, 1);
INSERT INTO "public"."tb_deduction"("id", "component_id", "disease_id", "degress", "lower", "upper", "value", "type", "level_limit") VALUES (920, 17, 36, '局部', NULL, NULL, 25, 3, 0);
INSERT INTO "public"."tb_deduction"("id", "component_id", "disease_id", "degress", "lower", "upper", "value", "type", "level_limit") VALUES (921, 17, 37, '严重', NULL, NULL, 80, 3, 1);
INSERT INTO "public"."tb_deduction"("id", "component_id", "disease_id", "degress", "lower", "upper", "value", "type", "level_limit") VALUES (922, 17, 37, '少量', NULL, NULL, 15, 3, 0);
INSERT INTO "public"."tb_deduction"("id", "component_id", "disease_id", "degress", "lower", "upper", "value", "type", "level_limit") VALUES (923, 17, 38, '严重', NULL, NULL, 80, 3, 1);
INSERT INTO "public"."tb_deduction"("id", "component_id", "disease_id", "degress", "lower", "upper", "value", "type", "level_limit") VALUES (924, 17, 38, '少量', NULL, NULL, 65, 3, 0);
INSERT INTO "public"."tb_deduction"("id", "component_id", "disease_id", "degress", "lower", "upper", "value", "type", "level_limit") VALUES (925, 17, 39, '>20%', NULL, 20, 80, 3, 1);
INSERT INTO "public"."tb_deduction"("id", "component_id", "disease_id", "degress", "lower", "upper", "value", "type", "level_limit") VALUES (926, 17, 39, '<20%', 20, NULL, 40, 3, 0);
INSERT INTO "public"."tb_deduction"("id", "component_id", "disease_id", "degress", "lower", "upper", "value", "type", "level_limit") VALUES (927, 17, 40, '少量', NULL, NULL, 20, 3, 0);
INSERT INTO "public"."tb_deduction"("id", "component_id", "disease_id", "degress", "lower", "upper", "value", "type", "level_limit") VALUES (928, 17, 40, '大量', NULL, NULL, 80, 3, 1);
INSERT INTO "public"."tb_deduction"("id", "component_id", "disease_id", "degress", "lower", "upper", "value", "type", "level_limit") VALUES (929, 17, 41, '严重', NULL, NULL, 80, 3, 1);
INSERT INTO "public"."tb_deduction"("id", "component_id", "disease_id", "degress", "lower", "upper", "value", "type", "level_limit") VALUES (930, 17, 41, '轻微', NULL, NULL, 15, 3, 0);
INSERT INTO "public"."tb_deduction"("id", "component_id", "disease_id", "degress", "lower", "upper", "value", "type", "level_limit") VALUES (931, 17, 41, '明显', NULL, NULL, 40, 3, 0);
INSERT INTO "public"."tb_deduction"("id", "component_id", "disease_id", "degress", "lower", "upper", "value", "type", "level_limit") VALUES (932, 17, 6, '贯通', NULL, NULL, 30, 3, 0);
INSERT INTO "public"."tb_deduction"("id", "component_id", "disease_id", "degress", "lower", "upper", "value", "type", "level_limit") VALUES (933, 17, 6, '半贯通', NULL, NULL, 25, 3, 0);
INSERT INTO "public"."tb_deduction"("id", "component_id", "disease_id", "degress", "lower", "upper", "value", "type", "level_limit") VALUES (934, 17, 29, '>2%', NULL, 2, 80, 3, 1);
INSERT INTO "public"."tb_deduction"("id", "component_id", "disease_id", "degress", "lower", "upper", "value", "type", "level_limit") VALUES (935, 17, 29, '1%~2%', 1, 2, 40, 3, 0);
INSERT INTO "public"."tb_deduction"("id", "component_id", "disease_id", "degress", "lower", "upper", "value", "type", "level_limit") VALUES (936, 17, 29, '<1%', 1, NULL, 20, 3, 0);
INSERT INTO "public"."tb_deduction"("id", "component_id", "disease_id", "degress", "lower", "upper", "value", "type", "level_limit") VALUES (937, 17, 42, '<3%', 3, NULL, 10, 3, 0);
INSERT INTO "public"."tb_deduction"("id", "component_id", "disease_id", "degress", "lower", "upper", "value", "type", "level_limit") VALUES (938, 17, 42, '3%~10%', 3, 10, 25, 3, 0);
INSERT INTO "public"."tb_deduction"("id", "component_id", "disease_id", "degress", "lower", "upper", "value", "type", "level_limit") VALUES (939, 17, 42, '>10%', NULL, 10, 40, 3, 0);
INSERT INTO "public"."tb_deduction"("id", "component_id", "disease_id", "degress", "lower", "upper", "value", "type", "level_limit") VALUES (940, 17, 43, '<1%', 1, NULL, 15, 3, 0);
INSERT INTO "public"."tb_deduction"("id", "component_id", "disease_id", "degress", "lower", "upper", "value", "type", "level_limit") VALUES (941, 17, 43, '1%~2%', 1, 2, 30, 3, 0);
INSERT INTO "public"."tb_deduction"("id", "component_id", "disease_id", "degress", "lower", "upper", "value", "type", "level_limit") VALUES (942, 17, 43, '>2%', NULL, 2, 45, 3, 0);
INSERT INTO "public"."tb_deduction"("id", "component_id", "disease_id", "degress", "lower", "upper", "value", "type", "level_limit") VALUES (943, 17, 44, '轻微', NULL, NULL, 40, 3, 0);
INSERT INTO "public"."tb_deduction"("id", "component_id", "disease_id", "degress", "lower", "upper", "value", "type", "level_limit") VALUES (944, 17, 44, '明显', NULL, NULL, 80, 3, 1);
INSERT INTO "public"."tb_deduction"("id", "component_id", "disease_id", "degress", "lower", "upper", "value", "type", "level_limit") VALUES (945, 17, 45, '明显', NULL, NULL, 35, 3, 0);
INSERT INTO "public"."tb_deduction"("id", "component_id", "disease_id", "degress", "lower", "upper", "value", "type", "level_limit") VALUES (946, 17, 45, '严重', NULL, NULL, 80, 3, 1);
INSERT INTO "public"."tb_deduction"("id", "component_id", "disease_id", "degress", "lower", "upper", "value", "type", "level_limit") VALUES (947, 17, 46, '严重', NULL, NULL, 40, 3, 0);
INSERT INTO "public"."tb_deduction"("id", "component_id", "disease_id", "degress", "lower", "upper", "value", "type", "level_limit") VALUES (948, 17, 46, '轻微', NULL, NULL, 15, 3, 0);
INSERT INTO "public"."tb_deduction"("id", "component_id", "disease_id", "degress", "lower", "upper", "value", "type", "level_limit") VALUES (949, 17, 47, '严重', NULL, NULL, 80, 3, 1);
INSERT INTO "public"."tb_deduction"("id", "component_id", "disease_id", "degress", "lower", "upper", "value", "type", "level_limit") VALUES (950, 17, 47, '明显', NULL, NULL, 40, 3, 0);
INSERT INTO "public"."tb_deduction"("id", "component_id", "disease_id", "degress", "lower", "upper", "value", "type", "level_limit") VALUES (951, 31, 7, '贯通', NULL, NULL, 45, 3, 0);
INSERT INTO "public"."tb_deduction"("id", "component_id", "disease_id", "degress", "lower", "upper", "value", "type", "level_limit") VALUES (952, 31, 7, '非贯通', NULL, NULL, 25, 3, 0);
INSERT INTO "public"."tb_deduction"("id", "component_id", "disease_id", "degress", "lower", "upper", "value", "type", "level_limit") VALUES (953, 31, 73, '剥离', NULL, NULL, 25, 3, 0);
INSERT INTO "public"."tb_deduction"("id", "component_id", "disease_id", "degress", "lower", "upper", "value", "type", "level_limit") VALUES (954, 31, 73, '锈蚀', NULL, NULL, 60, 3, 0);
INSERT INTO "public"."tb_deduction"("id", "component_id", "disease_id", "degress", "lower", "upper", "value", "type", "level_limit") VALUES (955, 31, 74, '轻微', NULL, NULL, 15, 3, 0);
INSERT INTO "public"."tb_deduction"("id", "component_id", "disease_id", "degress", "lower", "upper", "value", "type", "level_limit") VALUES (956, 8, 74, '严重', NULL, NULL, 25, 3, 0);
INSERT INTO "public"."tb_deduction"("id", "component_id", "disease_id", "degress", "lower", "upper", "value", "type", "level_limit") VALUES (957, 8, 75, '完好', NULL, NULL, 0, 3, 0);
INSERT INTO "public"."tb_deduction"("id", "component_id", "disease_id", "degress", "lower", "upper", "value", "type", "level_limit") VALUES (958, 8, 75, '锈蚀且削弱截面', NULL, NULL, 40, 3, 0);
INSERT INTO "public"."tb_deduction"("id", "component_id", "disease_id", "degress", "lower", "upper", "value", "type", "level_limit") VALUES (959, 8, 75, '锈蚀', NULL, NULL, 20, 3, 0);
INSERT INTO "public"."tb_deduction"("id", "component_id", "disease_id", "degress", "lower", "upper", "value", "type", "level_limit") VALUES (960, 8, 76, '10%~20%', 10, 20, 25, 3, 0);
INSERT INTO "public"."tb_deduction"("id", "component_id", "disease_id", "degress", "lower", "upper", "value", "type", "level_limit") VALUES (961, 8, 76, '<10%', 10, NULL, 15, 3, 0);
INSERT INTO "public"."tb_deduction"("id", "component_id", "disease_id", "degress", "lower", "upper", "value", "type", "level_limit") VALUES (962, 8, 76, '>20%', NULL, 20, 35, 3, 0);
INSERT INTO "public"."tb_deduction"("id", "component_id", "disease_id", "degress", "lower", "upper", "value", "type", "level_limit") VALUES (963, 8, 77, '>20%', NULL, 20, 30, 3, 0);
INSERT INTO "public"."tb_deduction"("id", "component_id", "disease_id", "degress", "lower", "upper", "value", "type", "level_limit") VALUES (964, 8, 77, '<10%', 10, NULL, 10, 3, 0);
INSERT INTO "public"."tb_deduction"("id", "component_id", "disease_id", "degress", "lower", "upper", "value", "type", "level_limit") VALUES (965, 8, 77, '10%~20%', 10, 20, 20, 3, 0);
INSERT INTO "public"."tb_deduction"("id", "component_id", "disease_id", "degress", "lower", "upper", "value", "type", "level_limit") VALUES (966, 8, 78, '5%~10%', 5, 10, 25, 3, 0);
INSERT INTO "public"."tb_deduction"("id", "component_id", "disease_id", "degress", "lower", "upper", "value", "type", "level_limit") VALUES (967, 8, 78, '>10%', NULL, 10, 35, 3, 0);
INSERT INTO "public"."tb_deduction"("id", "component_id", "disease_id", "degress", "lower", "upper", "value", "type", "level_limit") VALUES (968, 8, 78, '<5%', 5, NULL, 15, 3, 0);
INSERT INTO "public"."tb_deduction"("id", "component_id", "disease_id", "degress", "lower", "upper", "value", "type", "level_limit") VALUES (969, 8, 79, '<5%', 5, NULL, 20, 3, 0);
INSERT INTO "public"."tb_deduction"("id", "component_id", "disease_id", "degress", "lower", "upper", "value", "type", "level_limit") VALUES (970, 8, 79, '>10%', NULL, 10, 50, 3, 0);
INSERT INTO "public"."tb_deduction"("id", "component_id", "disease_id", "degress", "lower", "upper", "value", "type", "level_limit") VALUES (971, 8, 79, '5%~10%', 5, 10, 30, 3, 0);
INSERT INTO "public"."tb_deduction"("id", "component_id", "disease_id", "degress", "lower", "upper", "value", "type", "level_limit") VALUES (972, 20, 30, '中等', NULL, NULL, 30, 3, 0);
INSERT INTO "public"."tb_deduction"("id", "component_id", "disease_id", "degress", "lower", "upper", "value", "type", "level_limit") VALUES (973, 20, 30, '轻微', NULL, NULL, 10, 3, 0);
INSERT INTO "public"."tb_deduction"("id", "component_id", "disease_id", "degress", "lower", "upper", "value", "type", "level_limit") VALUES (974, 20, 30, '严重', NULL, NULL, 80, 3, 1);
INSERT INTO "public"."tb_deduction"("id", "component_id", "disease_id", "degress", "lower", "upper", "value", "type", "level_limit") VALUES (975, 20, 31, '中等', NULL, NULL, 30, 3, 0);
INSERT INTO "public"."tb_deduction"("id", "component_id", "disease_id", "degress", "lower", "upper", "value", "type", "level_limit") VALUES (976, 20, 31, '轻微', NULL, NULL, 10, 3, 0);
INSERT INTO "public"."tb_deduction"("id", "component_id", "disease_id", "degress", "lower", "upper", "value", "type", "level_limit") VALUES (977, 20, 31, '严重', NULL, NULL, 80, 3, 1);
INSERT INTO "public"."tb_deduction"("id", "component_id", "disease_id", "degress", "lower", "upper", "value", "type", "level_limit") VALUES (978, 20, 96, '轻微', NULL, NULL, 15, 3, 0);
INSERT INTO "public"."tb_deduction"("id", "component_id", "disease_id", "degress", "lower", "upper", "value", "type", "level_limit") VALUES (979, 20, 96, '明显', NULL, NULL, 40, 3, 0);
INSERT INTO "public"."tb_deduction"("id", "component_id", "disease_id", "degress", "lower", "upper", "value", "type", "level_limit") VALUES (980, 23, 70, '完好', NULL, NULL, 0, 3, 0);
INSERT INTO "public"."tb_deduction"("id", "component_id", "disease_id", "degress", "lower", "upper", "value", "type", "level_limit") VALUES (981, 23, 70, '直径减小', NULL, NULL, 30, 3, 0);
INSERT INTO "public"."tb_deduction"("id", "component_id", "disease_id", "degress", "lower", "upper", "value", "type", "level_limit") VALUES (982, 23, 70, '锈蚀', NULL, NULL, 40, 3, 0);
INSERT INTO "public"."tb_deduction"("id", "component_id", "disease_id", "degress", "lower", "upper", "value", "type", "level_limit") VALUES (983, 23, 71, '倾斜', NULL, NULL, 30, 3, 0);
INSERT INTO "public"."tb_deduction"("id", "component_id", "disease_id", "degress", "lower", "upper", "value", "type", "level_limit") VALUES (984, 23, 71, '坍塌变形', NULL, NULL, 80, 3, 1);
INSERT INTO "public"."tb_deduction"("id", "component_id", "disease_id", "degress", "lower", "upper", "value", "type", "level_limit") VALUES (985, 28, 64, '轻微', NULL, NULL, 10, 3, 0);
INSERT INTO "public"."tb_deduction"("id", "component_id", "disease_id", "degress", "lower", "upper", "value", "type", "level_limit") VALUES (986, 28, 64, '严重', NULL, NULL, 20, 3, 0);
INSERT INTO "public"."tb_deduction"("id", "component_id", "disease_id", "degress", "lower", "upper", "value", "type", "level_limit") VALUES (987, 28, 65, '完好', NULL, NULL, 0, 3, 0);
INSERT INTO "public"."tb_deduction"("id", "component_id", "disease_id", "degress", "lower", "upper", "value", "type", "level_limit") VALUES (988, 28, 65, '开裂', NULL, NULL, 15, 3, 0);
INSERT INTO "public"."tb_deduction"("id", "component_id", "disease_id", "degress", "lower", "upper", "value", "type", "level_limit") VALUES (989, 28, 65, '脱开', NULL, NULL, 25, 3, 0);
INSERT INTO "public"."tb_deduction"("id", "component_id", "disease_id", "degress", "lower", "upper", "value", "type", "level_limit") VALUES (990, 28, 66, '完好', NULL, NULL, 0, 3, 0);
INSERT INTO "public"."tb_deduction"("id", "component_id", "disease_id", "degress", "lower", "upper", "value", "type", "level_limit") VALUES (991, 28, 66, '失去部分', NULL, NULL, 25, 3, 0);
INSERT INTO "public"."tb_deduction"("id", "component_id", "disease_id", "degress", "lower", "upper", "value", "type", "level_limit") VALUES (992, 28, 66, '完全散失', NULL, NULL, 35, 3, 0);
INSERT INTO "public"."tb_deduction"("id", "component_id", "disease_id", "degress", "lower", "upper", "value", "type", "level_limit") VALUES (993, 28, 67, '少量', NULL, NULL, 15, 3, 0);
INSERT INTO "public"."tb_deduction"("id", "component_id", "disease_id", "degress", "lower", "upper", "value", "type", "level_limit") VALUES (994, 28, 67, '大量', NULL, NULL, 35, 3, 0);
INSERT INTO "public"."tb_deduction"("id", "component_id", "disease_id", "degress", "lower", "upper", "value", "type", "level_limit") VALUES (995, 25, 88, '轻微', NULL, NULL, 35, 3, 0);
INSERT INTO "public"."tb_deduction"("id", "component_id", "disease_id", "degress", "lower", "upper", "value", "type", "level_limit") VALUES (996, 25, 88, '严重', NULL, NULL, 65, 3, 0);
INSERT INTO "public"."tb_deduction"("id", "component_id", "disease_id", "degress", "lower", "upper", "value", "type", "level_limit") VALUES (997, 25, 89, '轻微', NULL, NULL, 20, 3, 0);
INSERT INTO "public"."tb_deduction"("id", "component_id", "disease_id", "degress", "lower", "upper", "value", "type", "level_limit") VALUES (998, 25, 89, '严重', NULL, NULL, 50, 3, 0);
INSERT INTO "public"."tb_deduction"("id", "component_id", "disease_id", "degress", "lower", "upper", "value", "type", "level_limit") VALUES (999, 25, 90, '个别处', NULL, NULL, 30, 3, 0);
INSERT INTO "public"."tb_deduction"("id", "component_id", "disease_id", "degress", "lower", "upper", "value", "type", "level_limit") VALUES (1000, 25, 90, '多处', NULL, NULL, 60, 3, 0);
INSERT INTO "public"."tb_deduction"("id", "component_id", "disease_id", "degress", "lower", "upper", "value", "type", "level_limit") VALUES (1001, 18, 32, '<30%', 30, NULL, 15, 3, 0);
INSERT INTO "public"."tb_deduction"("id", "component_id", "disease_id", "degress", "lower", "upper", "value", "type", "level_limit") VALUES (1002, 18, 32, '>30%', NULL, 30, 30, 3, 0);
INSERT INTO "public"."tb_deduction"("id", "component_id", "disease_id", "degress", "lower", "upper", "value", "type", "level_limit") VALUES (1003, 18, 33, '>10%', NULL, 10, 40, 3, 0);
INSERT INTO "public"."tb_deduction"("id", "component_id", "disease_id", "degress", "lower", "upper", "value", "type", "level_limit") VALUES (1004, 18, 33, '<10%', 10, NULL, 20, 3, 0);
INSERT INTO "public"."tb_deduction"("id", "component_id", "disease_id", "degress", "lower", "upper", "value", "type", "level_limit") VALUES (1005, 18, 34, '<10%', 10, NULL, 25, 3, 0);
INSERT INTO "public"."tb_deduction"("id", "component_id", "disease_id", "degress", "lower", "upper", "value", "type", "level_limit") VALUES (1006, 18, 34, '>10%', NULL, 10, 45, 3, 0);
INSERT INTO "public"."tb_deduction"("id", "component_id", "disease_id", "degress", "lower", "upper", "value", "type", "level_limit") VALUES (1007, 18, 35, '>10%', NULL, 10, 80, 3, 1);
INSERT INTO "public"."tb_deduction"("id", "component_id", "disease_id", "degress", "lower", "upper", "value", "type", "level_limit") VALUES (1008, 18, 35, '5%~10%', 5, 10, 60, 3, 0);
INSERT INTO "public"."tb_deduction"("id", "component_id", "disease_id", "degress", "lower", "upper", "value", "type", "level_limit") VALUES (1009, 18, 35, '<5%', 5, NULL, 30, 3, 0);
INSERT INTO "public"."tb_deduction"("id", "component_id", "disease_id", "degress", "lower", "upper", "value", "type", "level_limit") VALUES (1010, 18, 36, '大量', NULL, NULL, 80, 3, 1);
INSERT INTO "public"."tb_deduction"("id", "component_id", "disease_id", "degress", "lower", "upper", "value", "type", "level_limit") VALUES (1011, 18, 36, '局部', NULL, NULL, 25, 3, 0);
INSERT INTO "public"."tb_deduction"("id", "component_id", "disease_id", "degress", "lower", "upper", "value", "type", "level_limit") VALUES (1012, 18, 37, '严重', NULL, NULL, 80, 3, 1);
INSERT INTO "public"."tb_deduction"("id", "component_id", "disease_id", "degress", "lower", "upper", "value", "type", "level_limit") VALUES (1013, 18, 37, '少量', NULL, NULL, 15, 3, 0);
INSERT INTO "public"."tb_deduction"("id", "component_id", "disease_id", "degress", "lower", "upper", "value", "type", "level_limit") VALUES (1014, 18, 38, '严重', NULL, NULL, 80, 3, 1);
INSERT INTO "public"."tb_deduction"("id", "component_id", "disease_id", "degress", "lower", "upper", "value", "type", "level_limit") VALUES (1015, 18, 38, '少量', NULL, NULL, 65, 3, 0);
INSERT INTO "public"."tb_deduction"("id", "component_id", "disease_id", "degress", "lower", "upper", "value", "type", "level_limit") VALUES (1016, 18, 39, '>20%', NULL, 20, 80, 3, 1);
INSERT INTO "public"."tb_deduction"("id", "component_id", "disease_id", "degress", "lower", "upper", "value", "type", "level_limit") VALUES (1017, 18, 39, '<20%', 20, NULL, 40, 3, 0);
INSERT INTO "public"."tb_deduction"("id", "component_id", "disease_id", "degress", "lower", "upper", "value", "type", "level_limit") VALUES (1018, 18, 40, '少量', NULL, NULL, 20, 3, 0);
INSERT INTO "public"."tb_deduction"("id", "component_id", "disease_id", "degress", "lower", "upper", "value", "type", "level_limit") VALUES (1019, 18, 40, '大量', NULL, NULL, 80, 3, 1);
INSERT INTO "public"."tb_deduction"("id", "component_id", "disease_id", "degress", "lower", "upper", "value", "type", "level_limit") VALUES (1020, 18, 41, '严重', NULL, NULL, 80, 3, 1);
INSERT INTO "public"."tb_deduction"("id", "component_id", "disease_id", "degress", "lower", "upper", "value", "type", "level_limit") VALUES (1021, 18, 41, '轻微', NULL, NULL, 15, 3, 0);
INSERT INTO "public"."tb_deduction"("id", "component_id", "disease_id", "degress", "lower", "upper", "value", "type", "level_limit") VALUES (1022, 18, 41, '明显', NULL, NULL, 40, 3, 0);
INSERT INTO "public"."tb_deduction"("id", "component_id", "disease_id", "degress", "lower", "upper", "value", "type", "level_limit") VALUES (1025, 18, 29, '>2%', NULL, 2, 80, 3, 1);
INSERT INTO "public"."tb_deduction"("id", "component_id", "disease_id", "degress", "lower", "upper", "value", "type", "level_limit") VALUES (1026, 18, 29, '1%~2%', 1, 2, 40, 3, 0);
INSERT INTO "public"."tb_deduction"("id", "component_id", "disease_id", "degress", "lower", "upper", "value", "type", "level_limit") VALUES (1027, 18, 29, '<1%', 1, NULL, 20, 3, 0);
INSERT INTO "public"."tb_deduction"("id", "component_id", "disease_id", "degress", "lower", "upper", "value", "type", "level_limit") VALUES (1028, 18, 42, '<3%', 3, NULL, 10, 3, 0);
INSERT INTO "public"."tb_deduction"("id", "component_id", "disease_id", "degress", "lower", "upper", "value", "type", "level_limit") VALUES (1029, 18, 42, '3%~10%', 3, 10, 25, 3, 0);
INSERT INTO "public"."tb_deduction"("id", "component_id", "disease_id", "degress", "lower", "upper", "value", "type", "level_limit") VALUES (1030, 18, 42, '>10%', NULL, 10, 40, 3, 0);
INSERT INTO "public"."tb_deduction"("id", "component_id", "disease_id", "degress", "lower", "upper", "value", "type", "level_limit") VALUES (1031, 18, 43, '<1%', 1, NULL, 15, 3, 0);
INSERT INTO "public"."tb_deduction"("id", "component_id", "disease_id", "degress", "lower", "upper", "value", "type", "level_limit") VALUES (1032, 18, 43, '1%~2%', 1, 2, 30, 3, 0);
INSERT INTO "public"."tb_deduction"("id", "component_id", "disease_id", "degress", "lower", "upper", "value", "type", "level_limit") VALUES (1033, 18, 43, '>2%', NULL, 2, 45, 3, 0);
INSERT INTO "public"."tb_deduction"("id", "component_id", "disease_id", "degress", "lower", "upper", "value", "type", "level_limit") VALUES (1034, 18, 44, '轻微', NULL, NULL, 40, 3, 0);
INSERT INTO "public"."tb_deduction"("id", "component_id", "disease_id", "degress", "lower", "upper", "value", "type", "level_limit") VALUES (1035, 18, 44, '明显', NULL, NULL, 80, 3, 1);
INSERT INTO "public"."tb_deduction"("id", "component_id", "disease_id", "degress", "lower", "upper", "value", "type", "level_limit") VALUES (1036, 18, 45, '明显', NULL, NULL, 35, 3, 0);
INSERT INTO "public"."tb_deduction"("id", "component_id", "disease_id", "degress", "lower", "upper", "value", "type", "level_limit") VALUES (1037, 18, 45, '严重', NULL, NULL, 80, 3, 1);
INSERT INTO "public"."tb_deduction"("id", "component_id", "disease_id", "degress", "lower", "upper", "value", "type", "level_limit") VALUES (1038, 18, 46, '严重', NULL, NULL, 40, 3, 0);
INSERT INTO "public"."tb_deduction"("id", "component_id", "disease_id", "degress", "lower", "upper", "value", "type", "level_limit") VALUES (1039, 18, 46, '轻微', NULL, NULL, 15, 3, 0);
INSERT INTO "public"."tb_deduction"("id", "component_id", "disease_id", "degress", "lower", "upper", "value", "type", "level_limit") VALUES (1040, 18, 47, '严重', NULL, NULL, 80, 3, 1);
INSERT INTO "public"."tb_deduction"("id", "component_id", "disease_id", "degress", "lower", "upper", "value", "type", "level_limit") VALUES (1041, 18, 47, '明显', NULL, NULL, 40, 3, 0);
INSERT INTO "public"."tb_deduction"("id", "component_id", "disease_id", "degress", "lower", "upper", "value", "type", "level_limit") VALUES (1042, 8, 32, '<30%', 30, NULL, 15, 3, 0);
INSERT INTO "public"."tb_deduction"("id", "component_id", "disease_id", "degress", "lower", "upper", "value", "type", "level_limit") VALUES (1043, 8, 32, '<30%', 30, NULL, 15, 3, 0);
INSERT INTO "public"."tb_deduction"("id", "component_id", "disease_id", "degress", "lower", "upper", "value", "type", "level_limit") VALUES (1044, 8, 32, '>30%', NULL, 30, 30, 3, 0);
INSERT INTO "public"."tb_deduction"("id", "component_id", "disease_id", "degress", "lower", "upper", "value", "type", "level_limit") VALUES (1045, 8, 33, '>10%', NULL, 10, 40, 3, 0);
INSERT INTO "public"."tb_deduction"("id", "component_id", "disease_id", "degress", "lower", "upper", "value", "type", "level_limit") VALUES (1046, 8, 33, '<10%', 10, NULL, 20, 3, 0);
INSERT INTO "public"."tb_deduction"("id", "component_id", "disease_id", "degress", "lower", "upper", "value", "type", "level_limit") VALUES (1047, 8, 34, '<10%', 10, NULL, 25, 3, 0);
INSERT INTO "public"."tb_deduction"("id", "component_id", "disease_id", "degress", "lower", "upper", "value", "type", "level_limit") VALUES (1048, 8, 34, '>10%', NULL, 10, 45, 3, 0);
INSERT INTO "public"."tb_deduction"("id", "component_id", "disease_id", "degress", "lower", "upper", "value", "type", "level_limit") VALUES (1049, 8, 35, '>10%', NULL, 10, 80, 3, 1);
INSERT INTO "public"."tb_deduction"("id", "component_id", "disease_id", "degress", "lower", "upper", "value", "type", "level_limit") VALUES (1050, 8, 35, '5%~10%', 5, 10, 60, 3, 0);
INSERT INTO "public"."tb_deduction"("id", "component_id", "disease_id", "degress", "lower", "upper", "value", "type", "level_limit") VALUES (1051, 8, 35, '<5%', 5, NULL, 30, 3, 0);
INSERT INTO "public"."tb_deduction"("id", "component_id", "disease_id", "degress", "lower", "upper", "value", "type", "level_limit") VALUES (1052, 8, 36, '大量', NULL, NULL, 80, 3, 1);
INSERT INTO "public"."tb_deduction"("id", "component_id", "disease_id", "degress", "lower", "upper", "value", "type", "level_limit") VALUES (1053, 8, 36, '局部', NULL, NULL, 25, 3, 0);
INSERT INTO "public"."tb_deduction"("id", "component_id", "disease_id", "degress", "lower", "upper", "value", "type", "level_limit") VALUES (1054, 8, 37, '严重', NULL, NULL, 80, 3, 1);
INSERT INTO "public"."tb_deduction"("id", "component_id", "disease_id", "degress", "lower", "upper", "value", "type", "level_limit") VALUES (1055, 8, 37, '少量', NULL, NULL, 15, 3, 0);
INSERT INTO "public"."tb_deduction"("id", "component_id", "disease_id", "degress", "lower", "upper", "value", "type", "level_limit") VALUES (1056, 8, 38, '严重', NULL, NULL, 80, 3, 1);
INSERT INTO "public"."tb_deduction"("id", "component_id", "disease_id", "degress", "lower", "upper", "value", "type", "level_limit") VALUES (1057, 8, 38, '少量', NULL, NULL, 65, 3, 0);
INSERT INTO "public"."tb_deduction"("id", "component_id", "disease_id", "degress", "lower", "upper", "value", "type", "level_limit") VALUES (1058, 8, 39, '>20%', NULL, 20, 80, 3, 1);
INSERT INTO "public"."tb_deduction"("id", "component_id", "disease_id", "degress", "lower", "upper", "value", "type", "level_limit") VALUES (1059, 8, 39, '<20%', 20, NULL, 40, 3, 0);
INSERT INTO "public"."tb_deduction"("id", "component_id", "disease_id", "degress", "lower", "upper", "value", "type", "level_limit") VALUES (1060, 8, 40, '少量', NULL, NULL, 20, 3, 0);
INSERT INTO "public"."tb_deduction"("id", "component_id", "disease_id", "degress", "lower", "upper", "value", "type", "level_limit") VALUES (1061, 8, 40, '大量', NULL, NULL, 80, 3, 1);
INSERT INTO "public"."tb_deduction"("id", "component_id", "disease_id", "degress", "lower", "upper", "value", "type", "level_limit") VALUES (1062, 8, 41, '严重', NULL, NULL, 80, 3, 1);
INSERT INTO "public"."tb_deduction"("id", "component_id", "disease_id", "degress", "lower", "upper", "value", "type", "level_limit") VALUES (1063, 8, 41, '轻微', NULL, NULL, 15, 3, 0);
INSERT INTO "public"."tb_deduction"("id", "component_id", "disease_id", "degress", "lower", "upper", "value", "type", "level_limit") VALUES (1064, 8, 41, '明显', NULL, NULL, 40, 3, 0);
INSERT INTO "public"."tb_deduction"("id", "component_id", "disease_id", "degress", "lower", "upper", "value", "type", "level_limit") VALUES (1085, 11, 58, '松动', NULL, NULL, 20, 3, 0);
INSERT INTO "public"."tb_deduction"("id", "component_id", "disease_id", "degress", "lower", "upper", "value", "type", "level_limit") VALUES (1086, 11, 58, '锈蚀', NULL, NULL, 30, 3, 0);
INSERT INTO "public"."tb_deduction"("id", "component_id", "disease_id", "degress", "lower", "upper", "value", "type", "level_limit") VALUES (1087, 11, 58, '完好', NULL, NULL, 0, 3, 0);
INSERT INTO "public"."tb_deduction"("id", "component_id", "disease_id", "degress", "lower", "upper", "value", "type", "level_limit") VALUES (1088, 11, 59, '变形', NULL, NULL, 15, 3, 0);
INSERT INTO "public"."tb_deduction"("id", "component_id", "disease_id", "degress", "lower", "upper", "value", "type", "level_limit") VALUES (1089, 11, 59, '完好', NULL, NULL, 0, 3, 0);
INSERT INTO "public"."tb_deduction"("id", "component_id", "disease_id", "degress", "lower", "upper", "value", "type", "level_limit") VALUES (1090, 11, 59, '开裂', NULL, NULL, 40, 3, 0);
INSERT INTO "public"."tb_deduction"("id", "component_id", "disease_id", "degress", "lower", "upper", "value", "type", "level_limit") VALUES (1091, 11, 60, '锈蚀', NULL, NULL, 65, 3, 0);
INSERT INTO "public"."tb_deduction"("id", "component_id", "disease_id", "degress", "lower", "upper", "value", "type", "level_limit") VALUES (1092, 11, 60, '完好', NULL, NULL, 0, 3, 0);
INSERT INTO "public"."tb_deduction"("id", "component_id", "disease_id", "degress", "lower", "upper", "value", "type", "level_limit") VALUES (1093, 11, 60, '松动', NULL, NULL, 40, 3, 0);
INSERT INTO "public"."tb_deduction"("id", "component_id", "disease_id", "degress", "lower", "upper", "value", "type", "level_limit") VALUES (1094, 11, 62, '稳定', NULL, NULL, 0, 3, 0);
INSERT INTO "public"."tb_deduction"("id", "component_id", "disease_id", "degress", "lower", "upper", "value", "type", "level_limit") VALUES (1095, 11, 62, '落梁危险', NULL, NULL, 80, 3, 1);
INSERT INTO "public"."tb_deduction"("id", "component_id", "disease_id", "degress", "lower", "upper", "value", "type", "level_limit") VALUES (1096, 11, 62, '不稳定', NULL, NULL, 40, 3, 0);
INSERT INTO "public"."tb_deduction"("id", "component_id", "disease_id", "degress", "lower", "upper", "value", "type", "level_limit") VALUES (1097, 11, 63, '完好', NULL, NULL, 0, 3, 0);
INSERT INTO "public"."tb_deduction"("id", "component_id", "disease_id", "degress", "lower", "upper", "value", "type", "level_limit") VALUES (1098, 11, 63, '严重', NULL, NULL, 40, 3, 0);
INSERT INTO "public"."tb_deduction"("id", "component_id", "disease_id", "degress", "lower", "upper", "value", "type", "level_limit") VALUES (1099, 11, 63, '轻微', NULL, NULL, 20, 3, 0);
SELECT setval('tb_deduction_id_seq',(SELECT MAX(id) FROM tb_deduction));


INSERT INTO "public"."tb_property_group"("id", "property_id", "groups", "accord") VALUES (1, 55, 1, 1);
INSERT INTO "public"."tb_property_group"("id", "property_id", "groups", "accord") VALUES (2, 56, 1, 1);
INSERT INTO "public"."tb_property_group"("id", "property_id", "groups", "accord") VALUES (3, 68, 1, 0);
INSERT INTO "public"."tb_property_group"("id", "property_id", "groups", "accord") VALUES (4, 57, 1, 0);
INSERT INTO "public"."tb_property_group"("id", "property_id", "groups", "accord") VALUES (5, 58, 1, 0);
INSERT INTO "public"."tb_property_group"("id", "property_id", "groups", "accord") VALUES (6, 55, 2, 0);
INSERT INTO "public"."tb_property_group"("id", "property_id", "groups", "accord") VALUES (7, 56, 2, 0);
INSERT INTO "public"."tb_property_group"("id", "property_id", "groups", "accord") VALUES (8, 63, 2, 1);
INSERT INTO "public"."tb_property_group"("id", "property_id", "groups", "accord") VALUES (9, 59, 2, 0);
INSERT INTO "public"."tb_property_group"("id", "property_id", "groups", "accord") VALUES (10, 68, 2, 0);
INSERT INTO "public"."tb_property_group"("id", "property_id", "groups", "accord") VALUES (11, 57, 2, 0);
INSERT INTO "public"."tb_property_group"("id", "property_id", "groups", "accord") VALUES (12, 58, 2, 0);
INSERT INTO "public"."tb_property_group"("id", "property_id", "groups", "accord") VALUES (13, 65, 3, 1);
INSERT INTO "public"."tb_property_group"("id", "property_id", "groups", "accord") VALUES (14, 68, 3, 0);
INSERT INTO "public"."tb_property_group"("id", "property_id", "groups", "accord") VALUES (15, 57, 3, 0);
INSERT INTO "public"."tb_property_group"("id", "property_id", "groups", "accord") VALUES (16, 58, 3, 0);
INSERT INTO "public"."tb_property_group"("id", "property_id", "groups", "accord") VALUES (17, 63, 4, 1);
INSERT INTO "public"."tb_property_group"("id", "property_id", "groups", "accord") VALUES (18, 60, 4, 0);
INSERT INTO "public"."tb_property_group"("id", "property_id", "groups", "accord") VALUES (19, 62, 4, 0);
INSERT INTO "public"."tb_property_group"("id", "property_id", "groups", "accord") VALUES (20, 68, 4, 0);
INSERT INTO "public"."tb_property_group"("id", "property_id", "groups", "accord") VALUES (21, 57, 4, 0);
INSERT INTO "public"."tb_property_group"("id", "property_id", "groups", "accord") VALUES (22, 58, 4, 0);
INSERT INTO "public"."tb_property_group"("id", "property_id", "groups", "accord") VALUES (23, 63, 5, 1);
INSERT INTO "public"."tb_property_group"("id", "property_id", "groups", "accord") VALUES (24, 68, 5, 0);
INSERT INTO "public"."tb_property_group"("id", "property_id", "groups", "accord") VALUES (25, 57, 5, 0);
INSERT INTO "public"."tb_property_group"("id", "property_id", "groups", "accord") VALUES (26, 58, 5, 0);
INSERT INTO "public"."tb_property_group"("id", "property_id", "groups", "accord") VALUES (27, 63, 6, 1);
INSERT INTO "public"."tb_property_group"("id", "property_id", "groups", "accord") VALUES (28, 64, 6, 0);
INSERT INTO "public"."tb_property_group"("id", "property_id", "groups", "accord") VALUES (29, 68, 6, 0);
INSERT INTO "public"."tb_property_group"("id", "property_id", "groups", "accord") VALUES (30, 57, 6, 0);
INSERT INTO "public"."tb_property_group"("id", "property_id", "groups", "accord") VALUES (31, 58, 6, 0);
INSERT INTO "public"."tb_property_group"("id", "property_id", "groups", "accord") VALUES (32, 69, 7, 1);
INSERT INTO "public"."tb_property_group"("id", "property_id", "groups", "accord") VALUES (33, 68, 7, 0);
INSERT INTO "public"."tb_property_group"("id", "property_id", "groups", "accord") VALUES (34, 57, 7, 0);
INSERT INTO "public"."tb_property_group"("id", "property_id", "groups", "accord") VALUES (35, 58, 7, 0);
INSERT INTO "public"."tb_property_group"("id", "property_id", "groups", "accord") VALUES (36, 63, 8, 1);
INSERT INTO "public"."tb_property_group"("id", "property_id", "groups", "accord") VALUES (37, 61, 8, 0);
INSERT INTO "public"."tb_property_group"("id", "property_id", "groups", "accord") VALUES (38, 68, 8, 0);
INSERT INTO "public"."tb_property_group"("id", "property_id", "groups", "accord") VALUES (39, 57, 8, 0);
INSERT INTO "public"."tb_property_group"("id", "property_id", "groups", "accord") VALUES (40, 58, 8, 0);
INSERT INTO "public"."tb_property_group"("id", "property_id", "groups", "accord") VALUES (41, 63, 9, 1);
INSERT INTO "public"."tb_property_group"("id", "property_id", "groups", "accord") VALUES (42, 65, 9, 0);
INSERT INTO "public"."tb_property_group"("id", "property_id", "groups", "accord") VALUES (43, 68, 9, 0);
INSERT INTO "public"."tb_property_group"("id", "property_id", "groups", "accord") VALUES (44, 57, 9, 0);
INSERT INTO "public"."tb_property_group"("id", "property_id", "groups", "accord") VALUES (45, 58, 9, 0);
INSERT INTO "public"."tb_property_group"("id", "property_id", "groups", "accord") VALUES (46, 63, 10, 1);
INSERT INTO "public"."tb_property_group"("id", "property_id", "groups", "accord") VALUES (47, 55, 10, 0);
INSERT INTO "public"."tb_property_group"("id", "property_id", "groups", "accord") VALUES (48, 56, 10, 0);
INSERT INTO "public"."tb_property_group"("id", "property_id", "groups", "accord") VALUES (49, 68, 10, 0);
INSERT INTO "public"."tb_property_group"("id", "property_id", "groups", "accord") VALUES (50, 57, 10, 0);
INSERT INTO "public"."tb_property_group"("id", "property_id", "groups", "accord") VALUES (51, 58, 10, 0);
INSERT INTO "public"."tb_property_group"("id", "property_id", "groups", "accord") VALUES (52, 63, 11, 1);
INSERT INTO "public"."tb_property_group"("id", "property_id", "groups", "accord") VALUES (53, 66, 11, 0);
INSERT INTO "public"."tb_property_group"("id", "property_id", "groups", "accord") VALUES (54, 68, 11, 0);
INSERT INTO "public"."tb_property_group"("id", "property_id", "groups", "accord") VALUES (55, 57, 11, 0);
INSERT INTO "public"."tb_property_group"("id", "property_id", "groups", "accord") VALUES (56, 58, 11, 0);
INSERT INTO "public"."tb_property_group"("id", "property_id", "groups", "accord") VALUES (57, 63, 12, 1);
INSERT INTO "public"."tb_property_group"("id", "property_id", "groups", "accord") VALUES (58, 60, 12, 0);
INSERT INTO "public"."tb_property_group"("id", "property_id", "groups", "accord") VALUES (59, 61, 12, 0);
INSERT INTO "public"."tb_property_group"("id", "property_id", "groups", "accord") VALUES (60, 62, 12, 0);
INSERT INTO "public"."tb_property_group"("id", "property_id", "groups", "accord") VALUES (61, 68, 12, 0);
INSERT INTO "public"."tb_property_group"("id", "property_id", "groups", "accord") VALUES (62, 57, 12, 0);
INSERT INTO "public"."tb_property_group"("id", "property_id", "groups", "accord") VALUES (63, 58, 12, 0);
INSERT INTO "public"."tb_property_group"("id", "property_id", "groups", "accord") VALUES (64, 63, 13, 1);
INSERT INTO "public"."tb_property_group"("id", "property_id", "groups", "accord") VALUES (65, 60, 13, 0);
INSERT INTO "public"."tb_property_group"("id", "property_id", "groups", "accord") VALUES (66, 68, 13, 0);
INSERT INTO "public"."tb_property_group"("id", "property_id", "groups", "accord") VALUES (67, 57, 13, 0);
INSERT INTO "public"."tb_property_group"("id", "property_id", "groups", "accord") VALUES (68, 58, 13, 0);
INSERT INTO "public"."tb_property_group"("id", "property_id", "groups", "accord") VALUES (69, 63, 14, 1);
INSERT INTO "public"."tb_property_group"("id", "property_id", "groups", "accord") VALUES (70, 60, 14, 0);
INSERT INTO "public"."tb_property_group"("id", "property_id", "groups", "accord") VALUES (71, 61, 14, 0);
INSERT INTO "public"."tb_property_group"("id", "property_id", "groups", "accord") VALUES (72, 67, 14, 0);
INSERT INTO "public"."tb_property_group"("id", "property_id", "groups", "accord") VALUES (73, 68, 14, 0);
INSERT INTO "public"."tb_property_group"("id", "property_id", "groups", "accord") VALUES (74, 57, 14, 0);
INSERT INTO "public"."tb_property_group"("id", "property_id", "groups", "accord") VALUES (75, 58, 14, 0);
INSERT INTO "public"."tb_property_group"("id", "property_id", "groups", "accord") VALUES (76, 63, 15, 1);
INSERT INTO "public"."tb_property_group"("id", "property_id", "groups", "accord") VALUES (77, 60, 15, 0);
INSERT INTO "public"."tb_property_group"("id", "property_id", "groups", "accord") VALUES (78, 61, 15, 0);
INSERT INTO "public"."tb_property_group"("id", "property_id", "groups", "accord") VALUES (79, 68, 15, 0);
INSERT INTO "public"."tb_property_group"("id", "property_id", "groups", "accord") VALUES (80, 57, 15, 0);
INSERT INTO "public"."tb_property_group"("id", "property_id", "groups", "accord") VALUES (81, 58, 15, 0);
INSERT INTO "public"."tb_property_group"("id", "property_id", "groups", "accord") VALUES (82, 68, 16, 0);
INSERT INTO "public"."tb_property_group"("id", "property_id", "groups", "accord") VALUES (83, 57, 16, 0);
INSERT INTO "public"."tb_property_group"("id", "property_id", "groups", "accord") VALUES (84, 58, 16, 0);
SELECT setval('tb_property_group_id_seq',(SELECT MAX(id) FROM tb_property_group));


INSERT INTO "public"."tb_property_group_option_rel"("id", "property_group_id", "property_option_id", "component_disease_rel", "seq_num") VALUES (1, 46, 85, 1, 0);
INSERT INTO "public"."tb_property_group_option_rel"("id", "property_group_id", "property_option_id", "component_disease_rel", "seq_num") VALUES (2, 46, 55, 1, 1);
INSERT INTO "public"."tb_property_group_option_rel"("id", "property_group_id", "property_option_id", "component_disease_rel", "seq_num") VALUES (3, 46, 57, 1, 2);
INSERT INTO "public"."tb_property_group_option_rel"("id", "property_group_id", "property_option_id", "component_disease_rel", "seq_num") VALUES (4, 46, 85, 2, 0);
INSERT INTO "public"."tb_property_group_option_rel"("id", "property_group_id", "property_option_id", "component_disease_rel", "seq_num") VALUES (5, 46, 55, 2, 1);
INSERT INTO "public"."tb_property_group_option_rel"("id", "property_group_id", "property_option_id", "component_disease_rel", "seq_num") VALUES (6, 46, 57, 2, 2);
INSERT INTO "public"."tb_property_group_option_rel"("id", "property_group_id", "property_option_id", "component_disease_rel", "seq_num") VALUES (7, 8, 85, 3, 0);
INSERT INTO "public"."tb_property_group_option_rel"("id", "property_group_id", "property_option_id", "component_disease_rel", "seq_num") VALUES (8, 8, 91, 3, 1);
INSERT INTO "public"."tb_property_group_option_rel"("id", "property_group_id", "property_option_id", "component_disease_rel", "seq_num") VALUES (9, 8, 92, 3, 2);
INSERT INTO "public"."tb_property_group_option_rel"("id", "property_group_id", "property_option_id", "component_disease_rel", "seq_num") VALUES (10, 46, 85, 4, 0);
INSERT INTO "public"."tb_property_group_option_rel"("id", "property_group_id", "property_option_id", "component_disease_rel", "seq_num") VALUES (11, 46, 91, 4, 1);
INSERT INTO "public"."tb_property_group_option_rel"("id", "property_group_id", "property_option_id", "component_disease_rel", "seq_num") VALUES (12, 46, 92, 4, 2);
INSERT INTO "public"."tb_property_group_option_rel"("id", "property_group_id", "property_option_id", "component_disease_rel", "seq_num") VALUES (13, 76, 2, 6, 2);
INSERT INTO "public"."tb_property_group_option_rel"("id", "property_group_id", "property_option_id", "component_disease_rel", "seq_num") VALUES (14, 76, 30, 6, 0);
INSERT INTO "public"."tb_property_group_option_rel"("id", "property_group_id", "property_option_id", "component_disease_rel", "seq_num") VALUES (15, 76, 63, 6, 1);
INSERT INTO "public"."tb_property_group_option_rel"("id", "property_group_id", "property_option_id", "component_disease_rel", "seq_num") VALUES (16, 76, 2, 7, 2);
INSERT INTO "public"."tb_property_group_option_rel"("id", "property_group_id", "property_option_id", "component_disease_rel", "seq_num") VALUES (17, 76, 30, 7, 0);
INSERT INTO "public"."tb_property_group_option_rel"("id", "property_group_id", "property_option_id", "component_disease_rel", "seq_num") VALUES (18, 76, 63, 7, 1);
INSERT INTO "public"."tb_property_group_option_rel"("id", "property_group_id", "property_option_id", "component_disease_rel", "seq_num") VALUES (19, 46, 85, 8, 0);
INSERT INTO "public"."tb_property_group_option_rel"("id", "property_group_id", "property_option_id", "component_disease_rel", "seq_num") VALUES (20, 46, 55, 8, 1);
INSERT INTO "public"."tb_property_group_option_rel"("id", "property_group_id", "property_option_id", "component_disease_rel", "seq_num") VALUES (21, 46, 57, 8, 2);
INSERT INTO "public"."tb_property_group_option_rel"("id", "property_group_id", "property_option_id", "component_disease_rel", "seq_num") VALUES (22, 46, 85, 9, 0);
INSERT INTO "public"."tb_property_group_option_rel"("id", "property_group_id", "property_option_id", "component_disease_rel", "seq_num") VALUES (23, 46, 55, 9, 1);
INSERT INTO "public"."tb_property_group_option_rel"("id", "property_group_id", "property_option_id", "component_disease_rel", "seq_num") VALUES (24, 46, 57, 9, 2);
INSERT INTO "public"."tb_property_group_option_rel"("id", "property_group_id", "property_option_id", "component_disease_rel", "seq_num") VALUES (25, 23, 32, 10, 2);
INSERT INTO "public"."tb_property_group_option_rel"("id", "property_group_id", "property_option_id", "component_disease_rel", "seq_num") VALUES (26, 23, 33, 10, 0);
INSERT INTO "public"."tb_property_group_option_rel"("id", "property_group_id", "property_option_id", "component_disease_rel", "seq_num") VALUES (27, 23, 34, 10, 1);
INSERT INTO "public"."tb_property_group_option_rel"("id", "property_group_id", "property_option_id", "component_disease_rel", "seq_num") VALUES (28, 27, 2, 12, 2);
INSERT INTO "public"."tb_property_group_option_rel"("id", "property_group_id", "property_option_id", "component_disease_rel", "seq_num") VALUES (29, 27, 35, 12, 0);
INSERT INTO "public"."tb_property_group_option_rel"("id", "property_group_id", "property_option_id", "component_disease_rel", "seq_num") VALUES (30, 27, 36, 12, 1);
INSERT INTO "public"."tb_property_group_option_rel"("id", "property_group_id", "property_option_id", "component_disease_rel", "seq_num") VALUES (31, 23, 2, 16, 2);
INSERT INTO "public"."tb_property_group_option_rel"("id", "property_group_id", "property_option_id", "component_disease_rel", "seq_num") VALUES (32, 23, 37, 16, 0);
INSERT INTO "public"."tb_property_group_option_rel"("id", "property_group_id", "property_option_id", "component_disease_rel", "seq_num") VALUES (33, 23, 56, 16, 1);
INSERT INTO "public"."tb_property_group_option_rel"("id", "property_group_id", "property_option_id", "component_disease_rel", "seq_num") VALUES (34, 23, 2, 17, 2);
INSERT INTO "public"."tb_property_group_option_rel"("id", "property_group_id", "property_option_id", "component_disease_rel", "seq_num") VALUES (35, 23, 35, 17, 0);
INSERT INTO "public"."tb_property_group_option_rel"("id", "property_group_id", "property_option_id", "component_disease_rel", "seq_num") VALUES (36, 23, 56, 17, 1);
INSERT INTO "public"."tb_property_group_option_rel"("id", "property_group_id", "property_option_id", "component_disease_rel", "seq_num") VALUES (37, 23, 2, 18, 2);
INSERT INTO "public"."tb_property_group_option_rel"("id", "property_group_id", "property_option_id", "component_disease_rel", "seq_num") VALUES (38, 23, 35, 18, 0);
INSERT INTO "public"."tb_property_group_option_rel"("id", "property_group_id", "property_option_id", "component_disease_rel", "seq_num") VALUES (39, 23, 56, 18, 1);
INSERT INTO "public"."tb_property_group_option_rel"("id", "property_group_id", "property_option_id", "component_disease_rel", "seq_num") VALUES (40, 23, 2, 19, 2);
INSERT INTO "public"."tb_property_group_option_rel"("id", "property_group_id", "property_option_id", "component_disease_rel", "seq_num") VALUES (41, 23, 35, 19, 0);
INSERT INTO "public"."tb_property_group_option_rel"("id", "property_group_id", "property_option_id", "component_disease_rel", "seq_num") VALUES (42, 23, 56, 19, 1);
INSERT INTO "public"."tb_property_group_option_rel"("id", "property_group_id", "property_option_id", "component_disease_rel", "seq_num") VALUES (43, 27, 2, 20, 2);
INSERT INTO "public"."tb_property_group_option_rel"("id", "property_group_id", "property_option_id", "component_disease_rel", "seq_num") VALUES (44, 27, 35, 20, 0);
INSERT INTO "public"."tb_property_group_option_rel"("id", "property_group_id", "property_option_id", "component_disease_rel", "seq_num") VALUES (45, 27, 56, 20, 1);
INSERT INTO "public"."tb_property_group_option_rel"("id", "property_group_id", "property_option_id", "component_disease_rel", "seq_num") VALUES (46, 23, 2, 21, 2);
INSERT INTO "public"."tb_property_group_option_rel"("id", "property_group_id", "property_option_id", "component_disease_rel", "seq_num") VALUES (47, 23, 35, 21, 0);
INSERT INTO "public"."tb_property_group_option_rel"("id", "property_group_id", "property_option_id", "component_disease_rel", "seq_num") VALUES (48, 23, 56, 21, 1);
INSERT INTO "public"."tb_property_group_option_rel"("id", "property_group_id", "property_option_id", "component_disease_rel", "seq_num") VALUES (49, 36, 40, 22, 2);
INSERT INTO "public"."tb_property_group_option_rel"("id", "property_group_id", "property_option_id", "component_disease_rel", "seq_num") VALUES (50, 36, 41, 22, 0);
INSERT INTO "public"."tb_property_group_option_rel"("id", "property_group_id", "property_option_id", "component_disease_rel", "seq_num") VALUES (51, 36, 42, 22, 1);
INSERT INTO "public"."tb_property_group_option_rel"("id", "property_group_id", "property_option_id", "component_disease_rel", "seq_num") VALUES (52, 23, 2, 23, 2);
INSERT INTO "public"."tb_property_group_option_rel"("id", "property_group_id", "property_option_id", "component_disease_rel", "seq_num") VALUES (53, 23, 35, 23, 0);
INSERT INTO "public"."tb_property_group_option_rel"("id", "property_group_id", "property_option_id", "component_disease_rel", "seq_num") VALUES (54, 23, 56, 23, 1);
INSERT INTO "public"."tb_property_group_option_rel"("id", "property_group_id", "property_option_id", "component_disease_rel", "seq_num") VALUES (55, 41, 43, 25, 0);
INSERT INTO "public"."tb_property_group_option_rel"("id", "property_group_id", "property_option_id", "component_disease_rel", "seq_num") VALUES (56, 41, 44, 25, 1);
INSERT INTO "public"."tb_property_group_option_rel"("id", "property_group_id", "property_option_id", "component_disease_rel", "seq_num") VALUES (57, 41, 45, 25, 2);
INSERT INTO "public"."tb_property_group_option_rel"("id", "property_group_id", "property_option_id", "component_disease_rel", "seq_num") VALUES (58, 41, 43, 26, 0);
INSERT INTO "public"."tb_property_group_option_rel"("id", "property_group_id", "property_option_id", "component_disease_rel", "seq_num") VALUES (59, 41, 44, 26, 1);
INSERT INTO "public"."tb_property_group_option_rel"("id", "property_group_id", "property_option_id", "component_disease_rel", "seq_num") VALUES (60, 41, 45, 26, 2);
INSERT INTO "public"."tb_property_group_option_rel"("id", "property_group_id", "property_option_id", "component_disease_rel", "seq_num") VALUES (61, 23, 2, 27, 2);
INSERT INTO "public"."tb_property_group_option_rel"("id", "property_group_id", "property_option_id", "component_disease_rel", "seq_num") VALUES (62, 23, 46, 27, 0);
INSERT INTO "public"."tb_property_group_option_rel"("id", "property_group_id", "property_option_id", "component_disease_rel", "seq_num") VALUES (63, 23, 47, 27, 1);
INSERT INTO "public"."tb_property_group_option_rel"("id", "property_group_id", "property_option_id", "component_disease_rel", "seq_num") VALUES (64, 23, 48, 28, 2);
INSERT INTO "public"."tb_property_group_option_rel"("id", "property_group_id", "property_option_id", "component_disease_rel", "seq_num") VALUES (65, 23, 49, 28, 0);
INSERT INTO "public"."tb_property_group_option_rel"("id", "property_group_id", "property_option_id", "component_disease_rel", "seq_num") VALUES (66, 23, 50, 28, 1);
INSERT INTO "public"."tb_property_group_option_rel"("id", "property_group_id", "property_option_id", "component_disease_rel", "seq_num") VALUES (67, 46, 52, 30, 0);
INSERT INTO "public"."tb_property_group_option_rel"("id", "property_group_id", "property_option_id", "component_disease_rel", "seq_num") VALUES (68, 46, 53, 30, 1);
INSERT INTO "public"."tb_property_group_option_rel"("id", "property_group_id", "property_option_id", "component_disease_rel", "seq_num") VALUES (69, 46, 45, 30, 2);
INSERT INTO "public"."tb_property_group_option_rel"("id", "property_group_id", "property_option_id", "component_disease_rel", "seq_num") VALUES (70, 46, 43, 31, 0);
INSERT INTO "public"."tb_property_group_option_rel"("id", "property_group_id", "property_option_id", "component_disease_rel", "seq_num") VALUES (71, 46, 54, 31, 1);
INSERT INTO "public"."tb_property_group_option_rel"("id", "property_group_id", "property_option_id", "component_disease_rel", "seq_num") VALUES (72, 46, 57, 31, 2);
INSERT INTO "public"."tb_property_group_option_rel"("id", "property_group_id", "property_option_id", "component_disease_rel", "seq_num") VALUES (73, 46, 43, 32, 0);
INSERT INTO "public"."tb_property_group_option_rel"("id", "property_group_id", "property_option_id", "component_disease_rel", "seq_num") VALUES (74, 46, 54, 32, 1);
INSERT INTO "public"."tb_property_group_option_rel"("id", "property_group_id", "property_option_id", "component_disease_rel", "seq_num") VALUES (75, 46, 57, 32, 2);
INSERT INTO "public"."tb_property_group_option_rel"("id", "property_group_id", "property_option_id", "component_disease_rel", "seq_num") VALUES (76, 23, 43, 34, 0);
INSERT INTO "public"."tb_property_group_option_rel"("id", "property_group_id", "property_option_id", "component_disease_rel", "seq_num") VALUES (77, 23, 44, 34, 1);
INSERT INTO "public"."tb_property_group_option_rel"("id", "property_group_id", "property_option_id", "component_disease_rel", "seq_num") VALUES (78, 23, 45, 34, 2);
INSERT INTO "public"."tb_property_group_option_rel"("id", "property_group_id", "property_option_id", "component_disease_rel", "seq_num") VALUES (79, 41, 35, 35, 0);
INSERT INTO "public"."tb_property_group_option_rel"("id", "property_group_id", "property_option_id", "component_disease_rel", "seq_num") VALUES (80, 41, 38, 35, 1);
INSERT INTO "public"."tb_property_group_option_rel"("id", "property_group_id", "property_option_id", "component_disease_rel", "seq_num") VALUES (81, 41, 56, 35, 2);
INSERT INTO "public"."tb_property_group_option_rel"("id", "property_group_id", "property_option_id", "component_disease_rel", "seq_num") VALUES (82, 41, 35, 36, 0);
INSERT INTO "public"."tb_property_group_option_rel"("id", "property_group_id", "property_option_id", "component_disease_rel", "seq_num") VALUES (83, 41, 38, 36, 1);
INSERT INTO "public"."tb_property_group_option_rel"("id", "property_group_id", "property_option_id", "component_disease_rel", "seq_num") VALUES (84, 41, 56, 36, 2);
INSERT INTO "public"."tb_property_group_option_rel"("id", "property_group_id", "property_option_id", "component_disease_rel", "seq_num") VALUES (85, 23, 51, 38, 0);
INSERT INTO "public"."tb_property_group_option_rel"("id", "property_group_id", "property_option_id", "component_disease_rel", "seq_num") VALUES (86, 23, 58, 38, 1);
INSERT INTO "public"."tb_property_group_option_rel"("id", "property_group_id", "property_option_id", "component_disease_rel", "seq_num") VALUES (87, 23, 59, 38, 2);
INSERT INTO "public"."tb_property_group_option_rel"("id", "property_group_id", "property_option_id", "component_disease_rel", "seq_num") VALUES (88, 23, 51, 39, 0);
INSERT INTO "public"."tb_property_group_option_rel"("id", "property_group_id", "property_option_id", "component_disease_rel", "seq_num") VALUES (89, 23, 52, 39, 1);
INSERT INTO "public"."tb_property_group_option_rel"("id", "property_group_id", "property_option_id", "component_disease_rel", "seq_num") VALUES (90, 23, 57, 39, 2);
INSERT INTO "public"."tb_property_group_option_rel"("id", "property_group_id", "property_option_id", "component_disease_rel", "seq_num") VALUES (91, 23, 51, 40, 0);
INSERT INTO "public"."tb_property_group_option_rel"("id", "property_group_id", "property_option_id", "component_disease_rel", "seq_num") VALUES (92, 23, 52, 40, 1);
INSERT INTO "public"."tb_property_group_option_rel"("id", "property_group_id", "property_option_id", "component_disease_rel", "seq_num") VALUES (93, 23, 57, 40, 2);
INSERT INTO "public"."tb_property_group_option_rel"("id", "property_group_id", "property_option_id", "component_disease_rel", "seq_num") VALUES (94, 46, 43, 41, 0);
INSERT INTO "public"."tb_property_group_option_rel"("id", "property_group_id", "property_option_id", "component_disease_rel", "seq_num") VALUES (95, 46, 54, 41, 1);
INSERT INTO "public"."tb_property_group_option_rel"("id", "property_group_id", "property_option_id", "component_disease_rel", "seq_num") VALUES (96, 46, 57, 41, 2);
INSERT INTO "public"."tb_property_group_option_rel"("id", "property_group_id", "property_option_id", "component_disease_rel", "seq_num") VALUES (97, 23, 2, 42, 2);
INSERT INTO "public"."tb_property_group_option_rel"("id", "property_group_id", "property_option_id", "component_disease_rel", "seq_num") VALUES (98, 23, 60, 42, 0);
INSERT INTO "public"."tb_property_group_option_rel"("id", "property_group_id", "property_option_id", "component_disease_rel", "seq_num") VALUES (99, 23, 61, 42, 1);
INSERT INTO "public"."tb_property_group_option_rel"("id", "property_group_id", "property_option_id", "component_disease_rel", "seq_num") VALUES (100, 23, 2, 43, 2);
INSERT INTO "public"."tb_property_group_option_rel"("id", "property_group_id", "property_option_id", "component_disease_rel", "seq_num") VALUES (101, 23, 37, 43, 0);
INSERT INTO "public"."tb_property_group_option_rel"("id", "property_group_id", "property_option_id", "component_disease_rel", "seq_num") VALUES (102, 23, 56, 43, 1);
INSERT INTO "public"."tb_property_group_option_rel"("id", "property_group_id", "property_option_id", "component_disease_rel", "seq_num") VALUES (103, 23, 2, 44, 2);
INSERT INTO "public"."tb_property_group_option_rel"("id", "property_group_id", "property_option_id", "component_disease_rel", "seq_num") VALUES (104, 23, 37, 44, 0);
INSERT INTO "public"."tb_property_group_option_rel"("id", "property_group_id", "property_option_id", "component_disease_rel", "seq_num") VALUES (105, 23, 56, 44, 1);
INSERT INTO "public"."tb_property_group_option_rel"("id", "property_group_id", "property_option_id", "component_disease_rel", "seq_num") VALUES (106, 41, 51, 45, 0);
INSERT INTO "public"."tb_property_group_option_rel"("id", "property_group_id", "property_option_id", "component_disease_rel", "seq_num") VALUES (107, 41, 62, 45, 1);
INSERT INTO "public"."tb_property_group_option_rel"("id", "property_group_id", "property_option_id", "component_disease_rel", "seq_num") VALUES (108, 41, 45, 45, 2);
INSERT INTO "public"."tb_property_group_option_rel"("id", "property_group_id", "property_option_id", "component_disease_rel", "seq_num") VALUES (109, 41, 2, 46, 2);
INSERT INTO "public"."tb_property_group_option_rel"("id", "property_group_id", "property_option_id", "component_disease_rel", "seq_num") VALUES (110, 41, 37, 46, 0);
INSERT INTO "public"."tb_property_group_option_rel"("id", "property_group_id", "property_option_id", "component_disease_rel", "seq_num") VALUES (111, 41, 56, 46, 1);
INSERT INTO "public"."tb_property_group_option_rel"("id", "property_group_id", "property_option_id", "component_disease_rel", "seq_num") VALUES (112, 23, 35, 47, 0);
INSERT INTO "public"."tb_property_group_option_rel"("id", "property_group_id", "property_option_id", "component_disease_rel", "seq_num") VALUES (113, 23, 36, 47, 1);
INSERT INTO "public"."tb_property_group_option_rel"("id", "property_group_id", "property_option_id", "component_disease_rel", "seq_num") VALUES (114, 23, 56, 47, 2);
INSERT INTO "public"."tb_property_group_option_rel"("id", "property_group_id", "property_option_id", "component_disease_rel", "seq_num") VALUES (115, 76, 85, 48, 0);
INSERT INTO "public"."tb_property_group_option_rel"("id", "property_group_id", "property_option_id", "component_disease_rel", "seq_num") VALUES (116, 76, 55, 48, 1);
INSERT INTO "public"."tb_property_group_option_rel"("id", "property_group_id", "property_option_id", "component_disease_rel", "seq_num") VALUES (117, 76, 57, 48, 2);
INSERT INTO "public"."tb_property_group_option_rel"("id", "property_group_id", "property_option_id", "component_disease_rel", "seq_num") VALUES (118, 46, 64, 49, 0);
INSERT INTO "public"."tb_property_group_option_rel"("id", "property_group_id", "property_option_id", "component_disease_rel", "seq_num") VALUES (119, 46, 65, 49, 1);
INSERT INTO "public"."tb_property_group_option_rel"("id", "property_group_id", "property_option_id", "component_disease_rel", "seq_num") VALUES (120, 46, 66, 49, 2);
INSERT INTO "public"."tb_property_group_option_rel"("id", "property_group_id", "property_option_id", "component_disease_rel", "seq_num") VALUES (121, 46, 64, 50, 0);
INSERT INTO "public"."tb_property_group_option_rel"("id", "property_group_id", "property_option_id", "component_disease_rel", "seq_num") VALUES (122, 46, 65, 50, 1);
INSERT INTO "public"."tb_property_group_option_rel"("id", "property_group_id", "property_option_id", "component_disease_rel", "seq_num") VALUES (123, 46, 66, 50, 2);
INSERT INTO "public"."tb_property_group_option_rel"("id", "property_group_id", "property_option_id", "component_disease_rel", "seq_num") VALUES (124, 52, 2, 51, 2);
INSERT INTO "public"."tb_property_group_option_rel"("id", "property_group_id", "property_option_id", "component_disease_rel", "seq_num") VALUES (125, 52, 35, 51, 0);
INSERT INTO "public"."tb_property_group_option_rel"("id", "property_group_id", "property_option_id", "component_disease_rel", "seq_num") VALUES (126, 52, 36, 51, 1);
INSERT INTO "public"."tb_property_group_option_rel"("id", "property_group_id", "property_option_id", "component_disease_rel", "seq_num") VALUES (127, 76, 2, 52, 2);
INSERT INTO "public"."tb_property_group_option_rel"("id", "property_group_id", "property_option_id", "component_disease_rel", "seq_num") VALUES (128, 76, 36, 52, 0);
INSERT INTO "public"."tb_property_group_option_rel"("id", "property_group_id", "property_option_id", "component_disease_rel", "seq_num") VALUES (129, 76, 56, 52, 1);
INSERT INTO "public"."tb_property_group_option_rel"("id", "property_group_id", "property_option_id", "component_disease_rel", "seq_num") VALUES (130, 23, 2, 53, 2);
INSERT INTO "public"."tb_property_group_option_rel"("id", "property_group_id", "property_option_id", "component_disease_rel", "seq_num") VALUES (131, 23, 35, 53, 0);
INSERT INTO "public"."tb_property_group_option_rel"("id", "property_group_id", "property_option_id", "component_disease_rel", "seq_num") VALUES (132, 23, 56, 53, 1);
INSERT INTO "public"."tb_property_group_option_rel"("id", "property_group_id", "property_option_id", "component_disease_rel", "seq_num") VALUES (133, 76, 2, 54, 2);
INSERT INTO "public"."tb_property_group_option_rel"("id", "property_group_id", "property_option_id", "component_disease_rel", "seq_num") VALUES (134, 76, 30, 54, 0);
INSERT INTO "public"."tb_property_group_option_rel"("id", "property_group_id", "property_option_id", "component_disease_rel", "seq_num") VALUES (135, 76, 63, 54, 1);
INSERT INTO "public"."tb_property_group_option_rel"("id", "property_group_id", "property_option_id", "component_disease_rel", "seq_num") VALUES (136, 46, 87, 55, 0);
INSERT INTO "public"."tb_property_group_option_rel"("id", "property_group_id", "property_option_id", "component_disease_rel", "seq_num") VALUES (137, 46, 88, 55, 1);
INSERT INTO "public"."tb_property_group_option_rel"("id", "property_group_id", "property_option_id", "component_disease_rel", "seq_num") VALUES (138, 46, 89, 55, 2);
INSERT INTO "public"."tb_property_group_option_rel"("id", "property_group_id", "property_option_id", "component_disease_rel", "seq_num") VALUES (139, 23, 2, 56, 2);
INSERT INTO "public"."tb_property_group_option_rel"("id", "property_group_id", "property_option_id", "component_disease_rel", "seq_num") VALUES (140, 23, 36, 56, 0);
INSERT INTO "public"."tb_property_group_option_rel"("id", "property_group_id", "property_option_id", "component_disease_rel", "seq_num") VALUES (141, 23, 56, 56, 1);
INSERT INTO "public"."tb_property_group_option_rel"("id", "property_group_id", "property_option_id", "component_disease_rel", "seq_num") VALUES (142, 23, 51, 58, 0);
INSERT INTO "public"."tb_property_group_option_rel"("id", "property_group_id", "property_option_id", "component_disease_rel", "seq_num") VALUES (143, 23, 58, 58, 1);
INSERT INTO "public"."tb_property_group_option_rel"("id", "property_group_id", "property_option_id", "component_disease_rel", "seq_num") VALUES (144, 23, 59, 58, 2);
INSERT INTO "public"."tb_property_group_option_rel"("id", "property_group_id", "property_option_id", "component_disease_rel", "seq_num") VALUES (145, 23, 51, 59, 0);
INSERT INTO "public"."tb_property_group_option_rel"("id", "property_group_id", "property_option_id", "component_disease_rel", "seq_num") VALUES (146, 23, 52, 59, 1);
INSERT INTO "public"."tb_property_group_option_rel"("id", "property_group_id", "property_option_id", "component_disease_rel", "seq_num") VALUES (147, 23, 57, 59, 2);
INSERT INTO "public"."tb_property_group_option_rel"("id", "property_group_id", "property_option_id", "component_disease_rel", "seq_num") VALUES (148, 23, 51, 60, 0);
INSERT INTO "public"."tb_property_group_option_rel"("id", "property_group_id", "property_option_id", "component_disease_rel", "seq_num") VALUES (149, 23, 52, 60, 1);
INSERT INTO "public"."tb_property_group_option_rel"("id", "property_group_id", "property_option_id", "component_disease_rel", "seq_num") VALUES (150, 23, 57, 60, 2);
INSERT INTO "public"."tb_property_group_option_rel"("id", "property_group_id", "property_option_id", "component_disease_rel", "seq_num") VALUES (151, 46, 43, 61, 0);
INSERT INTO "public"."tb_property_group_option_rel"("id", "property_group_id", "property_option_id", "component_disease_rel", "seq_num") VALUES (152, 46, 54, 61, 1);
INSERT INTO "public"."tb_property_group_option_rel"("id", "property_group_id", "property_option_id", "component_disease_rel", "seq_num") VALUES (153, 46, 57, 61, 2);
INSERT INTO "public"."tb_property_group_option_rel"("id", "property_group_id", "property_option_id", "component_disease_rel", "seq_num") VALUES (154, 23, 2, 62, 2);
INSERT INTO "public"."tb_property_group_option_rel"("id", "property_group_id", "property_option_id", "component_disease_rel", "seq_num") VALUES (155, 23, 60, 62, 0);
INSERT INTO "public"."tb_property_group_option_rel"("id", "property_group_id", "property_option_id", "component_disease_rel", "seq_num") VALUES (156, 23, 61, 62, 1);
INSERT INTO "public"."tb_property_group_option_rel"("id", "property_group_id", "property_option_id", "component_disease_rel", "seq_num") VALUES (157, 23, 2, 63, 2);
INSERT INTO "public"."tb_property_group_option_rel"("id", "property_group_id", "property_option_id", "component_disease_rel", "seq_num") VALUES (158, 23, 37, 63, 0);
INSERT INTO "public"."tb_property_group_option_rel"("id", "property_group_id", "property_option_id", "component_disease_rel", "seq_num") VALUES (159, 23, 56, 63, 1);
INSERT INTO "public"."tb_property_group_option_rel"("id", "property_group_id", "property_option_id", "component_disease_rel", "seq_num") VALUES (160, 23, 2, 64, 2);
INSERT INTO "public"."tb_property_group_option_rel"("id", "property_group_id", "property_option_id", "component_disease_rel", "seq_num") VALUES (161, 23, 37, 64, 0);
INSERT INTO "public"."tb_property_group_option_rel"("id", "property_group_id", "property_option_id", "component_disease_rel", "seq_num") VALUES (162, 23, 56, 64, 1);
INSERT INTO "public"."tb_property_group_option_rel"("id", "property_group_id", "property_option_id", "component_disease_rel", "seq_num") VALUES (163, 41, 51, 65, 0);
INSERT INTO "public"."tb_property_group_option_rel"("id", "property_group_id", "property_option_id", "component_disease_rel", "seq_num") VALUES (164, 41, 62, 65, 1);
INSERT INTO "public"."tb_property_group_option_rel"("id", "property_group_id", "property_option_id", "component_disease_rel", "seq_num") VALUES (165, 41, 45, 65, 2);
INSERT INTO "public"."tb_property_group_option_rel"("id", "property_group_id", "property_option_id", "component_disease_rel", "seq_num") VALUES (166, 41, 2, 66, 2);
INSERT INTO "public"."tb_property_group_option_rel"("id", "property_group_id", "property_option_id", "component_disease_rel", "seq_num") VALUES (167, 41, 37, 66, 0);
INSERT INTO "public"."tb_property_group_option_rel"("id", "property_group_id", "property_option_id", "component_disease_rel", "seq_num") VALUES (168, 41, 56, 66, 1);
INSERT INTO "public"."tb_property_group_option_rel"("id", "property_group_id", "property_option_id", "component_disease_rel", "seq_num") VALUES (169, 23, 35, 67, 0);
INSERT INTO "public"."tb_property_group_option_rel"("id", "property_group_id", "property_option_id", "component_disease_rel", "seq_num") VALUES (170, 23, 36, 67, 1);
INSERT INTO "public"."tb_property_group_option_rel"("id", "property_group_id", "property_option_id", "component_disease_rel", "seq_num") VALUES (171, 23, 56, 67, 2);
INSERT INTO "public"."tb_property_group_option_rel"("id", "property_group_id", "property_option_id", "component_disease_rel", "seq_num") VALUES (172, 64, 2, 68, 2);
INSERT INTO "public"."tb_property_group_option_rel"("id", "property_group_id", "property_option_id", "component_disease_rel", "seq_num") VALUES (173, 64, 30, 68, 0);
INSERT INTO "public"."tb_property_group_option_rel"("id", "property_group_id", "property_option_id", "component_disease_rel", "seq_num") VALUES (174, 64, 63, 68, 1);
INSERT INTO "public"."tb_property_group_option_rel"("id", "property_group_id", "property_option_id", "component_disease_rel", "seq_num") VALUES (175, 23, 43, 69, 0);
INSERT INTO "public"."tb_property_group_option_rel"("id", "property_group_id", "property_option_id", "component_disease_rel", "seq_num") VALUES (176, 23, 54, 69, 1);
INSERT INTO "public"."tb_property_group_option_rel"("id", "property_group_id", "property_option_id", "component_disease_rel", "seq_num") VALUES (177, 23, 57, 69, 2);
INSERT INTO "public"."tb_property_group_option_rel"("id", "property_group_id", "property_option_id", "component_disease_rel", "seq_num") VALUES (178, 23, 43, 70, 0);
INSERT INTO "public"."tb_property_group_option_rel"("id", "property_group_id", "property_option_id", "component_disease_rel", "seq_num") VALUES (179, 23, 54, 70, 1);
INSERT INTO "public"."tb_property_group_option_rel"("id", "property_group_id", "property_option_id", "component_disease_rel", "seq_num") VALUES (180, 23, 57, 70, 2);
INSERT INTO "public"."tb_property_group_option_rel"("id", "property_group_id", "property_option_id", "component_disease_rel", "seq_num") VALUES (181, 23, 52, 71, 0);
INSERT INTO "public"."tb_property_group_option_rel"("id", "property_group_id", "property_option_id", "component_disease_rel", "seq_num") VALUES (182, 23, 53, 71, 1);
INSERT INTO "public"."tb_property_group_option_rel"("id", "property_group_id", "property_option_id", "component_disease_rel", "seq_num") VALUES (183, 23, 45, 71, 2);
INSERT INTO "public"."tb_property_group_option_rel"("id", "property_group_id", "property_option_id", "component_disease_rel", "seq_num") VALUES (184, 23, 43, 72, 0);
INSERT INTO "public"."tb_property_group_option_rel"("id", "property_group_id", "property_option_id", "component_disease_rel", "seq_num") VALUES (185, 23, 54, 72, 1);
INSERT INTO "public"."tb_property_group_option_rel"("id", "property_group_id", "property_option_id", "component_disease_rel", "seq_num") VALUES (186, 23, 57, 72, 2);
INSERT INTO "public"."tb_property_group_option_rel"("id", "property_group_id", "property_option_id", "component_disease_rel", "seq_num") VALUES (187, 23, 2, 73, 2);
INSERT INTO "public"."tb_property_group_option_rel"("id", "property_group_id", "property_option_id", "component_disease_rel", "seq_num") VALUES (188, 23, 35, 73, 0);
INSERT INTO "public"."tb_property_group_option_rel"("id", "property_group_id", "property_option_id", "component_disease_rel", "seq_num") VALUES (189, 23, 56, 73, 1);
INSERT INTO "public"."tb_property_group_option_rel"("id", "property_group_id", "property_option_id", "component_disease_rel", "seq_num") VALUES (190, 46, 87, 74, 0);
INSERT INTO "public"."tb_property_group_option_rel"("id", "property_group_id", "property_option_id", "component_disease_rel", "seq_num") VALUES (191, 46, 88, 74, 1);
INSERT INTO "public"."tb_property_group_option_rel"("id", "property_group_id", "property_option_id", "component_disease_rel", "seq_num") VALUES (192, 46, 89, 74, 2);
INSERT INTO "public"."tb_property_group_option_rel"("id", "property_group_id", "property_option_id", "component_disease_rel", "seq_num") VALUES (193, 76, 2, 76, 2);
INSERT INTO "public"."tb_property_group_option_rel"("id", "property_group_id", "property_option_id", "component_disease_rel", "seq_num") VALUES (194, 76, 30, 76, 0);
INSERT INTO "public"."tb_property_group_option_rel"("id", "property_group_id", "property_option_id", "component_disease_rel", "seq_num") VALUES (195, 76, 63, 76, 1);
INSERT INTO "public"."tb_property_group_option_rel"("id", "property_group_id", "property_option_id", "component_disease_rel", "seq_num") VALUES (196, 76, 2, 77, 2);
INSERT INTO "public"."tb_property_group_option_rel"("id", "property_group_id", "property_option_id", "component_disease_rel", "seq_num") VALUES (197, 76, 30, 77, 0);
INSERT INTO "public"."tb_property_group_option_rel"("id", "property_group_id", "property_option_id", "component_disease_rel", "seq_num") VALUES (198, 76, 63, 77, 1);
INSERT INTO "public"."tb_property_group_option_rel"("id", "property_group_id", "property_option_id", "component_disease_rel", "seq_num") VALUES (199, 23, 48, 78, 2);
INSERT INTO "public"."tb_property_group_option_rel"("id", "property_group_id", "property_option_id", "component_disease_rel", "seq_num") VALUES (200, 23, 31, 78, 0);
INSERT INTO "public"."tb_property_group_option_rel"("id", "property_group_id", "property_option_id", "component_disease_rel", "seq_num") VALUES (201, 23, 63, 78, 1);
INSERT INTO "public"."tb_property_group_option_rel"("id", "property_group_id", "property_option_id", "component_disease_rel", "seq_num") VALUES (202, 46, 64, 79, 0);
INSERT INTO "public"."tb_property_group_option_rel"("id", "property_group_id", "property_option_id", "component_disease_rel", "seq_num") VALUES (203, 46, 65, 79, 1);
INSERT INTO "public"."tb_property_group_option_rel"("id", "property_group_id", "property_option_id", "component_disease_rel", "seq_num") VALUES (204, 46, 66, 79, 2);
INSERT INTO "public"."tb_property_group_option_rel"("id", "property_group_id", "property_option_id", "component_disease_rel", "seq_num") VALUES (205, 46, 64, 80, 0);
INSERT INTO "public"."tb_property_group_option_rel"("id", "property_group_id", "property_option_id", "component_disease_rel", "seq_num") VALUES (206, 46, 65, 80, 1);
INSERT INTO "public"."tb_property_group_option_rel"("id", "property_group_id", "property_option_id", "component_disease_rel", "seq_num") VALUES (207, 46, 66, 80, 2);
INSERT INTO "public"."tb_property_group_option_rel"("id", "property_group_id", "property_option_id", "component_disease_rel", "seq_num") VALUES (208, 23, 67, 81, 2);
INSERT INTO "public"."tb_property_group_option_rel"("id", "property_group_id", "property_option_id", "component_disease_rel", "seq_num") VALUES (209, 23, 68, 81, 0);
INSERT INTO "public"."tb_property_group_option_rel"("id", "property_group_id", "property_option_id", "component_disease_rel", "seq_num") VALUES (210, 23, 69, 81, 1);
INSERT INTO "public"."tb_property_group_option_rel"("id", "property_group_id", "property_option_id", "component_disease_rel", "seq_num") VALUES (211, 64, 2, 82, 2);
INSERT INTO "public"."tb_property_group_option_rel"("id", "property_group_id", "property_option_id", "component_disease_rel", "seq_num") VALUES (212, 64, 30, 82, 0);
INSERT INTO "public"."tb_property_group_option_rel"("id", "property_group_id", "property_option_id", "component_disease_rel", "seq_num") VALUES (213, 64, 63, 82, 1);
INSERT INTO "public"."tb_property_group_option_rel"("id", "property_group_id", "property_option_id", "component_disease_rel", "seq_num") VALUES (214, 46, 87, 83, 0);
INSERT INTO "public"."tb_property_group_option_rel"("id", "property_group_id", "property_option_id", "component_disease_rel", "seq_num") VALUES (215, 46, 88, 83, 1);
INSERT INTO "public"."tb_property_group_option_rel"("id", "property_group_id", "property_option_id", "component_disease_rel", "seq_num") VALUES (216, 46, 89, 83, 2);
INSERT INTO "public"."tb_property_group_option_rel"("id", "property_group_id", "property_option_id", "component_disease_rel", "seq_num") VALUES (217, 46, 87, 84, 0);
INSERT INTO "public"."tb_property_group_option_rel"("id", "property_group_id", "property_option_id", "component_disease_rel", "seq_num") VALUES (218, 46, 88, 84, 1);
INSERT INTO "public"."tb_property_group_option_rel"("id", "property_group_id", "property_option_id", "component_disease_rel", "seq_num") VALUES (219, 46, 89, 84, 2);
INSERT INTO "public"."tb_property_group_option_rel"("id", "property_group_id", "property_option_id", "component_disease_rel", "seq_num") VALUES (220, 76, 85, 86, 0);
INSERT INTO "public"."tb_property_group_option_rel"("id", "property_group_id", "property_option_id", "component_disease_rel", "seq_num") VALUES (221, 76, 55, 86, 1);
INSERT INTO "public"."tb_property_group_option_rel"("id", "property_group_id", "property_option_id", "component_disease_rel", "seq_num") VALUES (222, 76, 57, 86, 2);
INSERT INTO "public"."tb_property_group_option_rel"("id", "property_group_id", "property_option_id", "component_disease_rel", "seq_num") VALUES (223, 46, 64, 87, 0);
INSERT INTO "public"."tb_property_group_option_rel"("id", "property_group_id", "property_option_id", "component_disease_rel", "seq_num") VALUES (224, 46, 65, 87, 1);
INSERT INTO "public"."tb_property_group_option_rel"("id", "property_group_id", "property_option_id", "component_disease_rel", "seq_num") VALUES (225, 46, 66, 87, 2);
INSERT INTO "public"."tb_property_group_option_rel"("id", "property_group_id", "property_option_id", "component_disease_rel", "seq_num") VALUES (226, 46, 64, 88, 0);
INSERT INTO "public"."tb_property_group_option_rel"("id", "property_group_id", "property_option_id", "component_disease_rel", "seq_num") VALUES (227, 46, 65, 88, 1);
INSERT INTO "public"."tb_property_group_option_rel"("id", "property_group_id", "property_option_id", "component_disease_rel", "seq_num") VALUES (228, 46, 66, 88, 2);
INSERT INTO "public"."tb_property_group_option_rel"("id", "property_group_id", "property_option_id", "component_disease_rel", "seq_num") VALUES (229, 69, 2, 89, 2);
INSERT INTO "public"."tb_property_group_option_rel"("id", "property_group_id", "property_option_id", "component_disease_rel", "seq_num") VALUES (230, 69, 36, 89, 0);
INSERT INTO "public"."tb_property_group_option_rel"("id", "property_group_id", "property_option_id", "component_disease_rel", "seq_num") VALUES (231, 69, 56, 89, 1);
INSERT INTO "public"."tb_property_group_option_rel"("id", "property_group_id", "property_option_id", "component_disease_rel", "seq_num") VALUES (232, 72, 26, 89, 2);
INSERT INTO "public"."tb_property_group_option_rel"("id", "property_group_id", "property_option_id", "component_disease_rel", "seq_num") VALUES (234, 72, 28, 89, 0);
INSERT INTO "public"."tb_property_group_option_rel"("id", "property_group_id", "property_option_id", "component_disease_rel", "seq_num") VALUES (235, 72, 29, 89, 1);
INSERT INTO "public"."tb_property_group_option_rel"("id", "property_group_id", "property_option_id", "component_disease_rel", "seq_num") VALUES (236, 23, 2, 90, 2);
INSERT INTO "public"."tb_property_group_option_rel"("id", "property_group_id", "property_option_id", "component_disease_rel", "seq_num") VALUES (237, 23, 35, 90, 0);
INSERT INTO "public"."tb_property_group_option_rel"("id", "property_group_id", "property_option_id", "component_disease_rel", "seq_num") VALUES (238, 23, 56, 90, 1);
INSERT INTO "public"."tb_property_group_option_rel"("id", "property_group_id", "property_option_id", "component_disease_rel", "seq_num") VALUES (239, 46, 64, 91, 0);
INSERT INTO "public"."tb_property_group_option_rel"("id", "property_group_id", "property_option_id", "component_disease_rel", "seq_num") VALUES (240, 46, 65, 91, 1);
INSERT INTO "public"."tb_property_group_option_rel"("id", "property_group_id", "property_option_id", "component_disease_rel", "seq_num") VALUES (241, 46, 66, 91, 2);
INSERT INTO "public"."tb_property_group_option_rel"("id", "property_group_id", "property_option_id", "component_disease_rel", "seq_num") VALUES (242, 46, 87, 92, 0);
INSERT INTO "public"."tb_property_group_option_rel"("id", "property_group_id", "property_option_id", "component_disease_rel", "seq_num") VALUES (243, 46, 88, 92, 1);
INSERT INTO "public"."tb_property_group_option_rel"("id", "property_group_id", "property_option_id", "component_disease_rel", "seq_num") VALUES (244, 46, 89, 92, 2);
INSERT INTO "public"."tb_property_group_option_rel"("id", "property_group_id", "property_option_id", "component_disease_rel", "seq_num") VALUES (245, 46, 87, 93, 0);
INSERT INTO "public"."tb_property_group_option_rel"("id", "property_group_id", "property_option_id", "component_disease_rel", "seq_num") VALUES (246, 46, 88, 93, 1);
INSERT INTO "public"."tb_property_group_option_rel"("id", "property_group_id", "property_option_id", "component_disease_rel", "seq_num") VALUES (247, 46, 89, 93, 2);
INSERT INTO "public"."tb_property_group_option_rel"("id", "property_group_id", "property_option_id", "component_disease_rel", "seq_num") VALUES (248, 76, 85, 95, 0);
INSERT INTO "public"."tb_property_group_option_rel"("id", "property_group_id", "property_option_id", "component_disease_rel", "seq_num") VALUES (249, 76, 55, 95, 1);
INSERT INTO "public"."tb_property_group_option_rel"("id", "property_group_id", "property_option_id", "component_disease_rel", "seq_num") VALUES (250, 76, 57, 95, 2);
INSERT INTO "public"."tb_property_group_option_rel"("id", "property_group_id", "property_option_id", "component_disease_rel", "seq_num") VALUES (251, 46, 64, 96, 0);
INSERT INTO "public"."tb_property_group_option_rel"("id", "property_group_id", "property_option_id", "component_disease_rel", "seq_num") VALUES (252, 46, 65, 96, 1);
INSERT INTO "public"."tb_property_group_option_rel"("id", "property_group_id", "property_option_id", "component_disease_rel", "seq_num") VALUES (253, 46, 66, 96, 2);
INSERT INTO "public"."tb_property_group_option_rel"("id", "property_group_id", "property_option_id", "component_disease_rel", "seq_num") VALUES (254, 46, 64, 97, 0);
INSERT INTO "public"."tb_property_group_option_rel"("id", "property_group_id", "property_option_id", "component_disease_rel", "seq_num") VALUES (255, 46, 65, 97, 1);
INSERT INTO "public"."tb_property_group_option_rel"("id", "property_group_id", "property_option_id", "component_disease_rel", "seq_num") VALUES (256, 46, 66, 97, 2);
INSERT INTO "public"."tb_property_group_option_rel"("id", "property_group_id", "property_option_id", "component_disease_rel", "seq_num") VALUES (257, 72, 26, 98, 0);
INSERT INTO "public"."tb_property_group_option_rel"("id", "property_group_id", "property_option_id", "component_disease_rel", "seq_num") VALUES (258, 69, 2, 98, 2);
INSERT INTO "public"."tb_property_group_option_rel"("id", "property_group_id", "property_option_id", "component_disease_rel", "seq_num") VALUES (260, 69, 36, 98, 0);
INSERT INTO "public"."tb_property_group_option_rel"("id", "property_group_id", "property_option_id", "component_disease_rel", "seq_num") VALUES (261, 69, 56, 98, 1);
INSERT INTO "public"."tb_property_group_option_rel"("id", "property_group_id", "property_option_id", "component_disease_rel", "seq_num") VALUES (262, 72, 28, 98, 2);
INSERT INTO "public"."tb_property_group_option_rel"("id", "property_group_id", "property_option_id", "component_disease_rel", "seq_num") VALUES (263, 72, 29, 98, 3);
INSERT INTO "public"."tb_property_group_option_rel"("id", "property_group_id", "property_option_id", "component_disease_rel", "seq_num") VALUES (264, 23, 2, 99, 2);
INSERT INTO "public"."tb_property_group_option_rel"("id", "property_group_id", "property_option_id", "component_disease_rel", "seq_num") VALUES (265, 23, 35, 99, 0);
INSERT INTO "public"."tb_property_group_option_rel"("id", "property_group_id", "property_option_id", "component_disease_rel", "seq_num") VALUES (266, 23, 56, 99, 1);
INSERT INTO "public"."tb_property_group_option_rel"("id", "property_group_id", "property_option_id", "component_disease_rel", "seq_num") VALUES (267, 46, 64, 100, 0);
INSERT INTO "public"."tb_property_group_option_rel"("id", "property_group_id", "property_option_id", "component_disease_rel", "seq_num") VALUES (268, 46, 65, 100, 1);
INSERT INTO "public"."tb_property_group_option_rel"("id", "property_group_id", "property_option_id", "component_disease_rel", "seq_num") VALUES (269, 46, 66, 100, 2);
INSERT INTO "public"."tb_property_group_option_rel"("id", "property_group_id", "property_option_id", "component_disease_rel", "seq_num") VALUES (270, 46, 87, 101, 0);
INSERT INTO "public"."tb_property_group_option_rel"("id", "property_group_id", "property_option_id", "component_disease_rel", "seq_num") VALUES (271, 46, 88, 101, 1);
INSERT INTO "public"."tb_property_group_option_rel"("id", "property_group_id", "property_option_id", "component_disease_rel", "seq_num") VALUES (272, 46, 89, 101, 2);
INSERT INTO "public"."tb_property_group_option_rel"("id", "property_group_id", "property_option_id", "component_disease_rel", "seq_num") VALUES (273, 46, 87, 102, 0);
INSERT INTO "public"."tb_property_group_option_rel"("id", "property_group_id", "property_option_id", "component_disease_rel", "seq_num") VALUES (274, 46, 88, 102, 1);
INSERT INTO "public"."tb_property_group_option_rel"("id", "property_group_id", "property_option_id", "component_disease_rel", "seq_num") VALUES (275, 46, 89, 102, 2);
INSERT INTO "public"."tb_property_group_option_rel"("id", "property_group_id", "property_option_id", "component_disease_rel", "seq_num") VALUES (276, 23, 48, 104, 2);
INSERT INTO "public"."tb_property_group_option_rel"("id", "property_group_id", "property_option_id", "component_disease_rel", "seq_num") VALUES (277, 23, 70, 104, 0);
INSERT INTO "public"."tb_property_group_option_rel"("id", "property_group_id", "property_option_id", "component_disease_rel", "seq_num") VALUES (278, 23, 71, 104, 1);
INSERT INTO "public"."tb_property_group_option_rel"("id", "property_group_id", "property_option_id", "component_disease_rel", "seq_num") VALUES (279, 23, 48, 105, 2);
INSERT INTO "public"."tb_property_group_option_rel"("id", "property_group_id", "property_option_id", "component_disease_rel", "seq_num") VALUES (280, 23, 72, 105, 0);
INSERT INTO "public"."tb_property_group_option_rel"("id", "property_group_id", "property_option_id", "component_disease_rel", "seq_num") VALUES (281, 23, 73, 105, 1);
INSERT INTO "public"."tb_property_group_option_rel"("id", "property_group_id", "property_option_id", "component_disease_rel", "seq_num") VALUES (282, 23, 48, 106, 2);
INSERT INTO "public"."tb_property_group_option_rel"("id", "property_group_id", "property_option_id", "component_disease_rel", "seq_num") VALUES (283, 23, 70, 106, 0);
INSERT INTO "public"."tb_property_group_option_rel"("id", "property_group_id", "property_option_id", "component_disease_rel", "seq_num") VALUES (284, 23, 71, 106, 1);
INSERT INTO "public"."tb_property_group_option_rel"("id", "property_group_id", "property_option_id", "component_disease_rel", "seq_num") VALUES (285, 23, 48, 107, 2);
INSERT INTO "public"."tb_property_group_option_rel"("id", "property_group_id", "property_option_id", "component_disease_rel", "seq_num") VALUES (286, 23, 71, 107, 0);
INSERT INTO "public"."tb_property_group_option_rel"("id", "property_group_id", "property_option_id", "component_disease_rel", "seq_num") VALUES (287, 23, 74, 107, 1);
INSERT INTO "public"."tb_property_group_option_rel"("id", "property_group_id", "property_option_id", "component_disease_rel", "seq_num") VALUES (288, 23, 75, 108, 2);
INSERT INTO "public"."tb_property_group_option_rel"("id", "property_group_id", "property_option_id", "component_disease_rel", "seq_num") VALUES (289, 23, 76, 108, 0);
INSERT INTO "public"."tb_property_group_option_rel"("id", "property_group_id", "property_option_id", "component_disease_rel", "seq_num") VALUES (290, 23, 77, 108, 1);
INSERT INTO "public"."tb_property_group_option_rel"("id", "property_group_id", "property_option_id", "component_disease_rel", "seq_num") VALUES (291, 23, 48, 109, 2);
INSERT INTO "public"."tb_property_group_option_rel"("id", "property_group_id", "property_option_id", "component_disease_rel", "seq_num") VALUES (292, 23, 35, 109, 0);
INSERT INTO "public"."tb_property_group_option_rel"("id", "property_group_id", "property_option_id", "component_disease_rel", "seq_num") VALUES (293, 23, 56, 109, 1);
INSERT INTO "public"."tb_property_group_option_rel"("id", "property_group_id", "property_option_id", "component_disease_rel", "seq_num") VALUES (294, 23, 2, 111, 2);
INSERT INTO "public"."tb_property_group_option_rel"("id", "property_group_id", "property_option_id", "component_disease_rel", "seq_num") VALUES (295, 23, 35, 111, 0);
INSERT INTO "public"."tb_property_group_option_rel"("id", "property_group_id", "property_option_id", "component_disease_rel", "seq_num") VALUES (296, 23, 56, 111, 1);
INSERT INTO "public"."tb_property_group_option_rel"("id", "property_group_id", "property_option_id", "component_disease_rel", "seq_num") VALUES (297, 23, 48, 112, 2);
INSERT INTO "public"."tb_property_group_option_rel"("id", "property_group_id", "property_option_id", "component_disease_rel", "seq_num") VALUES (298, 23, 73, 112, 0);
INSERT INTO "public"."tb_property_group_option_rel"("id", "property_group_id", "property_option_id", "component_disease_rel", "seq_num") VALUES (299, 23, 78, 112, 1);
INSERT INTO "public"."tb_property_group_option_rel"("id", "property_group_id", "property_option_id", "component_disease_rel", "seq_num") VALUES (300, 23, 48, 113, 2);
INSERT INTO "public"."tb_property_group_option_rel"("id", "property_group_id", "property_option_id", "component_disease_rel", "seq_num") VALUES (301, 23, 79, 113, 0);
INSERT INTO "public"."tb_property_group_option_rel"("id", "property_group_id", "property_option_id", "component_disease_rel", "seq_num") VALUES (302, 23, 80, 113, 1);
INSERT INTO "public"."tb_property_group_option_rel"("id", "property_group_id", "property_option_id", "component_disease_rel", "seq_num") VALUES (303, 23, 2, 114, 2);
INSERT INTO "public"."tb_property_group_option_rel"("id", "property_group_id", "property_option_id", "component_disease_rel", "seq_num") VALUES (304, 23, 37, 114, 0);
INSERT INTO "public"."tb_property_group_option_rel"("id", "property_group_id", "property_option_id", "component_disease_rel", "seq_num") VALUES (305, 23, 61, 114, 1);
INSERT INTO "public"."tb_property_group_option_rel"("id", "property_group_id", "property_option_id", "component_disease_rel", "seq_num") VALUES (306, 23, 2, 116, 2);
INSERT INTO "public"."tb_property_group_option_rel"("id", "property_group_id", "property_option_id", "component_disease_rel", "seq_num") VALUES (307, 23, 35, 116, 0);
INSERT INTO "public"."tb_property_group_option_rel"("id", "property_group_id", "property_option_id", "component_disease_rel", "seq_num") VALUES (308, 23, 56, 116, 1);
INSERT INTO "public"."tb_property_group_option_rel"("id", "property_group_id", "property_option_id", "component_disease_rel", "seq_num") VALUES (309, 23, 2, 117, 2);
INSERT INTO "public"."tb_property_group_option_rel"("id", "property_group_id", "property_option_id", "component_disease_rel", "seq_num") VALUES (310, 23, 35, 117, 0);
INSERT INTO "public"."tb_property_group_option_rel"("id", "property_group_id", "property_option_id", "component_disease_rel", "seq_num") VALUES (311, 23, 56, 117, 1);
INSERT INTO "public"."tb_property_group_option_rel"("id", "property_group_id", "property_option_id", "component_disease_rel", "seq_num") VALUES (312, 23, 48, 118, 2);
INSERT INTO "public"."tb_property_group_option_rel"("id", "property_group_id", "property_option_id", "component_disease_rel", "seq_num") VALUES (313, 23, 81, 118, 0);
INSERT INTO "public"."tb_property_group_option_rel"("id", "property_group_id", "property_option_id", "component_disease_rel", "seq_num") VALUES (314, 23, 71, 118, 1);
INSERT INTO "public"."tb_property_group_option_rel"("id", "property_group_id", "property_option_id", "component_disease_rel", "seq_num") VALUES (315, 23, 2, 119, 2);
INSERT INTO "public"."tb_property_group_option_rel"("id", "property_group_id", "property_option_id", "component_disease_rel", "seq_num") VALUES (316, 23, 68, 119, 0);
INSERT INTO "public"."tb_property_group_option_rel"("id", "property_group_id", "property_option_id", "component_disease_rel", "seq_num") VALUES (317, 23, 82, 119, 1);
INSERT INTO "public"."tb_property_group_option_rel"("id", "property_group_id", "property_option_id", "component_disease_rel", "seq_num") VALUES (318, 76, 2, 121, 2);
INSERT INTO "public"."tb_property_group_option_rel"("id", "property_group_id", "property_option_id", "component_disease_rel", "seq_num") VALUES (319, 76, 30, 121, 0);
INSERT INTO "public"."tb_property_group_option_rel"("id", "property_group_id", "property_option_id", "component_disease_rel", "seq_num") VALUES (320, 76, 63, 121, 1);
INSERT INTO "public"."tb_property_group_option_rel"("id", "property_group_id", "property_option_id", "component_disease_rel", "seq_num") VALUES (321, 76, 2, 122, 2);
INSERT INTO "public"."tb_property_group_option_rel"("id", "property_group_id", "property_option_id", "component_disease_rel", "seq_num") VALUES (322, 76, 30, 122, 0);
INSERT INTO "public"."tb_property_group_option_rel"("id", "property_group_id", "property_option_id", "component_disease_rel", "seq_num") VALUES (323, 76, 63, 122, 1);
INSERT INTO "public"."tb_property_group_option_rel"("id", "property_group_id", "property_option_id", "component_disease_rel", "seq_num") VALUES (324, 23, 48, 123, 2);
INSERT INTO "public"."tb_property_group_option_rel"("id", "property_group_id", "property_option_id", "component_disease_rel", "seq_num") VALUES (325, 23, 31, 123, 0);
INSERT INTO "public"."tb_property_group_option_rel"("id", "property_group_id", "property_option_id", "component_disease_rel", "seq_num") VALUES (326, 23, 63, 123, 1);
INSERT INTO "public"."tb_property_group_option_rel"("id", "property_group_id", "property_option_id", "component_disease_rel", "seq_num") VALUES (327, 46, 64, 124, 0);
INSERT INTO "public"."tb_property_group_option_rel"("id", "property_group_id", "property_option_id", "component_disease_rel", "seq_num") VALUES (328, 46, 65, 124, 1);
INSERT INTO "public"."tb_property_group_option_rel"("id", "property_group_id", "property_option_id", "component_disease_rel", "seq_num") VALUES (329, 46, 66, 124, 2);
INSERT INTO "public"."tb_property_group_option_rel"("id", "property_group_id", "property_option_id", "component_disease_rel", "seq_num") VALUES (330, 46, 64, 125, 0);
INSERT INTO "public"."tb_property_group_option_rel"("id", "property_group_id", "property_option_id", "component_disease_rel", "seq_num") VALUES (331, 46, 65, 125, 1);
INSERT INTO "public"."tb_property_group_option_rel"("id", "property_group_id", "property_option_id", "component_disease_rel", "seq_num") VALUES (332, 46, 66, 125, 2);
INSERT INTO "public"."tb_property_group_option_rel"("id", "property_group_id", "property_option_id", "component_disease_rel", "seq_num") VALUES (333, 23, 67, 126, 2);
INSERT INTO "public"."tb_property_group_option_rel"("id", "property_group_id", "property_option_id", "component_disease_rel", "seq_num") VALUES (334, 23, 68, 126, 0);
INSERT INTO "public"."tb_property_group_option_rel"("id", "property_group_id", "property_option_id", "component_disease_rel", "seq_num") VALUES (335, 23, 69, 126, 1);
INSERT INTO "public"."tb_property_group_option_rel"("id", "property_group_id", "property_option_id", "component_disease_rel", "seq_num") VALUES (336, 64, 2, 127, 2);
INSERT INTO "public"."tb_property_group_option_rel"("id", "property_group_id", "property_option_id", "component_disease_rel", "seq_num") VALUES (337, 64, 30, 127, 0);
INSERT INTO "public"."tb_property_group_option_rel"("id", "property_group_id", "property_option_id", "component_disease_rel", "seq_num") VALUES (338, 64, 63, 127, 1);
INSERT INTO "public"."tb_property_group_option_rel"("id", "property_group_id", "property_option_id", "component_disease_rel", "seq_num") VALUES (339, 46, 87, 128, 0);
INSERT INTO "public"."tb_property_group_option_rel"("id", "property_group_id", "property_option_id", "component_disease_rel", "seq_num") VALUES (340, 46, 88, 128, 1);
INSERT INTO "public"."tb_property_group_option_rel"("id", "property_group_id", "property_option_id", "component_disease_rel", "seq_num") VALUES (341, 46, 89, 128, 2);
INSERT INTO "public"."tb_property_group_option_rel"("id", "property_group_id", "property_option_id", "component_disease_rel", "seq_num") VALUES (342, 46, 87, 129, 0);
INSERT INTO "public"."tb_property_group_option_rel"("id", "property_group_id", "property_option_id", "component_disease_rel", "seq_num") VALUES (343, 46, 88, 129, 1);
INSERT INTO "public"."tb_property_group_option_rel"("id", "property_group_id", "property_option_id", "component_disease_rel", "seq_num") VALUES (344, 46, 89, 129, 2);
INSERT INTO "public"."tb_property_group_option_rel"("id", "property_group_id", "property_option_id", "component_disease_rel", "seq_num") VALUES (345, 46, 85, 131, 0);
INSERT INTO "public"."tb_property_group_option_rel"("id", "property_group_id", "property_option_id", "component_disease_rel", "seq_num") VALUES (346, 46, 55, 131, 1);
INSERT INTO "public"."tb_property_group_option_rel"("id", "property_group_id", "property_option_id", "component_disease_rel", "seq_num") VALUES (347, 46, 57, 131, 2);
INSERT INTO "public"."tb_property_group_option_rel"("id", "property_group_id", "property_option_id", "component_disease_rel", "seq_num") VALUES (348, 46, 85, 132, 0);
INSERT INTO "public"."tb_property_group_option_rel"("id", "property_group_id", "property_option_id", "component_disease_rel", "seq_num") VALUES (349, 46, 55, 132, 1);
INSERT INTO "public"."tb_property_group_option_rel"("id", "property_group_id", "property_option_id", "component_disease_rel", "seq_num") VALUES (350, 46, 57, 132, 2);
INSERT INTO "public"."tb_property_group_option_rel"("id", "property_group_id", "property_option_id", "component_disease_rel", "seq_num") VALUES (351, 8, 85, 133, 0);
INSERT INTO "public"."tb_property_group_option_rel"("id", "property_group_id", "property_option_id", "component_disease_rel", "seq_num") VALUES (352, 8, 91, 133, 1);
INSERT INTO "public"."tb_property_group_option_rel"("id", "property_group_id", "property_option_id", "component_disease_rel", "seq_num") VALUES (353, 8, 92, 133, 2);
INSERT INTO "public"."tb_property_group_option_rel"("id", "property_group_id", "property_option_id", "component_disease_rel", "seq_num") VALUES (354, 46, 85, 134, 0);
INSERT INTO "public"."tb_property_group_option_rel"("id", "property_group_id", "property_option_id", "component_disease_rel", "seq_num") VALUES (355, 46, 91, 134, 1);
INSERT INTO "public"."tb_property_group_option_rel"("id", "property_group_id", "property_option_id", "component_disease_rel", "seq_num") VALUES (356, 46, 92, 134, 2);
INSERT INTO "public"."tb_property_group_option_rel"("id", "property_group_id", "property_option_id", "component_disease_rel", "seq_num") VALUES (357, 76, 2, 136, 2);
INSERT INTO "public"."tb_property_group_option_rel"("id", "property_group_id", "property_option_id", "component_disease_rel", "seq_num") VALUES (358, 76, 30, 136, 0);
INSERT INTO "public"."tb_property_group_option_rel"("id", "property_group_id", "property_option_id", "component_disease_rel", "seq_num") VALUES (359, 76, 63, 136, 1);
INSERT INTO "public"."tb_property_group_option_rel"("id", "property_group_id", "property_option_id", "component_disease_rel", "seq_num") VALUES (360, 76, 2, 137, 2);
INSERT INTO "public"."tb_property_group_option_rel"("id", "property_group_id", "property_option_id", "component_disease_rel", "seq_num") VALUES (361, 76, 30, 137, 0);
INSERT INTO "public"."tb_property_group_option_rel"("id", "property_group_id", "property_option_id", "component_disease_rel", "seq_num") VALUES (362, 76, 63, 137, 1);
INSERT INTO "public"."tb_property_group_option_rel"("id", "property_group_id", "property_option_id", "component_disease_rel", "seq_num") VALUES (363, 46, 85, 138, 0);
INSERT INTO "public"."tb_property_group_option_rel"("id", "property_group_id", "property_option_id", "component_disease_rel", "seq_num") VALUES (364, 46, 55, 138, 1);
INSERT INTO "public"."tb_property_group_option_rel"("id", "property_group_id", "property_option_id", "component_disease_rel", "seq_num") VALUES (365, 46, 57, 138, 2);
INSERT INTO "public"."tb_property_group_option_rel"("id", "property_group_id", "property_option_id", "component_disease_rel", "seq_num") VALUES (366, 46, 85, 139, 0);
INSERT INTO "public"."tb_property_group_option_rel"("id", "property_group_id", "property_option_id", "component_disease_rel", "seq_num") VALUES (367, 46, 55, 139, 1);
INSERT INTO "public"."tb_property_group_option_rel"("id", "property_group_id", "property_option_id", "component_disease_rel", "seq_num") VALUES (368, 46, 57, 139, 2);
INSERT INTO "public"."tb_property_group_option_rel"("id", "property_group_id", "property_option_id", "component_disease_rel", "seq_num") VALUES (369, 23, 32, 140, 2);
INSERT INTO "public"."tb_property_group_option_rel"("id", "property_group_id", "property_option_id", "component_disease_rel", "seq_num") VALUES (370, 23, 33, 140, 0);
INSERT INTO "public"."tb_property_group_option_rel"("id", "property_group_id", "property_option_id", "component_disease_rel", "seq_num") VALUES (371, 23, 34, 140, 1);
INSERT INTO "public"."tb_property_group_option_rel"("id", "property_group_id", "property_option_id", "component_disease_rel", "seq_num") VALUES (372, 27, 2, 142, 2);
INSERT INTO "public"."tb_property_group_option_rel"("id", "property_group_id", "property_option_id", "component_disease_rel", "seq_num") VALUES (373, 27, 35, 142, 0);
INSERT INTO "public"."tb_property_group_option_rel"("id", "property_group_id", "property_option_id", "component_disease_rel", "seq_num") VALUES (374, 27, 36, 142, 1);
INSERT INTO "public"."tb_property_group_option_rel"("id", "property_group_id", "property_option_id", "component_disease_rel", "seq_num") VALUES (375, 23, 2, 146, 2);
INSERT INTO "public"."tb_property_group_option_rel"("id", "property_group_id", "property_option_id", "component_disease_rel", "seq_num") VALUES (376, 23, 37, 146, 0);
INSERT INTO "public"."tb_property_group_option_rel"("id", "property_group_id", "property_option_id", "component_disease_rel", "seq_num") VALUES (377, 23, 56, 146, 1);
INSERT INTO "public"."tb_property_group_option_rel"("id", "property_group_id", "property_option_id", "component_disease_rel", "seq_num") VALUES (378, 23, 2, 147, 2);
INSERT INTO "public"."tb_property_group_option_rel"("id", "property_group_id", "property_option_id", "component_disease_rel", "seq_num") VALUES (379, 23, 35, 147, 0);
INSERT INTO "public"."tb_property_group_option_rel"("id", "property_group_id", "property_option_id", "component_disease_rel", "seq_num") VALUES (380, 23, 56, 147, 1);
INSERT INTO "public"."tb_property_group_option_rel"("id", "property_group_id", "property_option_id", "component_disease_rel", "seq_num") VALUES (381, 23, 2, 148, 2);
INSERT INTO "public"."tb_property_group_option_rel"("id", "property_group_id", "property_option_id", "component_disease_rel", "seq_num") VALUES (382, 23, 35, 148, 0);
INSERT INTO "public"."tb_property_group_option_rel"("id", "property_group_id", "property_option_id", "component_disease_rel", "seq_num") VALUES (383, 23, 56, 148, 1);
INSERT INTO "public"."tb_property_group_option_rel"("id", "property_group_id", "property_option_id", "component_disease_rel", "seq_num") VALUES (384, 23, 2, 149, 2);
INSERT INTO "public"."tb_property_group_option_rel"("id", "property_group_id", "property_option_id", "component_disease_rel", "seq_num") VALUES (385, 23, 35, 149, 0);
INSERT INTO "public"."tb_property_group_option_rel"("id", "property_group_id", "property_option_id", "component_disease_rel", "seq_num") VALUES (386, 23, 56, 149, 1);
INSERT INTO "public"."tb_property_group_option_rel"("id", "property_group_id", "property_option_id", "component_disease_rel", "seq_num") VALUES (387, 27, 2, 150, 2);
INSERT INTO "public"."tb_property_group_option_rel"("id", "property_group_id", "property_option_id", "component_disease_rel", "seq_num") VALUES (388, 27, 35, 150, 0);
INSERT INTO "public"."tb_property_group_option_rel"("id", "property_group_id", "property_option_id", "component_disease_rel", "seq_num") VALUES (389, 27, 56, 150, 1);
INSERT INTO "public"."tb_property_group_option_rel"("id", "property_group_id", "property_option_id", "component_disease_rel", "seq_num") VALUES (390, 23, 2, 151, 2);
INSERT INTO "public"."tb_property_group_option_rel"("id", "property_group_id", "property_option_id", "component_disease_rel", "seq_num") VALUES (391, 23, 35, 151, 0);
INSERT INTO "public"."tb_property_group_option_rel"("id", "property_group_id", "property_option_id", "component_disease_rel", "seq_num") VALUES (392, 23, 56, 151, 1);
INSERT INTO "public"."tb_property_group_option_rel"("id", "property_group_id", "property_option_id", "component_disease_rel", "seq_num") VALUES (393, 36, 40, 152, 2);
INSERT INTO "public"."tb_property_group_option_rel"("id", "property_group_id", "property_option_id", "component_disease_rel", "seq_num") VALUES (394, 36, 41, 152, 0);
INSERT INTO "public"."tb_property_group_option_rel"("id", "property_group_id", "property_option_id", "component_disease_rel", "seq_num") VALUES (395, 36, 42, 152, 1);
INSERT INTO "public"."tb_property_group_option_rel"("id", "property_group_id", "property_option_id", "component_disease_rel", "seq_num") VALUES (396, 23, 2, 153, 2);
INSERT INTO "public"."tb_property_group_option_rel"("id", "property_group_id", "property_option_id", "component_disease_rel", "seq_num") VALUES (397, 23, 35, 153, 0);
INSERT INTO "public"."tb_property_group_option_rel"("id", "property_group_id", "property_option_id", "component_disease_rel", "seq_num") VALUES (398, 23, 56, 153, 1);
INSERT INTO "public"."tb_property_group_option_rel"("id", "property_group_id", "property_option_id", "component_disease_rel", "seq_num") VALUES (399, 41, 43, 155, 0);
INSERT INTO "public"."tb_property_group_option_rel"("id", "property_group_id", "property_option_id", "component_disease_rel", "seq_num") VALUES (400, 41, 44, 155, 1);
INSERT INTO "public"."tb_property_group_option_rel"("id", "property_group_id", "property_option_id", "component_disease_rel", "seq_num") VALUES (401, 41, 45, 155, 2);
INSERT INTO "public"."tb_property_group_option_rel"("id", "property_group_id", "property_option_id", "component_disease_rel", "seq_num") VALUES (402, 41, 43, 156, 0);
INSERT INTO "public"."tb_property_group_option_rel"("id", "property_group_id", "property_option_id", "component_disease_rel", "seq_num") VALUES (403, 41, 44, 156, 1);
INSERT INTO "public"."tb_property_group_option_rel"("id", "property_group_id", "property_option_id", "component_disease_rel", "seq_num") VALUES (404, 41, 45, 156, 2);
INSERT INTO "public"."tb_property_group_option_rel"("id", "property_group_id", "property_option_id", "component_disease_rel", "seq_num") VALUES (405, 23, 2, 157, 2);
INSERT INTO "public"."tb_property_group_option_rel"("id", "property_group_id", "property_option_id", "component_disease_rel", "seq_num") VALUES (406, 23, 46, 157, 0);
INSERT INTO "public"."tb_property_group_option_rel"("id", "property_group_id", "property_option_id", "component_disease_rel", "seq_num") VALUES (407, 23, 47, 157, 1);
INSERT INTO "public"."tb_property_group_option_rel"("id", "property_group_id", "property_option_id", "component_disease_rel", "seq_num") VALUES (408, 23, 48, 158, 2);
INSERT INTO "public"."tb_property_group_option_rel"("id", "property_group_id", "property_option_id", "component_disease_rel", "seq_num") VALUES (409, 23, 49, 158, 0);
INSERT INTO "public"."tb_property_group_option_rel"("id", "property_group_id", "property_option_id", "component_disease_rel", "seq_num") VALUES (410, 23, 50, 158, 1);
INSERT INTO "public"."tb_property_group_option_rel"("id", "property_group_id", "property_option_id", "component_disease_rel", "seq_num") VALUES (411, 46, 52, 160, 0);
INSERT INTO "public"."tb_property_group_option_rel"("id", "property_group_id", "property_option_id", "component_disease_rel", "seq_num") VALUES (412, 46, 53, 160, 1);
INSERT INTO "public"."tb_property_group_option_rel"("id", "property_group_id", "property_option_id", "component_disease_rel", "seq_num") VALUES (413, 46, 45, 160, 2);
INSERT INTO "public"."tb_property_group_option_rel"("id", "property_group_id", "property_option_id", "component_disease_rel", "seq_num") VALUES (414, 46, 43, 161, 0);
INSERT INTO "public"."tb_property_group_option_rel"("id", "property_group_id", "property_option_id", "component_disease_rel", "seq_num") VALUES (415, 46, 54, 161, 1);
INSERT INTO "public"."tb_property_group_option_rel"("id", "property_group_id", "property_option_id", "component_disease_rel", "seq_num") VALUES (416, 46, 57, 161, 2);
INSERT INTO "public"."tb_property_group_option_rel"("id", "property_group_id", "property_option_id", "component_disease_rel", "seq_num") VALUES (417, 46, 43, 162, 0);
INSERT INTO "public"."tb_property_group_option_rel"("id", "property_group_id", "property_option_id", "component_disease_rel", "seq_num") VALUES (418, 46, 54, 162, 1);
INSERT INTO "public"."tb_property_group_option_rel"("id", "property_group_id", "property_option_id", "component_disease_rel", "seq_num") VALUES (419, 46, 57, 162, 2);
INSERT INTO "public"."tb_property_group_option_rel"("id", "property_group_id", "property_option_id", "component_disease_rel", "seq_num") VALUES (420, 23, 43, 164, 0);
INSERT INTO "public"."tb_property_group_option_rel"("id", "property_group_id", "property_option_id", "component_disease_rel", "seq_num") VALUES (421, 23, 44, 164, 1);
INSERT INTO "public"."tb_property_group_option_rel"("id", "property_group_id", "property_option_id", "component_disease_rel", "seq_num") VALUES (422, 23, 45, 164, 2);
INSERT INTO "public"."tb_property_group_option_rel"("id", "property_group_id", "property_option_id", "component_disease_rel", "seq_num") VALUES (423, 41, 35, 165, 0);
INSERT INTO "public"."tb_property_group_option_rel"("id", "property_group_id", "property_option_id", "component_disease_rel", "seq_num") VALUES (424, 41, 38, 165, 1);
INSERT INTO "public"."tb_property_group_option_rel"("id", "property_group_id", "property_option_id", "component_disease_rel", "seq_num") VALUES (425, 41, 56, 165, 2);
INSERT INTO "public"."tb_property_group_option_rel"("id", "property_group_id", "property_option_id", "component_disease_rel", "seq_num") VALUES (426, 41, 35, 166, 0);
INSERT INTO "public"."tb_property_group_option_rel"("id", "property_group_id", "property_option_id", "component_disease_rel", "seq_num") VALUES (427, 41, 38, 166, 1);
INSERT INTO "public"."tb_property_group_option_rel"("id", "property_group_id", "property_option_id", "component_disease_rel", "seq_num") VALUES (428, 41, 56, 166, 2);
INSERT INTO "public"."tb_property_group_option_rel"("id", "property_group_id", "property_option_id", "component_disease_rel", "seq_num") VALUES (429, 76, 85, 168, 0);
INSERT INTO "public"."tb_property_group_option_rel"("id", "property_group_id", "property_option_id", "component_disease_rel", "seq_num") VALUES (430, 76, 55, 168, 1);
INSERT INTO "public"."tb_property_group_option_rel"("id", "property_group_id", "property_option_id", "component_disease_rel", "seq_num") VALUES (431, 76, 57, 168, 2);
INSERT INTO "public"."tb_property_group_option_rel"("id", "property_group_id", "property_option_id", "component_disease_rel", "seq_num") VALUES (432, 46, 64, 169, 0);
INSERT INTO "public"."tb_property_group_option_rel"("id", "property_group_id", "property_option_id", "component_disease_rel", "seq_num") VALUES (433, 46, 65, 169, 1);
INSERT INTO "public"."tb_property_group_option_rel"("id", "property_group_id", "property_option_id", "component_disease_rel", "seq_num") VALUES (434, 46, 66, 169, 2);
INSERT INTO "public"."tb_property_group_option_rel"("id", "property_group_id", "property_option_id", "component_disease_rel", "seq_num") VALUES (435, 46, 64, 170, 0);
INSERT INTO "public"."tb_property_group_option_rel"("id", "property_group_id", "property_option_id", "component_disease_rel", "seq_num") VALUES (436, 46, 65, 170, 1);
INSERT INTO "public"."tb_property_group_option_rel"("id", "property_group_id", "property_option_id", "component_disease_rel", "seq_num") VALUES (437, 46, 66, 170, 2);
INSERT INTO "public"."tb_property_group_option_rel"("id", "property_group_id", "property_option_id", "component_disease_rel", "seq_num") VALUES (438, 52, 2, 171, 2);
INSERT INTO "public"."tb_property_group_option_rel"("id", "property_group_id", "property_option_id", "component_disease_rel", "seq_num") VALUES (439, 52, 35, 171, 0);
INSERT INTO "public"."tb_property_group_option_rel"("id", "property_group_id", "property_option_id", "component_disease_rel", "seq_num") VALUES (440, 52, 36, 171, 1);
INSERT INTO "public"."tb_property_group_option_rel"("id", "property_group_id", "property_option_id", "component_disease_rel", "seq_num") VALUES (441, 76, 2, 172, 2);
INSERT INTO "public"."tb_property_group_option_rel"("id", "property_group_id", "property_option_id", "component_disease_rel", "seq_num") VALUES (442, 76, 36, 172, 0);
INSERT INTO "public"."tb_property_group_option_rel"("id", "property_group_id", "property_option_id", "component_disease_rel", "seq_num") VALUES (443, 76, 56, 172, 1);
INSERT INTO "public"."tb_property_group_option_rel"("id", "property_group_id", "property_option_id", "component_disease_rel", "seq_num") VALUES (444, 23, 2, 173, 2);
INSERT INTO "public"."tb_property_group_option_rel"("id", "property_group_id", "property_option_id", "component_disease_rel", "seq_num") VALUES (445, 23, 35, 173, 0);
INSERT INTO "public"."tb_property_group_option_rel"("id", "property_group_id", "property_option_id", "component_disease_rel", "seq_num") VALUES (446, 23, 56, 173, 1);
INSERT INTO "public"."tb_property_group_option_rel"("id", "property_group_id", "property_option_id", "component_disease_rel", "seq_num") VALUES (447, 76, 2, 174, 2);
INSERT INTO "public"."tb_property_group_option_rel"("id", "property_group_id", "property_option_id", "component_disease_rel", "seq_num") VALUES (448, 76, 30, 174, 0);
INSERT INTO "public"."tb_property_group_option_rel"("id", "property_group_id", "property_option_id", "component_disease_rel", "seq_num") VALUES (449, 76, 63, 174, 1);
INSERT INTO "public"."tb_property_group_option_rel"("id", "property_group_id", "property_option_id", "component_disease_rel", "seq_num") VALUES (450, 23, 2, 175, 2);
INSERT INTO "public"."tb_property_group_option_rel"("id", "property_group_id", "property_option_id", "component_disease_rel", "seq_num") VALUES (451, 23, 36, 175, 0);
INSERT INTO "public"."tb_property_group_option_rel"("id", "property_group_id", "property_option_id", "component_disease_rel", "seq_num") VALUES (452, 23, 56, 175, 1);
INSERT INTO "public"."tb_property_group_option_rel"("id", "property_group_id", "property_option_id", "component_disease_rel", "seq_num") VALUES (453, 23, 51, 177, 0);
INSERT INTO "public"."tb_property_group_option_rel"("id", "property_group_id", "property_option_id", "component_disease_rel", "seq_num") VALUES (454, 23, 58, 177, 1);
INSERT INTO "public"."tb_property_group_option_rel"("id", "property_group_id", "property_option_id", "component_disease_rel", "seq_num") VALUES (455, 23, 59, 177, 2);
INSERT INTO "public"."tb_property_group_option_rel"("id", "property_group_id", "property_option_id", "component_disease_rel", "seq_num") VALUES (456, 23, 51, 178, 0);
INSERT INTO "public"."tb_property_group_option_rel"("id", "property_group_id", "property_option_id", "component_disease_rel", "seq_num") VALUES (457, 23, 52, 178, 1);
INSERT INTO "public"."tb_property_group_option_rel"("id", "property_group_id", "property_option_id", "component_disease_rel", "seq_num") VALUES (458, 23, 57, 178, 2);
INSERT INTO "public"."tb_property_group_option_rel"("id", "property_group_id", "property_option_id", "component_disease_rel", "seq_num") VALUES (459, 23, 51, 179, 0);
INSERT INTO "public"."tb_property_group_option_rel"("id", "property_group_id", "property_option_id", "component_disease_rel", "seq_num") VALUES (460, 23, 52, 179, 1);
INSERT INTO "public"."tb_property_group_option_rel"("id", "property_group_id", "property_option_id", "component_disease_rel", "seq_num") VALUES (461, 23, 57, 179, 2);
INSERT INTO "public"."tb_property_group_option_rel"("id", "property_group_id", "property_option_id", "component_disease_rel", "seq_num") VALUES (462, 46, 43, 180, 0);
INSERT INTO "public"."tb_property_group_option_rel"("id", "property_group_id", "property_option_id", "component_disease_rel", "seq_num") VALUES (463, 46, 54, 180, 1);
INSERT INTO "public"."tb_property_group_option_rel"("id", "property_group_id", "property_option_id", "component_disease_rel", "seq_num") VALUES (464, 46, 57, 180, 2);
INSERT INTO "public"."tb_property_group_option_rel"("id", "property_group_id", "property_option_id", "component_disease_rel", "seq_num") VALUES (465, 23, 2, 181, 2);
INSERT INTO "public"."tb_property_group_option_rel"("id", "property_group_id", "property_option_id", "component_disease_rel", "seq_num") VALUES (466, 23, 60, 181, 0);
INSERT INTO "public"."tb_property_group_option_rel"("id", "property_group_id", "property_option_id", "component_disease_rel", "seq_num") VALUES (467, 23, 61, 181, 1);
INSERT INTO "public"."tb_property_group_option_rel"("id", "property_group_id", "property_option_id", "component_disease_rel", "seq_num") VALUES (468, 23, 2, 182, 2);
INSERT INTO "public"."tb_property_group_option_rel"("id", "property_group_id", "property_option_id", "component_disease_rel", "seq_num") VALUES (469, 23, 37, 182, 0);
INSERT INTO "public"."tb_property_group_option_rel"("id", "property_group_id", "property_option_id", "component_disease_rel", "seq_num") VALUES (470, 23, 56, 182, 1);
INSERT INTO "public"."tb_property_group_option_rel"("id", "property_group_id", "property_option_id", "component_disease_rel", "seq_num") VALUES (471, 23, 2, 183, 2);
INSERT INTO "public"."tb_property_group_option_rel"("id", "property_group_id", "property_option_id", "component_disease_rel", "seq_num") VALUES (472, 23, 37, 183, 0);
INSERT INTO "public"."tb_property_group_option_rel"("id", "property_group_id", "property_option_id", "component_disease_rel", "seq_num") VALUES (473, 23, 56, 183, 1);
INSERT INTO "public"."tb_property_group_option_rel"("id", "property_group_id", "property_option_id", "component_disease_rel", "seq_num") VALUES (474, 41, 51, 184, 0);
INSERT INTO "public"."tb_property_group_option_rel"("id", "property_group_id", "property_option_id", "component_disease_rel", "seq_num") VALUES (475, 41, 62, 184, 1);
INSERT INTO "public"."tb_property_group_option_rel"("id", "property_group_id", "property_option_id", "component_disease_rel", "seq_num") VALUES (476, 41, 45, 184, 2);
INSERT INTO "public"."tb_property_group_option_rel"("id", "property_group_id", "property_option_id", "component_disease_rel", "seq_num") VALUES (477, 41, 2, 185, 2);
INSERT INTO "public"."tb_property_group_option_rel"("id", "property_group_id", "property_option_id", "component_disease_rel", "seq_num") VALUES (478, 41, 37, 185, 0);
INSERT INTO "public"."tb_property_group_option_rel"("id", "property_group_id", "property_option_id", "component_disease_rel", "seq_num") VALUES (479, 41, 56, 185, 1);
INSERT INTO "public"."tb_property_group_option_rel"("id", "property_group_id", "property_option_id", "component_disease_rel", "seq_num") VALUES (480, 23, 35, 186, 0);
INSERT INTO "public"."tb_property_group_option_rel"("id", "property_group_id", "property_option_id", "component_disease_rel", "seq_num") VALUES (481, 23, 36, 186, 1);
INSERT INTO "public"."tb_property_group_option_rel"("id", "property_group_id", "property_option_id", "component_disease_rel", "seq_num") VALUES (482, 23, 56, 186, 2);
INSERT INTO "public"."tb_property_group_option_rel"("id", "property_group_id", "property_option_id", "component_disease_rel", "seq_num") VALUES (483, 76, 85, 187, 0);
INSERT INTO "public"."tb_property_group_option_rel"("id", "property_group_id", "property_option_id", "component_disease_rel", "seq_num") VALUES (484, 76, 55, 187, 1);
INSERT INTO "public"."tb_property_group_option_rel"("id", "property_group_id", "property_option_id", "component_disease_rel", "seq_num") VALUES (485, 76, 57, 187, 2);
INSERT INTO "public"."tb_property_group_option_rel"("id", "property_group_id", "property_option_id", "component_disease_rel", "seq_num") VALUES (486, 46, 64, 188, 0);
INSERT INTO "public"."tb_property_group_option_rel"("id", "property_group_id", "property_option_id", "component_disease_rel", "seq_num") VALUES (487, 46, 65, 188, 1);
INSERT INTO "public"."tb_property_group_option_rel"("id", "property_group_id", "property_option_id", "component_disease_rel", "seq_num") VALUES (488, 46, 66, 188, 2);
INSERT INTO "public"."tb_property_group_option_rel"("id", "property_group_id", "property_option_id", "component_disease_rel", "seq_num") VALUES (489, 46, 64, 189, 0);
INSERT INTO "public"."tb_property_group_option_rel"("id", "property_group_id", "property_option_id", "component_disease_rel", "seq_num") VALUES (490, 46, 65, 189, 1);
INSERT INTO "public"."tb_property_group_option_rel"("id", "property_group_id", "property_option_id", "component_disease_rel", "seq_num") VALUES (491, 46, 66, 189, 2);
INSERT INTO "public"."tb_property_group_option_rel"("id", "property_group_id", "property_option_id", "component_disease_rel", "seq_num") VALUES (492, 52, 2, 190, 2);
INSERT INTO "public"."tb_property_group_option_rel"("id", "property_group_id", "property_option_id", "component_disease_rel", "seq_num") VALUES (493, 52, 35, 190, 0);
INSERT INTO "public"."tb_property_group_option_rel"("id", "property_group_id", "property_option_id", "component_disease_rel", "seq_num") VALUES (494, 52, 36, 190, 1);
INSERT INTO "public"."tb_property_group_option_rel"("id", "property_group_id", "property_option_id", "component_disease_rel", "seq_num") VALUES (495, 76, 2, 191, 2);
INSERT INTO "public"."tb_property_group_option_rel"("id", "property_group_id", "property_option_id", "component_disease_rel", "seq_num") VALUES (496, 76, 36, 191, 0);
INSERT INTO "public"."tb_property_group_option_rel"("id", "property_group_id", "property_option_id", "component_disease_rel", "seq_num") VALUES (497, 76, 56, 191, 1);
INSERT INTO "public"."tb_property_group_option_rel"("id", "property_group_id", "property_option_id", "component_disease_rel", "seq_num") VALUES (498, 23, 2, 192, 2);
INSERT INTO "public"."tb_property_group_option_rel"("id", "property_group_id", "property_option_id", "component_disease_rel", "seq_num") VALUES (499, 23, 35, 192, 0);
INSERT INTO "public"."tb_property_group_option_rel"("id", "property_group_id", "property_option_id", "component_disease_rel", "seq_num") VALUES (500, 23, 56, 192, 1);
INSERT INTO "public"."tb_property_group_option_rel"("id", "property_group_id", "property_option_id", "component_disease_rel", "seq_num") VALUES (501, 76, 2, 193, 2);
INSERT INTO "public"."tb_property_group_option_rel"("id", "property_group_id", "property_option_id", "component_disease_rel", "seq_num") VALUES (502, 76, 30, 193, 0);
INSERT INTO "public"."tb_property_group_option_rel"("id", "property_group_id", "property_option_id", "component_disease_rel", "seq_num") VALUES (503, 76, 63, 193, 1);
INSERT INTO "public"."tb_property_group_option_rel"("id", "property_group_id", "property_option_id", "component_disease_rel", "seq_num") VALUES (504, 46, 87, 194, 0);
INSERT INTO "public"."tb_property_group_option_rel"("id", "property_group_id", "property_option_id", "component_disease_rel", "seq_num") VALUES (505, 46, 88, 194, 1);
INSERT INTO "public"."tb_property_group_option_rel"("id", "property_group_id", "property_option_id", "component_disease_rel", "seq_num") VALUES (506, 46, 89, 194, 2);
INSERT INTO "public"."tb_property_group_option_rel"("id", "property_group_id", "property_option_id", "component_disease_rel", "seq_num") VALUES (507, 23, 2, 195, 2);
INSERT INTO "public"."tb_property_group_option_rel"("id", "property_group_id", "property_option_id", "component_disease_rel", "seq_num") VALUES (508, 23, 36, 195, 0);
INSERT INTO "public"."tb_property_group_option_rel"("id", "property_group_id", "property_option_id", "component_disease_rel", "seq_num") VALUES (509, 23, 56, 195, 1);
INSERT INTO "public"."tb_property_group_option_rel"("id", "property_group_id", "property_option_id", "component_disease_rel", "seq_num") VALUES (510, 23, 48, 197, 2);
INSERT INTO "public"."tb_property_group_option_rel"("id", "property_group_id", "property_option_id", "component_disease_rel", "seq_num") VALUES (511, 23, 70, 197, 0);
INSERT INTO "public"."tb_property_group_option_rel"("id", "property_group_id", "property_option_id", "component_disease_rel", "seq_num") VALUES (512, 23, 71, 197, 1);
INSERT INTO "public"."tb_property_group_option_rel"("id", "property_group_id", "property_option_id", "component_disease_rel", "seq_num") VALUES (513, 23, 48, 198, 2);
INSERT INTO "public"."tb_property_group_option_rel"("id", "property_group_id", "property_option_id", "component_disease_rel", "seq_num") VALUES (514, 23, 72, 198, 0);
INSERT INTO "public"."tb_property_group_option_rel"("id", "property_group_id", "property_option_id", "component_disease_rel", "seq_num") VALUES (515, 23, 73, 198, 1);
INSERT INTO "public"."tb_property_group_option_rel"("id", "property_group_id", "property_option_id", "component_disease_rel", "seq_num") VALUES (516, 23, 48, 199, 2);
INSERT INTO "public"."tb_property_group_option_rel"("id", "property_group_id", "property_option_id", "component_disease_rel", "seq_num") VALUES (517, 23, 70, 199, 0);
INSERT INTO "public"."tb_property_group_option_rel"("id", "property_group_id", "property_option_id", "component_disease_rel", "seq_num") VALUES (518, 23, 71, 199, 1);
INSERT INTO "public"."tb_property_group_option_rel"("id", "property_group_id", "property_option_id", "component_disease_rel", "seq_num") VALUES (519, 23, 48, 200, 2);
INSERT INTO "public"."tb_property_group_option_rel"("id", "property_group_id", "property_option_id", "component_disease_rel", "seq_num") VALUES (520, 23, 71, 200, 0);
INSERT INTO "public"."tb_property_group_option_rel"("id", "property_group_id", "property_option_id", "component_disease_rel", "seq_num") VALUES (521, 23, 74, 200, 1);
INSERT INTO "public"."tb_property_group_option_rel"("id", "property_group_id", "property_option_id", "component_disease_rel", "seq_num") VALUES (522, 23, 75, 201, 2);
INSERT INTO "public"."tb_property_group_option_rel"("id", "property_group_id", "property_option_id", "component_disease_rel", "seq_num") VALUES (523, 23, 76, 201, 0);
INSERT INTO "public"."tb_property_group_option_rel"("id", "property_group_id", "property_option_id", "component_disease_rel", "seq_num") VALUES (524, 23, 77, 201, 1);
INSERT INTO "public"."tb_property_group_option_rel"("id", "property_group_id", "property_option_id", "component_disease_rel", "seq_num") VALUES (525, 23, 48, 202, 2);
INSERT INTO "public"."tb_property_group_option_rel"("id", "property_group_id", "property_option_id", "component_disease_rel", "seq_num") VALUES (526, 23, 35, 202, 0);
INSERT INTO "public"."tb_property_group_option_rel"("id", "property_group_id", "property_option_id", "component_disease_rel", "seq_num") VALUES (527, 23, 56, 202, 1);
INSERT INTO "public"."tb_property_group_option_rel"("id", "property_group_id", "property_option_id", "component_disease_rel", "seq_num") VALUES (528, 23, 2, 204, 2);
INSERT INTO "public"."tb_property_group_option_rel"("id", "property_group_id", "property_option_id", "component_disease_rel", "seq_num") VALUES (529, 23, 1, 204, 0);
INSERT INTO "public"."tb_property_group_option_rel"("id", "property_group_id", "property_option_id", "component_disease_rel", "seq_num") VALUES (530, 23, 56, 204, 1);
INSERT INTO "public"."tb_property_group_option_rel"("id", "property_group_id", "property_option_id", "component_disease_rel", "seq_num") VALUES (531, 23, 2, 205, 2);
INSERT INTO "public"."tb_property_group_option_rel"("id", "property_group_id", "property_option_id", "component_disease_rel", "seq_num") VALUES (532, 23, 84, 205, 0);
INSERT INTO "public"."tb_property_group_option_rel"("id", "property_group_id", "property_option_id", "component_disease_rel", "seq_num") VALUES (533, 23, 71, 205, 1);
INSERT INTO "public"."tb_property_group_option_rel"("id", "property_group_id", "property_option_id", "component_disease_rel", "seq_num") VALUES (534, 23, 2, 206, 2);
INSERT INTO "public"."tb_property_group_option_rel"("id", "property_group_id", "property_option_id", "component_disease_rel", "seq_num") VALUES (535, 23, 35, 206, 0);
INSERT INTO "public"."tb_property_group_option_rel"("id", "property_group_id", "property_option_id", "component_disease_rel", "seq_num") VALUES (536, 23, 56, 206, 1);
INSERT INTO "public"."tb_property_group_option_rel"("id", "property_group_id", "property_option_id", "component_disease_rel", "seq_num") VALUES (537, 23, 48, 207, 2);
INSERT INTO "public"."tb_property_group_option_rel"("id", "property_group_id", "property_option_id", "component_disease_rel", "seq_num") VALUES (538, 23, 71, 207, 0);
INSERT INTO "public"."tb_property_group_option_rel"("id", "property_group_id", "property_option_id", "component_disease_rel", "seq_num") VALUES (539, 23, 83, 207, 1);
INSERT INTO "public"."tb_property_group_option_rel"("id", "property_group_id", "property_option_id", "component_disease_rel", "seq_num") VALUES (540, 76, 2, 209, 2);
INSERT INTO "public"."tb_property_group_option_rel"("id", "property_group_id", "property_option_id", "component_disease_rel", "seq_num") VALUES (541, 76, 30, 209, 0);
INSERT INTO "public"."tb_property_group_option_rel"("id", "property_group_id", "property_option_id", "component_disease_rel", "seq_num") VALUES (542, 76, 63, 209, 1);
INSERT INTO "public"."tb_property_group_option_rel"("id", "property_group_id", "property_option_id", "component_disease_rel", "seq_num") VALUES (543, 76, 2, 210, 2);
INSERT INTO "public"."tb_property_group_option_rel"("id", "property_group_id", "property_option_id", "component_disease_rel", "seq_num") VALUES (544, 76, 30, 210, 0);
INSERT INTO "public"."tb_property_group_option_rel"("id", "property_group_id", "property_option_id", "component_disease_rel", "seq_num") VALUES (545, 76, 63, 210, 1);
INSERT INTO "public"."tb_property_group_option_rel"("id", "property_group_id", "property_option_id", "component_disease_rel", "seq_num") VALUES (546, 23, 48, 211, 2);
INSERT INTO "public"."tb_property_group_option_rel"("id", "property_group_id", "property_option_id", "component_disease_rel", "seq_num") VALUES (547, 23, 31, 211, 0);
INSERT INTO "public"."tb_property_group_option_rel"("id", "property_group_id", "property_option_id", "component_disease_rel", "seq_num") VALUES (548, 23, 63, 211, 1);
INSERT INTO "public"."tb_property_group_option_rel"("id", "property_group_id", "property_option_id", "component_disease_rel", "seq_num") VALUES (549, 46, 64, 212, 0);
INSERT INTO "public"."tb_property_group_option_rel"("id", "property_group_id", "property_option_id", "component_disease_rel", "seq_num") VALUES (550, 46, 65, 212, 1);
INSERT INTO "public"."tb_property_group_option_rel"("id", "property_group_id", "property_option_id", "component_disease_rel", "seq_num") VALUES (551, 46, 66, 212, 2);
INSERT INTO "public"."tb_property_group_option_rel"("id", "property_group_id", "property_option_id", "component_disease_rel", "seq_num") VALUES (552, 46, 64, 213, 0);
INSERT INTO "public"."tb_property_group_option_rel"("id", "property_group_id", "property_option_id", "component_disease_rel", "seq_num") VALUES (553, 46, 65, 213, 1);
INSERT INTO "public"."tb_property_group_option_rel"("id", "property_group_id", "property_option_id", "component_disease_rel", "seq_num") VALUES (554, 46, 66, 213, 2);
INSERT INTO "public"."tb_property_group_option_rel"("id", "property_group_id", "property_option_id", "component_disease_rel", "seq_num") VALUES (555, 23, 67, 214, 2);
INSERT INTO "public"."tb_property_group_option_rel"("id", "property_group_id", "property_option_id", "component_disease_rel", "seq_num") VALUES (556, 23, 68, 214, 0);
INSERT INTO "public"."tb_property_group_option_rel"("id", "property_group_id", "property_option_id", "component_disease_rel", "seq_num") VALUES (557, 23, 69, 214, 1);
INSERT INTO "public"."tb_property_group_option_rel"("id", "property_group_id", "property_option_id", "component_disease_rel", "seq_num") VALUES (558, 64, 2, 215, 2);
INSERT INTO "public"."tb_property_group_option_rel"("id", "property_group_id", "property_option_id", "component_disease_rel", "seq_num") VALUES (559, 64, 30, 215, 0);
INSERT INTO "public"."tb_property_group_option_rel"("id", "property_group_id", "property_option_id", "component_disease_rel", "seq_num") VALUES (560, 64, 63, 215, 1);
INSERT INTO "public"."tb_property_group_option_rel"("id", "property_group_id", "property_option_id", "component_disease_rel", "seq_num") VALUES (561, 46, 87, 216, 0);
INSERT INTO "public"."tb_property_group_option_rel"("id", "property_group_id", "property_option_id", "component_disease_rel", "seq_num") VALUES (562, 46, 88, 216, 1);
INSERT INTO "public"."tb_property_group_option_rel"("id", "property_group_id", "property_option_id", "component_disease_rel", "seq_num") VALUES (563, 46, 89, 216, 2);
INSERT INTO "public"."tb_property_group_option_rel"("id", "property_group_id", "property_option_id", "component_disease_rel", "seq_num") VALUES (564, 46, 87, 217, 0);
INSERT INTO "public"."tb_property_group_option_rel"("id", "property_group_id", "property_option_id", "component_disease_rel", "seq_num") VALUES (565, 46, 88, 217, 1);
INSERT INTO "public"."tb_property_group_option_rel"("id", "property_group_id", "property_option_id", "component_disease_rel", "seq_num") VALUES (566, 46, 89, 217, 2);
INSERT INTO "public"."tb_property_group_option_rel"("id", "property_group_id", "property_option_id", "component_disease_rel", "seq_num") VALUES (567, 76, 85, 219, 0);
INSERT INTO "public"."tb_property_group_option_rel"("id", "property_group_id", "property_option_id", "component_disease_rel", "seq_num") VALUES (568, 76, 55, 219, 1);
INSERT INTO "public"."tb_property_group_option_rel"("id", "property_group_id", "property_option_id", "component_disease_rel", "seq_num") VALUES (569, 76, 57, 219, 2);
INSERT INTO "public"."tb_property_group_option_rel"("id", "property_group_id", "property_option_id", "component_disease_rel", "seq_num") VALUES (570, 46, 64, 220, 0);
INSERT INTO "public"."tb_property_group_option_rel"("id", "property_group_id", "property_option_id", "component_disease_rel", "seq_num") VALUES (571, 46, 65, 220, 1);
INSERT INTO "public"."tb_property_group_option_rel"("id", "property_group_id", "property_option_id", "component_disease_rel", "seq_num") VALUES (572, 46, 66, 220, 2);
INSERT INTO "public"."tb_property_group_option_rel"("id", "property_group_id", "property_option_id", "component_disease_rel", "seq_num") VALUES (573, 46, 64, 221, 0);
INSERT INTO "public"."tb_property_group_option_rel"("id", "property_group_id", "property_option_id", "component_disease_rel", "seq_num") VALUES (574, 46, 65, 221, 1);
INSERT INTO "public"."tb_property_group_option_rel"("id", "property_group_id", "property_option_id", "component_disease_rel", "seq_num") VALUES (575, 46, 66, 221, 2);
INSERT INTO "public"."tb_property_group_option_rel"("id", "property_group_id", "property_option_id", "component_disease_rel", "seq_num") VALUES (576, 72, 26, 222, 0);
INSERT INTO "public"."tb_property_group_option_rel"("id", "property_group_id", "property_option_id", "component_disease_rel", "seq_num") VALUES (577, 69, 2, 222, 2);
INSERT INTO "public"."tb_property_group_option_rel"("id", "property_group_id", "property_option_id", "component_disease_rel", "seq_num") VALUES (579, 69, 36, 222, 0);
INSERT INTO "public"."tb_property_group_option_rel"("id", "property_group_id", "property_option_id", "component_disease_rel", "seq_num") VALUES (580, 69, 56, 222, 1);
INSERT INTO "public"."tb_property_group_option_rel"("id", "property_group_id", "property_option_id", "component_disease_rel", "seq_num") VALUES (581, 72, 28, 222, 2);
INSERT INTO "public"."tb_property_group_option_rel"("id", "property_group_id", "property_option_id", "component_disease_rel", "seq_num") VALUES (582, 72, 29, 222, 3);
INSERT INTO "public"."tb_property_group_option_rel"("id", "property_group_id", "property_option_id", "component_disease_rel", "seq_num") VALUES (583, 23, 2, 223, 2);
INSERT INTO "public"."tb_property_group_option_rel"("id", "property_group_id", "property_option_id", "component_disease_rel", "seq_num") VALUES (584, 23, 35, 223, 0);
INSERT INTO "public"."tb_property_group_option_rel"("id", "property_group_id", "property_option_id", "component_disease_rel", "seq_num") VALUES (585, 23, 56, 223, 1);
INSERT INTO "public"."tb_property_group_option_rel"("id", "property_group_id", "property_option_id", "component_disease_rel", "seq_num") VALUES (586, 46, 64, 224, 0);
INSERT INTO "public"."tb_property_group_option_rel"("id", "property_group_id", "property_option_id", "component_disease_rel", "seq_num") VALUES (587, 46, 65, 224, 1);
INSERT INTO "public"."tb_property_group_option_rel"("id", "property_group_id", "property_option_id", "component_disease_rel", "seq_num") VALUES (588, 46, 66, 224, 2);
INSERT INTO "public"."tb_property_group_option_rel"("id", "property_group_id", "property_option_id", "component_disease_rel", "seq_num") VALUES (589, 46, 87, 225, 0);
INSERT INTO "public"."tb_property_group_option_rel"("id", "property_group_id", "property_option_id", "component_disease_rel", "seq_num") VALUES (590, 46, 88, 225, 1);
INSERT INTO "public"."tb_property_group_option_rel"("id", "property_group_id", "property_option_id", "component_disease_rel", "seq_num") VALUES (591, 46, 89, 225, 2);
INSERT INTO "public"."tb_property_group_option_rel"("id", "property_group_id", "property_option_id", "component_disease_rel", "seq_num") VALUES (592, 46, 87, 226, 0);
INSERT INTO "public"."tb_property_group_option_rel"("id", "property_group_id", "property_option_id", "component_disease_rel", "seq_num") VALUES (593, 46, 88, 226, 1);
INSERT INTO "public"."tb_property_group_option_rel"("id", "property_group_id", "property_option_id", "component_disease_rel", "seq_num") VALUES (594, 46, 89, 226, 2);
INSERT INTO "public"."tb_property_group_option_rel"("id", "property_group_id", "property_option_id", "component_disease_rel", "seq_num") VALUES (595, 76, 85, 228, 0);
INSERT INTO "public"."tb_property_group_option_rel"("id", "property_group_id", "property_option_id", "component_disease_rel", "seq_num") VALUES (596, 76, 55, 228, 1);
INSERT INTO "public"."tb_property_group_option_rel"("id", "property_group_id", "property_option_id", "component_disease_rel", "seq_num") VALUES (597, 76, 57, 228, 2);
INSERT INTO "public"."tb_property_group_option_rel"("id", "property_group_id", "property_option_id", "component_disease_rel", "seq_num") VALUES (598, 46, 64, 229, 0);
INSERT INTO "public"."tb_property_group_option_rel"("id", "property_group_id", "property_option_id", "component_disease_rel", "seq_num") VALUES (599, 46, 65, 229, 1);
INSERT INTO "public"."tb_property_group_option_rel"("id", "property_group_id", "property_option_id", "component_disease_rel", "seq_num") VALUES (600, 46, 66, 229, 2);
INSERT INTO "public"."tb_property_group_option_rel"("id", "property_group_id", "property_option_id", "component_disease_rel", "seq_num") VALUES (601, 46, 64, 230, 0);
INSERT INTO "public"."tb_property_group_option_rel"("id", "property_group_id", "property_option_id", "component_disease_rel", "seq_num") VALUES (602, 46, 65, 230, 1);
INSERT INTO "public"."tb_property_group_option_rel"("id", "property_group_id", "property_option_id", "component_disease_rel", "seq_num") VALUES (603, 46, 66, 230, 2);
INSERT INTO "public"."tb_property_group_option_rel"("id", "property_group_id", "property_option_id", "component_disease_rel", "seq_num") VALUES (604, 72, 26, 231, 0);
INSERT INTO "public"."tb_property_group_option_rel"("id", "property_group_id", "property_option_id", "component_disease_rel", "seq_num") VALUES (605, 69, 2, 231, 2);
INSERT INTO "public"."tb_property_group_option_rel"("id", "property_group_id", "property_option_id", "component_disease_rel", "seq_num") VALUES (607, 69, 36, 231, 0);
INSERT INTO "public"."tb_property_group_option_rel"("id", "property_group_id", "property_option_id", "component_disease_rel", "seq_num") VALUES (608, 69, 56, 231, 1);
INSERT INTO "public"."tb_property_group_option_rel"("id", "property_group_id", "property_option_id", "component_disease_rel", "seq_num") VALUES (609, 72, 28, 231, 2);
INSERT INTO "public"."tb_property_group_option_rel"("id", "property_group_id", "property_option_id", "component_disease_rel", "seq_num") VALUES (610, 72, 29, 231, 3);
INSERT INTO "public"."tb_property_group_option_rel"("id", "property_group_id", "property_option_id", "component_disease_rel", "seq_num") VALUES (611, 23, 2, 232, 2);
INSERT INTO "public"."tb_property_group_option_rel"("id", "property_group_id", "property_option_id", "component_disease_rel", "seq_num") VALUES (612, 23, 35, 232, 0);
INSERT INTO "public"."tb_property_group_option_rel"("id", "property_group_id", "property_option_id", "component_disease_rel", "seq_num") VALUES (613, 23, 56, 232, 1);
INSERT INTO "public"."tb_property_group_option_rel"("id", "property_group_id", "property_option_id", "component_disease_rel", "seq_num") VALUES (614, 46, 64, 233, 0);
INSERT INTO "public"."tb_property_group_option_rel"("id", "property_group_id", "property_option_id", "component_disease_rel", "seq_num") VALUES (615, 46, 65, 233, 1);
INSERT INTO "public"."tb_property_group_option_rel"("id", "property_group_id", "property_option_id", "component_disease_rel", "seq_num") VALUES (616, 46, 66, 233, 2);
INSERT INTO "public"."tb_property_group_option_rel"("id", "property_group_id", "property_option_id", "component_disease_rel", "seq_num") VALUES (617, 46, 87, 234, 0);
INSERT INTO "public"."tb_property_group_option_rel"("id", "property_group_id", "property_option_id", "component_disease_rel", "seq_num") VALUES (618, 46, 88, 234, 1);
INSERT INTO "public"."tb_property_group_option_rel"("id", "property_group_id", "property_option_id", "component_disease_rel", "seq_num") VALUES (619, 46, 89, 234, 2);
INSERT INTO "public"."tb_property_group_option_rel"("id", "property_group_id", "property_option_id", "component_disease_rel", "seq_num") VALUES (620, 46, 87, 235, 0);
INSERT INTO "public"."tb_property_group_option_rel"("id", "property_group_id", "property_option_id", "component_disease_rel", "seq_num") VALUES (621, 46, 88, 235, 1);
INSERT INTO "public"."tb_property_group_option_rel"("id", "property_group_id", "property_option_id", "component_disease_rel", "seq_num") VALUES (622, 46, 89, 235, 2);
INSERT INTO "public"."tb_property_group_option_rel"("id", "property_group_id", "property_option_id", "component_disease_rel", "seq_num") VALUES (623, 23, 48, 237, 2);
INSERT INTO "public"."tb_property_group_option_rel"("id", "property_group_id", "property_option_id", "component_disease_rel", "seq_num") VALUES (624, 23, 70, 237, 0);
INSERT INTO "public"."tb_property_group_option_rel"("id", "property_group_id", "property_option_id", "component_disease_rel", "seq_num") VALUES (625, 23, 71, 237, 1);
INSERT INTO "public"."tb_property_group_option_rel"("id", "property_group_id", "property_option_id", "component_disease_rel", "seq_num") VALUES (626, 23, 48, 238, 2);
INSERT INTO "public"."tb_property_group_option_rel"("id", "property_group_id", "property_option_id", "component_disease_rel", "seq_num") VALUES (627, 23, 72, 238, 0);
INSERT INTO "public"."tb_property_group_option_rel"("id", "property_group_id", "property_option_id", "component_disease_rel", "seq_num") VALUES (628, 23, 73, 238, 1);
INSERT INTO "public"."tb_property_group_option_rel"("id", "property_group_id", "property_option_id", "component_disease_rel", "seq_num") VALUES (629, 23, 48, 239, 2);
INSERT INTO "public"."tb_property_group_option_rel"("id", "property_group_id", "property_option_id", "component_disease_rel", "seq_num") VALUES (630, 23, 70, 239, 0);
INSERT INTO "public"."tb_property_group_option_rel"("id", "property_group_id", "property_option_id", "component_disease_rel", "seq_num") VALUES (631, 23, 71, 239, 1);
INSERT INTO "public"."tb_property_group_option_rel"("id", "property_group_id", "property_option_id", "component_disease_rel", "seq_num") VALUES (632, 23, 48, 240, 2);
INSERT INTO "public"."tb_property_group_option_rel"("id", "property_group_id", "property_option_id", "component_disease_rel", "seq_num") VALUES (633, 23, 71, 240, 0);
INSERT INTO "public"."tb_property_group_option_rel"("id", "property_group_id", "property_option_id", "component_disease_rel", "seq_num") VALUES (634, 23, 74, 240, 1);
INSERT INTO "public"."tb_property_group_option_rel"("id", "property_group_id", "property_option_id", "component_disease_rel", "seq_num") VALUES (635, 23, 75, 241, 2);
INSERT INTO "public"."tb_property_group_option_rel"("id", "property_group_id", "property_option_id", "component_disease_rel", "seq_num") VALUES (636, 23, 76, 241, 0);
INSERT INTO "public"."tb_property_group_option_rel"("id", "property_group_id", "property_option_id", "component_disease_rel", "seq_num") VALUES (637, 23, 77, 241, 1);
INSERT INTO "public"."tb_property_group_option_rel"("id", "property_group_id", "property_option_id", "component_disease_rel", "seq_num") VALUES (638, 23, 48, 242, 2);
INSERT INTO "public"."tb_property_group_option_rel"("id", "property_group_id", "property_option_id", "component_disease_rel", "seq_num") VALUES (639, 23, 35, 242, 0);
INSERT INTO "public"."tb_property_group_option_rel"("id", "property_group_id", "property_option_id", "component_disease_rel", "seq_num") VALUES (640, 23, 56, 242, 1);
INSERT INTO "public"."tb_property_group_option_rel"("id", "property_group_id", "property_option_id", "component_disease_rel", "seq_num") VALUES (641, 23, 2, 244, 2);
INSERT INTO "public"."tb_property_group_option_rel"("id", "property_group_id", "property_option_id", "component_disease_rel", "seq_num") VALUES (642, 23, 35, 244, 0);
INSERT INTO "public"."tb_property_group_option_rel"("id", "property_group_id", "property_option_id", "component_disease_rel", "seq_num") VALUES (643, 23, 56, 244, 1);
INSERT INTO "public"."tb_property_group_option_rel"("id", "property_group_id", "property_option_id", "component_disease_rel", "seq_num") VALUES (644, 23, 48, 245, 2);
INSERT INTO "public"."tb_property_group_option_rel"("id", "property_group_id", "property_option_id", "component_disease_rel", "seq_num") VALUES (645, 23, 73, 245, 0);
INSERT INTO "public"."tb_property_group_option_rel"("id", "property_group_id", "property_option_id", "component_disease_rel", "seq_num") VALUES (646, 23, 78, 245, 1);
INSERT INTO "public"."tb_property_group_option_rel"("id", "property_group_id", "property_option_id", "component_disease_rel", "seq_num") VALUES (647, 23, 48, 246, 2);
INSERT INTO "public"."tb_property_group_option_rel"("id", "property_group_id", "property_option_id", "component_disease_rel", "seq_num") VALUES (648, 23, 79, 246, 0);
INSERT INTO "public"."tb_property_group_option_rel"("id", "property_group_id", "property_option_id", "component_disease_rel", "seq_num") VALUES (649, 23, 80, 246, 1);
INSERT INTO "public"."tb_property_group_option_rel"("id", "property_group_id", "property_option_id", "component_disease_rel", "seq_num") VALUES (650, 23, 2, 247, 2);
INSERT INTO "public"."tb_property_group_option_rel"("id", "property_group_id", "property_option_id", "component_disease_rel", "seq_num") VALUES (651, 23, 37, 247, 0);
INSERT INTO "public"."tb_property_group_option_rel"("id", "property_group_id", "property_option_id", "component_disease_rel", "seq_num") VALUES (652, 23, 61, 247, 1);
INSERT INTO "public"."tb_property_group_option_rel"("id", "property_group_id", "property_option_id", "component_disease_rel", "seq_num") VALUES (653, 23, 2, 249, 2);
INSERT INTO "public"."tb_property_group_option_rel"("id", "property_group_id", "property_option_id", "component_disease_rel", "seq_num") VALUES (654, 23, 35, 249, 0);
INSERT INTO "public"."tb_property_group_option_rel"("id", "property_group_id", "property_option_id", "component_disease_rel", "seq_num") VALUES (655, 23, 56, 249, 1);
INSERT INTO "public"."tb_property_group_option_rel"("id", "property_group_id", "property_option_id", "component_disease_rel", "seq_num") VALUES (656, 23, 2, 250, 2);
INSERT INTO "public"."tb_property_group_option_rel"("id", "property_group_id", "property_option_id", "component_disease_rel", "seq_num") VALUES (657, 23, 35, 250, 0);
INSERT INTO "public"."tb_property_group_option_rel"("id", "property_group_id", "property_option_id", "component_disease_rel", "seq_num") VALUES (658, 23, 56, 250, 1);
INSERT INTO "public"."tb_property_group_option_rel"("id", "property_group_id", "property_option_id", "component_disease_rel", "seq_num") VALUES (659, 23, 48, 251, 2);
INSERT INTO "public"."tb_property_group_option_rel"("id", "property_group_id", "property_option_id", "component_disease_rel", "seq_num") VALUES (660, 23, 81, 251, 0);
INSERT INTO "public"."tb_property_group_option_rel"("id", "property_group_id", "property_option_id", "component_disease_rel", "seq_num") VALUES (661, 23, 71, 251, 1);
INSERT INTO "public"."tb_property_group_option_rel"("id", "property_group_id", "property_option_id", "component_disease_rel", "seq_num") VALUES (662, 23, 2, 252, 2);
INSERT INTO "public"."tb_property_group_option_rel"("id", "property_group_id", "property_option_id", "component_disease_rel", "seq_num") VALUES (663, 23, 68, 252, 0);
INSERT INTO "public"."tb_property_group_option_rel"("id", "property_group_id", "property_option_id", "component_disease_rel", "seq_num") VALUES (664, 23, 82, 252, 1);
INSERT INTO "public"."tb_property_group_option_rel"("id", "property_group_id", "property_option_id", "component_disease_rel", "seq_num") VALUES (665, 76, 2, 254, 2);
INSERT INTO "public"."tb_property_group_option_rel"("id", "property_group_id", "property_option_id", "component_disease_rel", "seq_num") VALUES (666, 76, 30, 254, 0);
INSERT INTO "public"."tb_property_group_option_rel"("id", "property_group_id", "property_option_id", "component_disease_rel", "seq_num") VALUES (667, 76, 63, 254, 1);
INSERT INTO "public"."tb_property_group_option_rel"("id", "property_group_id", "property_option_id", "component_disease_rel", "seq_num") VALUES (668, 76, 2, 255, 2);
INSERT INTO "public"."tb_property_group_option_rel"("id", "property_group_id", "property_option_id", "component_disease_rel", "seq_num") VALUES (669, 76, 30, 255, 0);
INSERT INTO "public"."tb_property_group_option_rel"("id", "property_group_id", "property_option_id", "component_disease_rel", "seq_num") VALUES (670, 76, 63, 255, 1);
INSERT INTO "public"."tb_property_group_option_rel"("id", "property_group_id", "property_option_id", "component_disease_rel", "seq_num") VALUES (671, 23, 48, 256, 2);
INSERT INTO "public"."tb_property_group_option_rel"("id", "property_group_id", "property_option_id", "component_disease_rel", "seq_num") VALUES (672, 23, 31, 256, 0);
INSERT INTO "public"."tb_property_group_option_rel"("id", "property_group_id", "property_option_id", "component_disease_rel", "seq_num") VALUES (673, 23, 63, 256, 1);
INSERT INTO "public"."tb_property_group_option_rel"("id", "property_group_id", "property_option_id", "component_disease_rel", "seq_num") VALUES (674, 46, 64, 257, 0);
INSERT INTO "public"."tb_property_group_option_rel"("id", "property_group_id", "property_option_id", "component_disease_rel", "seq_num") VALUES (675, 46, 65, 257, 1);
INSERT INTO "public"."tb_property_group_option_rel"("id", "property_group_id", "property_option_id", "component_disease_rel", "seq_num") VALUES (676, 46, 66, 257, 2);
INSERT INTO "public"."tb_property_group_option_rel"("id", "property_group_id", "property_option_id", "component_disease_rel", "seq_num") VALUES (677, 46, 64, 258, 0);
INSERT INTO "public"."tb_property_group_option_rel"("id", "property_group_id", "property_option_id", "component_disease_rel", "seq_num") VALUES (678, 46, 65, 258, 1);
INSERT INTO "public"."tb_property_group_option_rel"("id", "property_group_id", "property_option_id", "component_disease_rel", "seq_num") VALUES (679, 46, 66, 258, 2);
INSERT INTO "public"."tb_property_group_option_rel"("id", "property_group_id", "property_option_id", "component_disease_rel", "seq_num") VALUES (680, 23, 67, 259, 2);
INSERT INTO "public"."tb_property_group_option_rel"("id", "property_group_id", "property_option_id", "component_disease_rel", "seq_num") VALUES (681, 23, 68, 259, 0);
INSERT INTO "public"."tb_property_group_option_rel"("id", "property_group_id", "property_option_id", "component_disease_rel", "seq_num") VALUES (682, 23, 69, 259, 1);
INSERT INTO "public"."tb_property_group_option_rel"("id", "property_group_id", "property_option_id", "component_disease_rel", "seq_num") VALUES (683, 64, 2, 260, 2);
INSERT INTO "public"."tb_property_group_option_rel"("id", "property_group_id", "property_option_id", "component_disease_rel", "seq_num") VALUES (684, 64, 30, 260, 0);
INSERT INTO "public"."tb_property_group_option_rel"("id", "property_group_id", "property_option_id", "component_disease_rel", "seq_num") VALUES (685, 64, 63, 260, 1);
INSERT INTO "public"."tb_property_group_option_rel"("id", "property_group_id", "property_option_id", "component_disease_rel", "seq_num") VALUES (686, 46, 87, 261, 0);
INSERT INTO "public"."tb_property_group_option_rel"("id", "property_group_id", "property_option_id", "component_disease_rel", "seq_num") VALUES (687, 46, 88, 261, 1);
INSERT INTO "public"."tb_property_group_option_rel"("id", "property_group_id", "property_option_id", "component_disease_rel", "seq_num") VALUES (688, 46, 89, 261, 2);
INSERT INTO "public"."tb_property_group_option_rel"("id", "property_group_id", "property_option_id", "component_disease_rel", "seq_num") VALUES (689, 46, 87, 262, 0);
INSERT INTO "public"."tb_property_group_option_rel"("id", "property_group_id", "property_option_id", "component_disease_rel", "seq_num") VALUES (690, 46, 88, 262, 1);
INSERT INTO "public"."tb_property_group_option_rel"("id", "property_group_id", "property_option_id", "component_disease_rel", "seq_num") VALUES (691, 46, 89, 262, 2);
INSERT INTO "public"."tb_property_group_option_rel"("id", "property_group_id", "property_option_id", "component_disease_rel", "seq_num") VALUES (692, 46, 85, 264, 0);
INSERT INTO "public"."tb_property_group_option_rel"("id", "property_group_id", "property_option_id", "component_disease_rel", "seq_num") VALUES (693, 46, 55, 264, 1);
INSERT INTO "public"."tb_property_group_option_rel"("id", "property_group_id", "property_option_id", "component_disease_rel", "seq_num") VALUES (694, 46, 57, 264, 2);
INSERT INTO "public"."tb_property_group_option_rel"("id", "property_group_id", "property_option_id", "component_disease_rel", "seq_num") VALUES (695, 46, 85, 265, 0);
INSERT INTO "public"."tb_property_group_option_rel"("id", "property_group_id", "property_option_id", "component_disease_rel", "seq_num") VALUES (696, 46, 55, 265, 1);
INSERT INTO "public"."tb_property_group_option_rel"("id", "property_group_id", "property_option_id", "component_disease_rel", "seq_num") VALUES (697, 46, 57, 265, 2);
INSERT INTO "public"."tb_property_group_option_rel"("id", "property_group_id", "property_option_id", "component_disease_rel", "seq_num") VALUES (698, 8, 85, 266, 0);
INSERT INTO "public"."tb_property_group_option_rel"("id", "property_group_id", "property_option_id", "component_disease_rel", "seq_num") VALUES (699, 8, 91, 266, 1);
INSERT INTO "public"."tb_property_group_option_rel"("id", "property_group_id", "property_option_id", "component_disease_rel", "seq_num") VALUES (700, 8, 92, 266, 2);
INSERT INTO "public"."tb_property_group_option_rel"("id", "property_group_id", "property_option_id", "component_disease_rel", "seq_num") VALUES (701, 46, 85, 267, 0);
INSERT INTO "public"."tb_property_group_option_rel"("id", "property_group_id", "property_option_id", "component_disease_rel", "seq_num") VALUES (702, 46, 91, 267, 1);
INSERT INTO "public"."tb_property_group_option_rel"("id", "property_group_id", "property_option_id", "component_disease_rel", "seq_num") VALUES (703, 46, 92, 267, 2);
INSERT INTO "public"."tb_property_group_option_rel"("id", "property_group_id", "property_option_id", "component_disease_rel", "seq_num") VALUES (704, 76, 2, 269, 2);
INSERT INTO "public"."tb_property_group_option_rel"("id", "property_group_id", "property_option_id", "component_disease_rel", "seq_num") VALUES (705, 76, 30, 269, 0);
INSERT INTO "public"."tb_property_group_option_rel"("id", "property_group_id", "property_option_id", "component_disease_rel", "seq_num") VALUES (706, 76, 63, 269, 1);
INSERT INTO "public"."tb_property_group_option_rel"("id", "property_group_id", "property_option_id", "component_disease_rel", "seq_num") VALUES (707, 76, 2, 270, 2);
INSERT INTO "public"."tb_property_group_option_rel"("id", "property_group_id", "property_option_id", "component_disease_rel", "seq_num") VALUES (708, 76, 30, 270, 0);
INSERT INTO "public"."tb_property_group_option_rel"("id", "property_group_id", "property_option_id", "component_disease_rel", "seq_num") VALUES (709, 76, 63, 270, 1);
INSERT INTO "public"."tb_property_group_option_rel"("id", "property_group_id", "property_option_id", "component_disease_rel", "seq_num") VALUES (710, 46, 85, 271, 0);
INSERT INTO "public"."tb_property_group_option_rel"("id", "property_group_id", "property_option_id", "component_disease_rel", "seq_num") VALUES (711, 46, 55, 271, 1);
INSERT INTO "public"."tb_property_group_option_rel"("id", "property_group_id", "property_option_id", "component_disease_rel", "seq_num") VALUES (712, 46, 57, 271, 2);
INSERT INTO "public"."tb_property_group_option_rel"("id", "property_group_id", "property_option_id", "component_disease_rel", "seq_num") VALUES (713, 46, 85, 272, 0);
INSERT INTO "public"."tb_property_group_option_rel"("id", "property_group_id", "property_option_id", "component_disease_rel", "seq_num") VALUES (714, 46, 55, 272, 1);
INSERT INTO "public"."tb_property_group_option_rel"("id", "property_group_id", "property_option_id", "component_disease_rel", "seq_num") VALUES (715, 46, 57, 272, 2);
INSERT INTO "public"."tb_property_group_option_rel"("id", "property_group_id", "property_option_id", "component_disease_rel", "seq_num") VALUES (716, 23, 32, 273, 2);
INSERT INTO "public"."tb_property_group_option_rel"("id", "property_group_id", "property_option_id", "component_disease_rel", "seq_num") VALUES (717, 23, 33, 273, 0);
INSERT INTO "public"."tb_property_group_option_rel"("id", "property_group_id", "property_option_id", "component_disease_rel", "seq_num") VALUES (718, 23, 34, 273, 1);
INSERT INTO "public"."tb_property_group_option_rel"("id", "property_group_id", "property_option_id", "component_disease_rel", "seq_num") VALUES (719, 27, 2, 275, 2);
INSERT INTO "public"."tb_property_group_option_rel"("id", "property_group_id", "property_option_id", "component_disease_rel", "seq_num") VALUES (720, 27, 35, 275, 0);
INSERT INTO "public"."tb_property_group_option_rel"("id", "property_group_id", "property_option_id", "component_disease_rel", "seq_num") VALUES (721, 27, 36, 275, 1);
INSERT INTO "public"."tb_property_group_option_rel"("id", "property_group_id", "property_option_id", "component_disease_rel", "seq_num") VALUES (722, 23, 2, 279, 2);
INSERT INTO "public"."tb_property_group_option_rel"("id", "property_group_id", "property_option_id", "component_disease_rel", "seq_num") VALUES (723, 23, 37, 279, 0);
INSERT INTO "public"."tb_property_group_option_rel"("id", "property_group_id", "property_option_id", "component_disease_rel", "seq_num") VALUES (724, 23, 56, 279, 1);
INSERT INTO "public"."tb_property_group_option_rel"("id", "property_group_id", "property_option_id", "component_disease_rel", "seq_num") VALUES (725, 23, 2, 280, 2);
INSERT INTO "public"."tb_property_group_option_rel"("id", "property_group_id", "property_option_id", "component_disease_rel", "seq_num") VALUES (726, 23, 35, 280, 0);
INSERT INTO "public"."tb_property_group_option_rel"("id", "property_group_id", "property_option_id", "component_disease_rel", "seq_num") VALUES (727, 23, 56, 280, 1);
INSERT INTO "public"."tb_property_group_option_rel"("id", "property_group_id", "property_option_id", "component_disease_rel", "seq_num") VALUES (728, 23, 2, 281, 2);
INSERT INTO "public"."tb_property_group_option_rel"("id", "property_group_id", "property_option_id", "component_disease_rel", "seq_num") VALUES (729, 23, 35, 281, 0);
INSERT INTO "public"."tb_property_group_option_rel"("id", "property_group_id", "property_option_id", "component_disease_rel", "seq_num") VALUES (730, 23, 56, 281, 1);
INSERT INTO "public"."tb_property_group_option_rel"("id", "property_group_id", "property_option_id", "component_disease_rel", "seq_num") VALUES (731, 23, 2, 282, 2);
INSERT INTO "public"."tb_property_group_option_rel"("id", "property_group_id", "property_option_id", "component_disease_rel", "seq_num") VALUES (732, 23, 35, 282, 0);
INSERT INTO "public"."tb_property_group_option_rel"("id", "property_group_id", "property_option_id", "component_disease_rel", "seq_num") VALUES (733, 23, 56, 282, 1);
INSERT INTO "public"."tb_property_group_option_rel"("id", "property_group_id", "property_option_id", "component_disease_rel", "seq_num") VALUES (734, 27, 2, 283, 2);
INSERT INTO "public"."tb_property_group_option_rel"("id", "property_group_id", "property_option_id", "component_disease_rel", "seq_num") VALUES (735, 27, 35, 283, 0);
INSERT INTO "public"."tb_property_group_option_rel"("id", "property_group_id", "property_option_id", "component_disease_rel", "seq_num") VALUES (736, 27, 56, 283, 1);
INSERT INTO "public"."tb_property_group_option_rel"("id", "property_group_id", "property_option_id", "component_disease_rel", "seq_num") VALUES (737, 23, 2, 284, 2);
INSERT INTO "public"."tb_property_group_option_rel"("id", "property_group_id", "property_option_id", "component_disease_rel", "seq_num") VALUES (738, 23, 35, 284, 0);
INSERT INTO "public"."tb_property_group_option_rel"("id", "property_group_id", "property_option_id", "component_disease_rel", "seq_num") VALUES (739, 23, 56, 284, 1);
INSERT INTO "public"."tb_property_group_option_rel"("id", "property_group_id", "property_option_id", "component_disease_rel", "seq_num") VALUES (740, 36, 40, 285, 2);
INSERT INTO "public"."tb_property_group_option_rel"("id", "property_group_id", "property_option_id", "component_disease_rel", "seq_num") VALUES (741, 36, 41, 285, 0);
INSERT INTO "public"."tb_property_group_option_rel"("id", "property_group_id", "property_option_id", "component_disease_rel", "seq_num") VALUES (742, 36, 42, 285, 1);
INSERT INTO "public"."tb_property_group_option_rel"("id", "property_group_id", "property_option_id", "component_disease_rel", "seq_num") VALUES (743, 23, 2, 286, 2);
INSERT INTO "public"."tb_property_group_option_rel"("id", "property_group_id", "property_option_id", "component_disease_rel", "seq_num") VALUES (744, 23, 35, 286, 0);
INSERT INTO "public"."tb_property_group_option_rel"("id", "property_group_id", "property_option_id", "component_disease_rel", "seq_num") VALUES (745, 23, 56, 286, 1);
INSERT INTO "public"."tb_property_group_option_rel"("id", "property_group_id", "property_option_id", "component_disease_rel", "seq_num") VALUES (746, 41, 43, 288, 0);
INSERT INTO "public"."tb_property_group_option_rel"("id", "property_group_id", "property_option_id", "component_disease_rel", "seq_num") VALUES (747, 41, 44, 288, 1);
INSERT INTO "public"."tb_property_group_option_rel"("id", "property_group_id", "property_option_id", "component_disease_rel", "seq_num") VALUES (748, 41, 45, 288, 2);
INSERT INTO "public"."tb_property_group_option_rel"("id", "property_group_id", "property_option_id", "component_disease_rel", "seq_num") VALUES (749, 41, 43, 289, 0);
INSERT INTO "public"."tb_property_group_option_rel"("id", "property_group_id", "property_option_id", "component_disease_rel", "seq_num") VALUES (750, 41, 44, 289, 1);
INSERT INTO "public"."tb_property_group_option_rel"("id", "property_group_id", "property_option_id", "component_disease_rel", "seq_num") VALUES (751, 41, 45, 289, 2);
INSERT INTO "public"."tb_property_group_option_rel"("id", "property_group_id", "property_option_id", "component_disease_rel", "seq_num") VALUES (752, 23, 2, 290, 2);
INSERT INTO "public"."tb_property_group_option_rel"("id", "property_group_id", "property_option_id", "component_disease_rel", "seq_num") VALUES (753, 23, 46, 290, 0);
INSERT INTO "public"."tb_property_group_option_rel"("id", "property_group_id", "property_option_id", "component_disease_rel", "seq_num") VALUES (754, 23, 47, 290, 1);
INSERT INTO "public"."tb_property_group_option_rel"("id", "property_group_id", "property_option_id", "component_disease_rel", "seq_num") VALUES (755, 23, 48, 291, 2);
INSERT INTO "public"."tb_property_group_option_rel"("id", "property_group_id", "property_option_id", "component_disease_rel", "seq_num") VALUES (756, 23, 49, 291, 0);
INSERT INTO "public"."tb_property_group_option_rel"("id", "property_group_id", "property_option_id", "component_disease_rel", "seq_num") VALUES (757, 23, 50, 291, 1);
INSERT INTO "public"."tb_property_group_option_rel"("id", "property_group_id", "property_option_id", "component_disease_rel", "seq_num") VALUES (758, 46, 52, 293, 0);
INSERT INTO "public"."tb_property_group_option_rel"("id", "property_group_id", "property_option_id", "component_disease_rel", "seq_num") VALUES (759, 46, 53, 293, 1);
INSERT INTO "public"."tb_property_group_option_rel"("id", "property_group_id", "property_option_id", "component_disease_rel", "seq_num") VALUES (760, 46, 45, 293, 2);
INSERT INTO "public"."tb_property_group_option_rel"("id", "property_group_id", "property_option_id", "component_disease_rel", "seq_num") VALUES (761, 46, 43, 294, 0);
INSERT INTO "public"."tb_property_group_option_rel"("id", "property_group_id", "property_option_id", "component_disease_rel", "seq_num") VALUES (762, 46, 54, 294, 1);
INSERT INTO "public"."tb_property_group_option_rel"("id", "property_group_id", "property_option_id", "component_disease_rel", "seq_num") VALUES (763, 46, 57, 294, 2);
INSERT INTO "public"."tb_property_group_option_rel"("id", "property_group_id", "property_option_id", "component_disease_rel", "seq_num") VALUES (764, 46, 43, 295, 0);
INSERT INTO "public"."tb_property_group_option_rel"("id", "property_group_id", "property_option_id", "component_disease_rel", "seq_num") VALUES (765, 46, 54, 295, 1);
INSERT INTO "public"."tb_property_group_option_rel"("id", "property_group_id", "property_option_id", "component_disease_rel", "seq_num") VALUES (766, 46, 57, 295, 2);
INSERT INTO "public"."tb_property_group_option_rel"("id", "property_group_id", "property_option_id", "component_disease_rel", "seq_num") VALUES (767, 23, 43, 297, 0);
INSERT INTO "public"."tb_property_group_option_rel"("id", "property_group_id", "property_option_id", "component_disease_rel", "seq_num") VALUES (768, 23, 44, 297, 1);
INSERT INTO "public"."tb_property_group_option_rel"("id", "property_group_id", "property_option_id", "component_disease_rel", "seq_num") VALUES (769, 23, 45, 297, 2);
INSERT INTO "public"."tb_property_group_option_rel"("id", "property_group_id", "property_option_id", "component_disease_rel", "seq_num") VALUES (770, 41, 35, 298, 0);
INSERT INTO "public"."tb_property_group_option_rel"("id", "property_group_id", "property_option_id", "component_disease_rel", "seq_num") VALUES (771, 41, 38, 298, 1);
INSERT INTO "public"."tb_property_group_option_rel"("id", "property_group_id", "property_option_id", "component_disease_rel", "seq_num") VALUES (772, 41, 56, 298, 2);
INSERT INTO "public"."tb_property_group_option_rel"("id", "property_group_id", "property_option_id", "component_disease_rel", "seq_num") VALUES (773, 41, 35, 299, 0);
INSERT INTO "public"."tb_property_group_option_rel"("id", "property_group_id", "property_option_id", "component_disease_rel", "seq_num") VALUES (774, 41, 38, 299, 1);
INSERT INTO "public"."tb_property_group_option_rel"("id", "property_group_id", "property_option_id", "component_disease_rel", "seq_num") VALUES (775, 41, 56, 299, 2);
INSERT INTO "public"."tb_property_group_option_rel"("id", "property_group_id", "property_option_id", "component_disease_rel", "seq_num") VALUES (776, 23, 51, 301, 0);
INSERT INTO "public"."tb_property_group_option_rel"("id", "property_group_id", "property_option_id", "component_disease_rel", "seq_num") VALUES (777, 23, 58, 301, 1);
INSERT INTO "public"."tb_property_group_option_rel"("id", "property_group_id", "property_option_id", "component_disease_rel", "seq_num") VALUES (778, 23, 59, 301, 2);
INSERT INTO "public"."tb_property_group_option_rel"("id", "property_group_id", "property_option_id", "component_disease_rel", "seq_num") VALUES (779, 23, 51, 302, 0);
INSERT INTO "public"."tb_property_group_option_rel"("id", "property_group_id", "property_option_id", "component_disease_rel", "seq_num") VALUES (780, 23, 52, 302, 1);
INSERT INTO "public"."tb_property_group_option_rel"("id", "property_group_id", "property_option_id", "component_disease_rel", "seq_num") VALUES (781, 23, 57, 302, 2);
INSERT INTO "public"."tb_property_group_option_rel"("id", "property_group_id", "property_option_id", "component_disease_rel", "seq_num") VALUES (782, 23, 51, 303, 0);
INSERT INTO "public"."tb_property_group_option_rel"("id", "property_group_id", "property_option_id", "component_disease_rel", "seq_num") VALUES (783, 23, 52, 303, 1);
INSERT INTO "public"."tb_property_group_option_rel"("id", "property_group_id", "property_option_id", "component_disease_rel", "seq_num") VALUES (784, 23, 57, 303, 2);
INSERT INTO "public"."tb_property_group_option_rel"("id", "property_group_id", "property_option_id", "component_disease_rel", "seq_num") VALUES (785, 46, 43, 304, 0);
INSERT INTO "public"."tb_property_group_option_rel"("id", "property_group_id", "property_option_id", "component_disease_rel", "seq_num") VALUES (786, 46, 54, 304, 1);
INSERT INTO "public"."tb_property_group_option_rel"("id", "property_group_id", "property_option_id", "component_disease_rel", "seq_num") VALUES (787, 46, 57, 304, 2);
INSERT INTO "public"."tb_property_group_option_rel"("id", "property_group_id", "property_option_id", "component_disease_rel", "seq_num") VALUES (788, 23, 2, 305, 2);
INSERT INTO "public"."tb_property_group_option_rel"("id", "property_group_id", "property_option_id", "component_disease_rel", "seq_num") VALUES (789, 23, 60, 305, 0);
INSERT INTO "public"."tb_property_group_option_rel"("id", "property_group_id", "property_option_id", "component_disease_rel", "seq_num") VALUES (790, 23, 61, 305, 1);
INSERT INTO "public"."tb_property_group_option_rel"("id", "property_group_id", "property_option_id", "component_disease_rel", "seq_num") VALUES (791, 23, 2, 306, 2);
INSERT INTO "public"."tb_property_group_option_rel"("id", "property_group_id", "property_option_id", "component_disease_rel", "seq_num") VALUES (792, 23, 37, 306, 0);
INSERT INTO "public"."tb_property_group_option_rel"("id", "property_group_id", "property_option_id", "component_disease_rel", "seq_num") VALUES (793, 23, 56, 306, 1);
INSERT INTO "public"."tb_property_group_option_rel"("id", "property_group_id", "property_option_id", "component_disease_rel", "seq_num") VALUES (794, 23, 2, 307, 2);
INSERT INTO "public"."tb_property_group_option_rel"("id", "property_group_id", "property_option_id", "component_disease_rel", "seq_num") VALUES (795, 23, 37, 307, 0);
INSERT INTO "public"."tb_property_group_option_rel"("id", "property_group_id", "property_option_id", "component_disease_rel", "seq_num") VALUES (796, 23, 56, 307, 1);
INSERT INTO "public"."tb_property_group_option_rel"("id", "property_group_id", "property_option_id", "component_disease_rel", "seq_num") VALUES (797, 41, 51, 308, 0);
INSERT INTO "public"."tb_property_group_option_rel"("id", "property_group_id", "property_option_id", "component_disease_rel", "seq_num") VALUES (798, 41, 62, 308, 1);
INSERT INTO "public"."tb_property_group_option_rel"("id", "property_group_id", "property_option_id", "component_disease_rel", "seq_num") VALUES (799, 41, 45, 308, 2);
INSERT INTO "public"."tb_property_group_option_rel"("id", "property_group_id", "property_option_id", "component_disease_rel", "seq_num") VALUES (800, 41, 2, 309, 2);
INSERT INTO "public"."tb_property_group_option_rel"("id", "property_group_id", "property_option_id", "component_disease_rel", "seq_num") VALUES (801, 41, 37, 309, 0);
INSERT INTO "public"."tb_property_group_option_rel"("id", "property_group_id", "property_option_id", "component_disease_rel", "seq_num") VALUES (802, 41, 56, 309, 1);
INSERT INTO "public"."tb_property_group_option_rel"("id", "property_group_id", "property_option_id", "component_disease_rel", "seq_num") VALUES (803, 23, 35, 310, 0);
INSERT INTO "public"."tb_property_group_option_rel"("id", "property_group_id", "property_option_id", "component_disease_rel", "seq_num") VALUES (804, 23, 36, 310, 1);
INSERT INTO "public"."tb_property_group_option_rel"("id", "property_group_id", "property_option_id", "component_disease_rel", "seq_num") VALUES (805, 23, 56, 310, 2);
INSERT INTO "public"."tb_property_group_option_rel"("id", "property_group_id", "property_option_id", "component_disease_rel", "seq_num") VALUES (806, 76, 85, 311, 0);
INSERT INTO "public"."tb_property_group_option_rel"("id", "property_group_id", "property_option_id", "component_disease_rel", "seq_num") VALUES (807, 76, 55, 311, 1);
INSERT INTO "public"."tb_property_group_option_rel"("id", "property_group_id", "property_option_id", "component_disease_rel", "seq_num") VALUES (808, 76, 57, 311, 2);
INSERT INTO "public"."tb_property_group_option_rel"("id", "property_group_id", "property_option_id", "component_disease_rel", "seq_num") VALUES (809, 46, 64, 312, 0);
INSERT INTO "public"."tb_property_group_option_rel"("id", "property_group_id", "property_option_id", "component_disease_rel", "seq_num") VALUES (810, 46, 65, 312, 1);
INSERT INTO "public"."tb_property_group_option_rel"("id", "property_group_id", "property_option_id", "component_disease_rel", "seq_num") VALUES (811, 46, 66, 312, 2);
INSERT INTO "public"."tb_property_group_option_rel"("id", "property_group_id", "property_option_id", "component_disease_rel", "seq_num") VALUES (812, 46, 64, 313, 0);
INSERT INTO "public"."tb_property_group_option_rel"("id", "property_group_id", "property_option_id", "component_disease_rel", "seq_num") VALUES (813, 46, 65, 313, 1);
INSERT INTO "public"."tb_property_group_option_rel"("id", "property_group_id", "property_option_id", "component_disease_rel", "seq_num") VALUES (814, 46, 66, 313, 2);
INSERT INTO "public"."tb_property_group_option_rel"("id", "property_group_id", "property_option_id", "component_disease_rel", "seq_num") VALUES (815, 52, 2, 314, 2);
INSERT INTO "public"."tb_property_group_option_rel"("id", "property_group_id", "property_option_id", "component_disease_rel", "seq_num") VALUES (816, 52, 35, 314, 0);
INSERT INTO "public"."tb_property_group_option_rel"("id", "property_group_id", "property_option_id", "component_disease_rel", "seq_num") VALUES (817, 52, 36, 314, 1);
INSERT INTO "public"."tb_property_group_option_rel"("id", "property_group_id", "property_option_id", "component_disease_rel", "seq_num") VALUES (818, 76, 2, 315, 2);
INSERT INTO "public"."tb_property_group_option_rel"("id", "property_group_id", "property_option_id", "component_disease_rel", "seq_num") VALUES (819, 76, 36, 315, 0);
INSERT INTO "public"."tb_property_group_option_rel"("id", "property_group_id", "property_option_id", "component_disease_rel", "seq_num") VALUES (820, 76, 56, 315, 1);
INSERT INTO "public"."tb_property_group_option_rel"("id", "property_group_id", "property_option_id", "component_disease_rel", "seq_num") VALUES (821, 23, 2, 316, 2);
INSERT INTO "public"."tb_property_group_option_rel"("id", "property_group_id", "property_option_id", "component_disease_rel", "seq_num") VALUES (822, 23, 35, 316, 0);
INSERT INTO "public"."tb_property_group_option_rel"("id", "property_group_id", "property_option_id", "component_disease_rel", "seq_num") VALUES (823, 23, 56, 316, 1);
INSERT INTO "public"."tb_property_group_option_rel"("id", "property_group_id", "property_option_id", "component_disease_rel", "seq_num") VALUES (824, 76, 2, 317, 2);
INSERT INTO "public"."tb_property_group_option_rel"("id", "property_group_id", "property_option_id", "component_disease_rel", "seq_num") VALUES (825, 76, 30, 317, 0);
INSERT INTO "public"."tb_property_group_option_rel"("id", "property_group_id", "property_option_id", "component_disease_rel", "seq_num") VALUES (826, 76, 63, 317, 1);
INSERT INTO "public"."tb_property_group_option_rel"("id", "property_group_id", "property_option_id", "component_disease_rel", "seq_num") VALUES (827, 46, 87, 318, 0);
INSERT INTO "public"."tb_property_group_option_rel"("id", "property_group_id", "property_option_id", "component_disease_rel", "seq_num") VALUES (828, 46, 88, 318, 1);
INSERT INTO "public"."tb_property_group_option_rel"("id", "property_group_id", "property_option_id", "component_disease_rel", "seq_num") VALUES (829, 46, 89, 318, 2);
INSERT INTO "public"."tb_property_group_option_rel"("id", "property_group_id", "property_option_id", "component_disease_rel", "seq_num") VALUES (830, 23, 2, 319, 2);
INSERT INTO "public"."tb_property_group_option_rel"("id", "property_group_id", "property_option_id", "component_disease_rel", "seq_num") VALUES (831, 23, 36, 319, 0);
INSERT INTO "public"."tb_property_group_option_rel"("id", "property_group_id", "property_option_id", "component_disease_rel", "seq_num") VALUES (832, 23, 56, 319, 1);
INSERT INTO "public"."tb_property_group_option_rel"("id", "property_group_id", "property_option_id", "component_disease_rel", "seq_num") VALUES (833, 23, 51, 321, 0);
INSERT INTO "public"."tb_property_group_option_rel"("id", "property_group_id", "property_option_id", "component_disease_rel", "seq_num") VALUES (834, 23, 58, 321, 1);
INSERT INTO "public"."tb_property_group_option_rel"("id", "property_group_id", "property_option_id", "component_disease_rel", "seq_num") VALUES (835, 23, 59, 321, 2);
INSERT INTO "public"."tb_property_group_option_rel"("id", "property_group_id", "property_option_id", "component_disease_rel", "seq_num") VALUES (836, 23, 51, 322, 0);
INSERT INTO "public"."tb_property_group_option_rel"("id", "property_group_id", "property_option_id", "component_disease_rel", "seq_num") VALUES (837, 23, 52, 322, 1);
INSERT INTO "public"."tb_property_group_option_rel"("id", "property_group_id", "property_option_id", "component_disease_rel", "seq_num") VALUES (838, 23, 57, 322, 2);
INSERT INTO "public"."tb_property_group_option_rel"("id", "property_group_id", "property_option_id", "component_disease_rel", "seq_num") VALUES (839, 23, 51, 323, 0);
INSERT INTO "public"."tb_property_group_option_rel"("id", "property_group_id", "property_option_id", "component_disease_rel", "seq_num") VALUES (840, 23, 52, 323, 1);
INSERT INTO "public"."tb_property_group_option_rel"("id", "property_group_id", "property_option_id", "component_disease_rel", "seq_num") VALUES (841, 23, 57, 323, 2);
INSERT INTO "public"."tb_property_group_option_rel"("id", "property_group_id", "property_option_id", "component_disease_rel", "seq_num") VALUES (842, 46, 43, 324, 0);
INSERT INTO "public"."tb_property_group_option_rel"("id", "property_group_id", "property_option_id", "component_disease_rel", "seq_num") VALUES (843, 46, 54, 324, 1);
INSERT INTO "public"."tb_property_group_option_rel"("id", "property_group_id", "property_option_id", "component_disease_rel", "seq_num") VALUES (844, 46, 57, 324, 2);
INSERT INTO "public"."tb_property_group_option_rel"("id", "property_group_id", "property_option_id", "component_disease_rel", "seq_num") VALUES (845, 23, 2, 325, 2);
INSERT INTO "public"."tb_property_group_option_rel"("id", "property_group_id", "property_option_id", "component_disease_rel", "seq_num") VALUES (846, 23, 60, 325, 0);
INSERT INTO "public"."tb_property_group_option_rel"("id", "property_group_id", "property_option_id", "component_disease_rel", "seq_num") VALUES (847, 23, 61, 325, 1);
INSERT INTO "public"."tb_property_group_option_rel"("id", "property_group_id", "property_option_id", "component_disease_rel", "seq_num") VALUES (848, 23, 2, 326, 2);
INSERT INTO "public"."tb_property_group_option_rel"("id", "property_group_id", "property_option_id", "component_disease_rel", "seq_num") VALUES (849, 23, 37, 326, 0);
INSERT INTO "public"."tb_property_group_option_rel"("id", "property_group_id", "property_option_id", "component_disease_rel", "seq_num") VALUES (850, 23, 56, 326, 1);
INSERT INTO "public"."tb_property_group_option_rel"("id", "property_group_id", "property_option_id", "component_disease_rel", "seq_num") VALUES (851, 23, 2, 327, 2);
INSERT INTO "public"."tb_property_group_option_rel"("id", "property_group_id", "property_option_id", "component_disease_rel", "seq_num") VALUES (852, 23, 37, 327, 0);
INSERT INTO "public"."tb_property_group_option_rel"("id", "property_group_id", "property_option_id", "component_disease_rel", "seq_num") VALUES (853, 23, 56, 327, 1);
INSERT INTO "public"."tb_property_group_option_rel"("id", "property_group_id", "property_option_id", "component_disease_rel", "seq_num") VALUES (854, 41, 51, 328, 0);
INSERT INTO "public"."tb_property_group_option_rel"("id", "property_group_id", "property_option_id", "component_disease_rel", "seq_num") VALUES (855, 41, 62, 328, 1);
INSERT INTO "public"."tb_property_group_option_rel"("id", "property_group_id", "property_option_id", "component_disease_rel", "seq_num") VALUES (856, 41, 45, 328, 2);
INSERT INTO "public"."tb_property_group_option_rel"("id", "property_group_id", "property_option_id", "component_disease_rel", "seq_num") VALUES (857, 41, 2, 329, 2);
INSERT INTO "public"."tb_property_group_option_rel"("id", "property_group_id", "property_option_id", "component_disease_rel", "seq_num") VALUES (858, 41, 37, 329, 0);
INSERT INTO "public"."tb_property_group_option_rel"("id", "property_group_id", "property_option_id", "component_disease_rel", "seq_num") VALUES (859, 41, 56, 329, 1);
INSERT INTO "public"."tb_property_group_option_rel"("id", "property_group_id", "property_option_id", "component_disease_rel", "seq_num") VALUES (860, 23, 35, 330, 0);
INSERT INTO "public"."tb_property_group_option_rel"("id", "property_group_id", "property_option_id", "component_disease_rel", "seq_num") VALUES (861, 23, 36, 330, 1);
INSERT INTO "public"."tb_property_group_option_rel"("id", "property_group_id", "property_option_id", "component_disease_rel", "seq_num") VALUES (862, 23, 56, 330, 2);
INSERT INTO "public"."tb_property_group_option_rel"("id", "property_group_id", "property_option_id", "component_disease_rel", "seq_num") VALUES (863, 46, 52, 331, 0);
INSERT INTO "public"."tb_property_group_option_rel"("id", "property_group_id", "property_option_id", "component_disease_rel", "seq_num") VALUES (864, 46, 53, 331, 1);
INSERT INTO "public"."tb_property_group_option_rel"("id", "property_group_id", "property_option_id", "component_disease_rel", "seq_num") VALUES (865, 46, 45, 331, 2);
INSERT INTO "public"."tb_property_group_option_rel"("id", "property_group_id", "property_option_id", "component_disease_rel", "seq_num") VALUES (866, 46, 52, 332, 0);
INSERT INTO "public"."tb_property_group_option_rel"("id", "property_group_id", "property_option_id", "component_disease_rel", "seq_num") VALUES (867, 46, 53, 332, 1);
INSERT INTO "public"."tb_property_group_option_rel"("id", "property_group_id", "property_option_id", "component_disease_rel", "seq_num") VALUES (868, 46, 45, 332, 2);
INSERT INTO "public"."tb_property_group_option_rel"("id", "property_group_id", "property_option_id", "component_disease_rel", "seq_num") VALUES (869, 23, 43, 333, 0);
INSERT INTO "public"."tb_property_group_option_rel"("id", "property_group_id", "property_option_id", "component_disease_rel", "seq_num") VALUES (870, 23, 54, 333, 1);
INSERT INTO "public"."tb_property_group_option_rel"("id", "property_group_id", "property_option_id", "component_disease_rel", "seq_num") VALUES (871, 23, 57, 333, 2);
INSERT INTO "public"."tb_property_group_option_rel"("id", "property_group_id", "property_option_id", "component_disease_rel", "seq_num") VALUES (872, 23, 43, 334, 0);
INSERT INTO "public"."tb_property_group_option_rel"("id", "property_group_id", "property_option_id", "component_disease_rel", "seq_num") VALUES (873, 23, 54, 334, 1);
INSERT INTO "public"."tb_property_group_option_rel"("id", "property_group_id", "property_option_id", "component_disease_rel", "seq_num") VALUES (874, 23, 57, 334, 2);
INSERT INTO "public"."tb_property_group_option_rel"("id", "property_group_id", "property_option_id", "component_disease_rel", "seq_num") VALUES (875, 64, 2, 335, 2);
INSERT INTO "public"."tb_property_group_option_rel"("id", "property_group_id", "property_option_id", "component_disease_rel", "seq_num") VALUES (876, 64, 90, 335, 0);
INSERT INTO "public"."tb_property_group_option_rel"("id", "property_group_id", "property_option_id", "component_disease_rel", "seq_num") VALUES (877, 64, 63, 335, 1);
INSERT INTO "public"."tb_property_group_option_rel"("id", "property_group_id", "property_option_id", "component_disease_rel", "seq_num") VALUES (878, 46, 87, 336, 0);
INSERT INTO "public"."tb_property_group_option_rel"("id", "property_group_id", "property_option_id", "component_disease_rel", "seq_num") VALUES (879, 46, 88, 336, 1);
INSERT INTO "public"."tb_property_group_option_rel"("id", "property_group_id", "property_option_id", "component_disease_rel", "seq_num") VALUES (880, 46, 89, 336, 2);
INSERT INTO "public"."tb_property_group_option_rel"("id", "property_group_id", "property_option_id", "component_disease_rel", "seq_num") VALUES (881, 76, 2, 338, 2);
INSERT INTO "public"."tb_property_group_option_rel"("id", "property_group_id", "property_option_id", "component_disease_rel", "seq_num") VALUES (882, 76, 30, 338, 0);
INSERT INTO "public"."tb_property_group_option_rel"("id", "property_group_id", "property_option_id", "component_disease_rel", "seq_num") VALUES (883, 76, 63, 338, 1);
INSERT INTO "public"."tb_property_group_option_rel"("id", "property_group_id", "property_option_id", "component_disease_rel", "seq_num") VALUES (884, 76, 2, 339, 2);
INSERT INTO "public"."tb_property_group_option_rel"("id", "property_group_id", "property_option_id", "component_disease_rel", "seq_num") VALUES (885, 76, 30, 339, 0);
INSERT INTO "public"."tb_property_group_option_rel"("id", "property_group_id", "property_option_id", "component_disease_rel", "seq_num") VALUES (886, 76, 63, 339, 1);
INSERT INTO "public"."tb_property_group_option_rel"("id", "property_group_id", "property_option_id", "component_disease_rel", "seq_num") VALUES (887, 23, 48, 340, 2);
INSERT INTO "public"."tb_property_group_option_rel"("id", "property_group_id", "property_option_id", "component_disease_rel", "seq_num") VALUES (888, 23, 31, 340, 0);
INSERT INTO "public"."tb_property_group_option_rel"("id", "property_group_id", "property_option_id", "component_disease_rel", "seq_num") VALUES (889, 23, 63, 340, 1);
INSERT INTO "public"."tb_property_group_option_rel"("id", "property_group_id", "property_option_id", "component_disease_rel", "seq_num") VALUES (890, 46, 64, 341, 0);
INSERT INTO "public"."tb_property_group_option_rel"("id", "property_group_id", "property_option_id", "component_disease_rel", "seq_num") VALUES (891, 46, 65, 341, 1);
INSERT INTO "public"."tb_property_group_option_rel"("id", "property_group_id", "property_option_id", "component_disease_rel", "seq_num") VALUES (892, 46, 66, 341, 2);
INSERT INTO "public"."tb_property_group_option_rel"("id", "property_group_id", "property_option_id", "component_disease_rel", "seq_num") VALUES (893, 46, 64, 342, 0);
INSERT INTO "public"."tb_property_group_option_rel"("id", "property_group_id", "property_option_id", "component_disease_rel", "seq_num") VALUES (894, 46, 65, 342, 1);
INSERT INTO "public"."tb_property_group_option_rel"("id", "property_group_id", "property_option_id", "component_disease_rel", "seq_num") VALUES (895, 46, 66, 342, 2);
INSERT INTO "public"."tb_property_group_option_rel"("id", "property_group_id", "property_option_id", "component_disease_rel", "seq_num") VALUES (896, 23, 67, 343, 2);
INSERT INTO "public"."tb_property_group_option_rel"("id", "property_group_id", "property_option_id", "component_disease_rel", "seq_num") VALUES (897, 23, 68, 343, 0);
INSERT INTO "public"."tb_property_group_option_rel"("id", "property_group_id", "property_option_id", "component_disease_rel", "seq_num") VALUES (898, 23, 69, 343, 1);
INSERT INTO "public"."tb_property_group_option_rel"("id", "property_group_id", "property_option_id", "component_disease_rel", "seq_num") VALUES (899, 64, 2, 344, 2);
INSERT INTO "public"."tb_property_group_option_rel"("id", "property_group_id", "property_option_id", "component_disease_rel", "seq_num") VALUES (900, 64, 30, 344, 0);
INSERT INTO "public"."tb_property_group_option_rel"("id", "property_group_id", "property_option_id", "component_disease_rel", "seq_num") VALUES (901, 64, 63, 344, 1);
INSERT INTO "public"."tb_property_group_option_rel"("id", "property_group_id", "property_option_id", "component_disease_rel", "seq_num") VALUES (902, 46, 87, 345, 0);
INSERT INTO "public"."tb_property_group_option_rel"("id", "property_group_id", "property_option_id", "component_disease_rel", "seq_num") VALUES (903, 46, 88, 345, 1);
INSERT INTO "public"."tb_property_group_option_rel"("id", "property_group_id", "property_option_id", "component_disease_rel", "seq_num") VALUES (904, 46, 89, 345, 2);
INSERT INTO "public"."tb_property_group_option_rel"("id", "property_group_id", "property_option_id", "component_disease_rel", "seq_num") VALUES (905, 46, 87, 346, 0);
INSERT INTO "public"."tb_property_group_option_rel"("id", "property_group_id", "property_option_id", "component_disease_rel", "seq_num") VALUES (906, 46, 88, 346, 1);
INSERT INTO "public"."tb_property_group_option_rel"("id", "property_group_id", "property_option_id", "component_disease_rel", "seq_num") VALUES (907, 46, 89, 346, 2);
INSERT INTO "public"."tb_property_group_option_rel"("id", "property_group_id", "property_option_id", "component_disease_rel", "seq_num") VALUES (908, 76, 85, 348, 0);
INSERT INTO "public"."tb_property_group_option_rel"("id", "property_group_id", "property_option_id", "component_disease_rel", "seq_num") VALUES (909, 76, 55, 348, 1);
INSERT INTO "public"."tb_property_group_option_rel"("id", "property_group_id", "property_option_id", "component_disease_rel", "seq_num") VALUES (910, 76, 57, 348, 2);
INSERT INTO "public"."tb_property_group_option_rel"("id", "property_group_id", "property_option_id", "component_disease_rel", "seq_num") VALUES (911, 46, 64, 349, 0);
INSERT INTO "public"."tb_property_group_option_rel"("id", "property_group_id", "property_option_id", "component_disease_rel", "seq_num") VALUES (912, 46, 65, 349, 1);
INSERT INTO "public"."tb_property_group_option_rel"("id", "property_group_id", "property_option_id", "component_disease_rel", "seq_num") VALUES (913, 46, 66, 349, 2);
INSERT INTO "public"."tb_property_group_option_rel"("id", "property_group_id", "property_option_id", "component_disease_rel", "seq_num") VALUES (914, 46, 64, 350, 0);
INSERT INTO "public"."tb_property_group_option_rel"("id", "property_group_id", "property_option_id", "component_disease_rel", "seq_num") VALUES (915, 46, 65, 350, 1);
INSERT INTO "public"."tb_property_group_option_rel"("id", "property_group_id", "property_option_id", "component_disease_rel", "seq_num") VALUES (916, 46, 66, 350, 2);
INSERT INTO "public"."tb_property_group_option_rel"("id", "property_group_id", "property_option_id", "component_disease_rel", "seq_num") VALUES (917, 72, 26, 351, 0);
INSERT INTO "public"."tb_property_group_option_rel"("id", "property_group_id", "property_option_id", "component_disease_rel", "seq_num") VALUES (918, 69, 2, 351, 2);
INSERT INTO "public"."tb_property_group_option_rel"("id", "property_group_id", "property_option_id", "component_disease_rel", "seq_num") VALUES (920, 69, 36, 351, 0);
INSERT INTO "public"."tb_property_group_option_rel"("id", "property_group_id", "property_option_id", "component_disease_rel", "seq_num") VALUES (921, 69, 56, 351, 1);
INSERT INTO "public"."tb_property_group_option_rel"("id", "property_group_id", "property_option_id", "component_disease_rel", "seq_num") VALUES (922, 72, 28, 351, 2);
INSERT INTO "public"."tb_property_group_option_rel"("id", "property_group_id", "property_option_id", "component_disease_rel", "seq_num") VALUES (923, 72, 29, 351, 3);
INSERT INTO "public"."tb_property_group_option_rel"("id", "property_group_id", "property_option_id", "component_disease_rel", "seq_num") VALUES (924, 23, 2, 352, 2);
INSERT INTO "public"."tb_property_group_option_rel"("id", "property_group_id", "property_option_id", "component_disease_rel", "seq_num") VALUES (925, 23, 35, 352, 0);
INSERT INTO "public"."tb_property_group_option_rel"("id", "property_group_id", "property_option_id", "component_disease_rel", "seq_num") VALUES (926, 23, 56, 352, 1);
INSERT INTO "public"."tb_property_group_option_rel"("id", "property_group_id", "property_option_id", "component_disease_rel", "seq_num") VALUES (927, 46, 64, 353, 0);
INSERT INTO "public"."tb_property_group_option_rel"("id", "property_group_id", "property_option_id", "component_disease_rel", "seq_num") VALUES (928, 46, 65, 353, 1);
INSERT INTO "public"."tb_property_group_option_rel"("id", "property_group_id", "property_option_id", "component_disease_rel", "seq_num") VALUES (929, 46, 66, 353, 2);
INSERT INTO "public"."tb_property_group_option_rel"("id", "property_group_id", "property_option_id", "component_disease_rel", "seq_num") VALUES (930, 46, 87, 354, 0);
INSERT INTO "public"."tb_property_group_option_rel"("id", "property_group_id", "property_option_id", "component_disease_rel", "seq_num") VALUES (931, 46, 88, 354, 1);
INSERT INTO "public"."tb_property_group_option_rel"("id", "property_group_id", "property_option_id", "component_disease_rel", "seq_num") VALUES (932, 46, 89, 354, 2);
INSERT INTO "public"."tb_property_group_option_rel"("id", "property_group_id", "property_option_id", "component_disease_rel", "seq_num") VALUES (933, 46, 87, 355, 0);
INSERT INTO "public"."tb_property_group_option_rel"("id", "property_group_id", "property_option_id", "component_disease_rel", "seq_num") VALUES (934, 46, 88, 355, 1);
INSERT INTO "public"."tb_property_group_option_rel"("id", "property_group_id", "property_option_id", "component_disease_rel", "seq_num") VALUES (935, 46, 89, 355, 2);
INSERT INTO "public"."tb_property_group_option_rel"("id", "property_group_id", "property_option_id", "component_disease_rel", "seq_num") VALUES (936, 76, 85, 357, 0);
INSERT INTO "public"."tb_property_group_option_rel"("id", "property_group_id", "property_option_id", "component_disease_rel", "seq_num") VALUES (937, 76, 55, 357, 1);
INSERT INTO "public"."tb_property_group_option_rel"("id", "property_group_id", "property_option_id", "component_disease_rel", "seq_num") VALUES (938, 76, 57, 357, 2);
INSERT INTO "public"."tb_property_group_option_rel"("id", "property_group_id", "property_option_id", "component_disease_rel", "seq_num") VALUES (939, 46, 64, 358, 0);
INSERT INTO "public"."tb_property_group_option_rel"("id", "property_group_id", "property_option_id", "component_disease_rel", "seq_num") VALUES (940, 46, 65, 358, 1);
INSERT INTO "public"."tb_property_group_option_rel"("id", "property_group_id", "property_option_id", "component_disease_rel", "seq_num") VALUES (941, 46, 66, 358, 2);
INSERT INTO "public"."tb_property_group_option_rel"("id", "property_group_id", "property_option_id", "component_disease_rel", "seq_num") VALUES (942, 46, 64, 359, 0);
INSERT INTO "public"."tb_property_group_option_rel"("id", "property_group_id", "property_option_id", "component_disease_rel", "seq_num") VALUES (943, 46, 65, 359, 1);
INSERT INTO "public"."tb_property_group_option_rel"("id", "property_group_id", "property_option_id", "component_disease_rel", "seq_num") VALUES (944, 46, 66, 359, 2);
INSERT INTO "public"."tb_property_group_option_rel"("id", "property_group_id", "property_option_id", "component_disease_rel", "seq_num") VALUES (945, 72, 26, 360, 0);
INSERT INTO "public"."tb_property_group_option_rel"("id", "property_group_id", "property_option_id", "component_disease_rel", "seq_num") VALUES (946, 69, 2, 360, 2);
INSERT INTO "public"."tb_property_group_option_rel"("id", "property_group_id", "property_option_id", "component_disease_rel", "seq_num") VALUES (948, 69, 36, 360, 0);
INSERT INTO "public"."tb_property_group_option_rel"("id", "property_group_id", "property_option_id", "component_disease_rel", "seq_num") VALUES (949, 69, 56, 360, 1);
INSERT INTO "public"."tb_property_group_option_rel"("id", "property_group_id", "property_option_id", "component_disease_rel", "seq_num") VALUES (950, 72, 28, 360, 2);
INSERT INTO "public"."tb_property_group_option_rel"("id", "property_group_id", "property_option_id", "component_disease_rel", "seq_num") VALUES (951, 72, 29, 360, 3);
INSERT INTO "public"."tb_property_group_option_rel"("id", "property_group_id", "property_option_id", "component_disease_rel", "seq_num") VALUES (952, 23, 2, 361, 2);
INSERT INTO "public"."tb_property_group_option_rel"("id", "property_group_id", "property_option_id", "component_disease_rel", "seq_num") VALUES (953, 23, 35, 361, 0);
INSERT INTO "public"."tb_property_group_option_rel"("id", "property_group_id", "property_option_id", "component_disease_rel", "seq_num") VALUES (954, 23, 56, 361, 1);
INSERT INTO "public"."tb_property_group_option_rel"("id", "property_group_id", "property_option_id", "component_disease_rel", "seq_num") VALUES (955, 46, 64, 362, 0);
INSERT INTO "public"."tb_property_group_option_rel"("id", "property_group_id", "property_option_id", "component_disease_rel", "seq_num") VALUES (956, 46, 65, 362, 1);
INSERT INTO "public"."tb_property_group_option_rel"("id", "property_group_id", "property_option_id", "component_disease_rel", "seq_num") VALUES (957, 46, 66, 362, 2);
INSERT INTO "public"."tb_property_group_option_rel"("id", "property_group_id", "property_option_id", "component_disease_rel", "seq_num") VALUES (958, 46, 87, 363, 0);
INSERT INTO "public"."tb_property_group_option_rel"("id", "property_group_id", "property_option_id", "component_disease_rel", "seq_num") VALUES (959, 46, 88, 363, 1);
INSERT INTO "public"."tb_property_group_option_rel"("id", "property_group_id", "property_option_id", "component_disease_rel", "seq_num") VALUES (960, 46, 89, 363, 2);
INSERT INTO "public"."tb_property_group_option_rel"("id", "property_group_id", "property_option_id", "component_disease_rel", "seq_num") VALUES (961, 46, 87, 364, 0);
INSERT INTO "public"."tb_property_group_option_rel"("id", "property_group_id", "property_option_id", "component_disease_rel", "seq_num") VALUES (962, 46, 88, 364, 1);
INSERT INTO "public"."tb_property_group_option_rel"("id", "property_group_id", "property_option_id", "component_disease_rel", "seq_num") VALUES (963, 46, 89, 364, 2);
INSERT INTO "public"."tb_property_group_option_rel"("id", "property_group_id", "property_option_id", "component_disease_rel", "seq_num") VALUES (964, 23, 48, 366, 2);
INSERT INTO "public"."tb_property_group_option_rel"("id", "property_group_id", "property_option_id", "component_disease_rel", "seq_num") VALUES (965, 23, 70, 366, 0);
INSERT INTO "public"."tb_property_group_option_rel"("id", "property_group_id", "property_option_id", "component_disease_rel", "seq_num") VALUES (966, 23, 71, 366, 1);
INSERT INTO "public"."tb_property_group_option_rel"("id", "property_group_id", "property_option_id", "component_disease_rel", "seq_num") VALUES (967, 23, 48, 367, 2);
INSERT INTO "public"."tb_property_group_option_rel"("id", "property_group_id", "property_option_id", "component_disease_rel", "seq_num") VALUES (968, 23, 72, 367, 0);
INSERT INTO "public"."tb_property_group_option_rel"("id", "property_group_id", "property_option_id", "component_disease_rel", "seq_num") VALUES (969, 23, 73, 367, 1);
INSERT INTO "public"."tb_property_group_option_rel"("id", "property_group_id", "property_option_id", "component_disease_rel", "seq_num") VALUES (970, 23, 48, 368, 2);
INSERT INTO "public"."tb_property_group_option_rel"("id", "property_group_id", "property_option_id", "component_disease_rel", "seq_num") VALUES (971, 23, 70, 368, 0);
INSERT INTO "public"."tb_property_group_option_rel"("id", "property_group_id", "property_option_id", "component_disease_rel", "seq_num") VALUES (972, 23, 71, 368, 1);
INSERT INTO "public"."tb_property_group_option_rel"("id", "property_group_id", "property_option_id", "component_disease_rel", "seq_num") VALUES (973, 23, 48, 369, 2);
INSERT INTO "public"."tb_property_group_option_rel"("id", "property_group_id", "property_option_id", "component_disease_rel", "seq_num") VALUES (974, 23, 71, 369, 0);
INSERT INTO "public"."tb_property_group_option_rel"("id", "property_group_id", "property_option_id", "component_disease_rel", "seq_num") VALUES (975, 23, 74, 369, 1);
INSERT INTO "public"."tb_property_group_option_rel"("id", "property_group_id", "property_option_id", "component_disease_rel", "seq_num") VALUES (976, 23, 75, 370, 2);
INSERT INTO "public"."tb_property_group_option_rel"("id", "property_group_id", "property_option_id", "component_disease_rel", "seq_num") VALUES (977, 23, 76, 370, 0);
INSERT INTO "public"."tb_property_group_option_rel"("id", "property_group_id", "property_option_id", "component_disease_rel", "seq_num") VALUES (978, 23, 77, 370, 1);
INSERT INTO "public"."tb_property_group_option_rel"("id", "property_group_id", "property_option_id", "component_disease_rel", "seq_num") VALUES (979, 23, 48, 371, 2);
INSERT INTO "public"."tb_property_group_option_rel"("id", "property_group_id", "property_option_id", "component_disease_rel", "seq_num") VALUES (980, 23, 35, 371, 0);
INSERT INTO "public"."tb_property_group_option_rel"("id", "property_group_id", "property_option_id", "component_disease_rel", "seq_num") VALUES (981, 23, 56, 371, 1);
INSERT INTO "public"."tb_property_group_option_rel"("id", "property_group_id", "property_option_id", "component_disease_rel", "seq_num") VALUES (982, 23, 2, 373, 2);
INSERT INTO "public"."tb_property_group_option_rel"("id", "property_group_id", "property_option_id", "component_disease_rel", "seq_num") VALUES (983, 23, 35, 373, 0);
INSERT INTO "public"."tb_property_group_option_rel"("id", "property_group_id", "property_option_id", "component_disease_rel", "seq_num") VALUES (984, 23, 56, 373, 1);
INSERT INTO "public"."tb_property_group_option_rel"("id", "property_group_id", "property_option_id", "component_disease_rel", "seq_num") VALUES (985, 23, 48, 374, 2);
INSERT INTO "public"."tb_property_group_option_rel"("id", "property_group_id", "property_option_id", "component_disease_rel", "seq_num") VALUES (986, 23, 73, 374, 0);
INSERT INTO "public"."tb_property_group_option_rel"("id", "property_group_id", "property_option_id", "component_disease_rel", "seq_num") VALUES (987, 23, 78, 374, 1);
INSERT INTO "public"."tb_property_group_option_rel"("id", "property_group_id", "property_option_id", "component_disease_rel", "seq_num") VALUES (988, 23, 48, 375, 2);
INSERT INTO "public"."tb_property_group_option_rel"("id", "property_group_id", "property_option_id", "component_disease_rel", "seq_num") VALUES (989, 23, 79, 375, 0);
INSERT INTO "public"."tb_property_group_option_rel"("id", "property_group_id", "property_option_id", "component_disease_rel", "seq_num") VALUES (990, 23, 80, 375, 1);
INSERT INTO "public"."tb_property_group_option_rel"("id", "property_group_id", "property_option_id", "component_disease_rel", "seq_num") VALUES (991, 23, 2, 376, 2);
INSERT INTO "public"."tb_property_group_option_rel"("id", "property_group_id", "property_option_id", "component_disease_rel", "seq_num") VALUES (992, 23, 37, 376, 0);
INSERT INTO "public"."tb_property_group_option_rel"("id", "property_group_id", "property_option_id", "component_disease_rel", "seq_num") VALUES (993, 23, 61, 376, 1);
INSERT INTO "public"."tb_property_group_option_rel"("id", "property_group_id", "property_option_id", "component_disease_rel", "seq_num") VALUES (994, 23, 2, 378, 2);
INSERT INTO "public"."tb_property_group_option_rel"("id", "property_group_id", "property_option_id", "component_disease_rel", "seq_num") VALUES (995, 23, 35, 378, 0);
INSERT INTO "public"."tb_property_group_option_rel"("id", "property_group_id", "property_option_id", "component_disease_rel", "seq_num") VALUES (996, 23, 56, 378, 1);
INSERT INTO "public"."tb_property_group_option_rel"("id", "property_group_id", "property_option_id", "component_disease_rel", "seq_num") VALUES (997, 23, 2, 379, 2);
INSERT INTO "public"."tb_property_group_option_rel"("id", "property_group_id", "property_option_id", "component_disease_rel", "seq_num") VALUES (998, 23, 35, 379, 0);
INSERT INTO "public"."tb_property_group_option_rel"("id", "property_group_id", "property_option_id", "component_disease_rel", "seq_num") VALUES (999, 23, 56, 379, 1);
INSERT INTO "public"."tb_property_group_option_rel"("id", "property_group_id", "property_option_id", "component_disease_rel", "seq_num") VALUES (1000, 23, 48, 380, 2);
INSERT INTO "public"."tb_property_group_option_rel"("id", "property_group_id", "property_option_id", "component_disease_rel", "seq_num") VALUES (1001, 23, 81, 380, 0);
INSERT INTO "public"."tb_property_group_option_rel"("id", "property_group_id", "property_option_id", "component_disease_rel", "seq_num") VALUES (1002, 23, 71, 380, 1);
INSERT INTO "public"."tb_property_group_option_rel"("id", "property_group_id", "property_option_id", "component_disease_rel", "seq_num") VALUES (1003, 23, 2, 381, 2);
INSERT INTO "public"."tb_property_group_option_rel"("id", "property_group_id", "property_option_id", "component_disease_rel", "seq_num") VALUES (1004, 23, 68, 381, 0);
INSERT INTO "public"."tb_property_group_option_rel"("id", "property_group_id", "property_option_id", "component_disease_rel", "seq_num") VALUES (1005, 23, 82, 381, 1);
INSERT INTO "public"."tb_property_group_option_rel"("id", "property_group_id", "property_option_id", "component_disease_rel", "seq_num") VALUES (1006, 76, 2, 383, 2);
SELECT setval('tb_property_group_option_rel_id_seq',(SELECT MAX(id) FROM tb_property_group_option_rel));


INSERT INTO "public"."tb_property_rel"("id", "target_id", "property_id", "target_type", "part_type", "bridge_type_id") VALUES (1, NULL, 1, 1, 1, 1);
INSERT INTO "public"."tb_property_rel"("id", "target_id", "property_id", "target_type", "part_type", "bridge_type_id") VALUES (2, NULL, 2, 1, 1, 1);
INSERT INTO "public"."tb_property_rel"("id", "target_id", "property_id", "target_type", "part_type", "bridge_type_id") VALUES (3, NULL, 3, 1, 1, 1);
INSERT INTO "public"."tb_property_rel"("id", "target_id", "property_id", "target_type", "part_type", "bridge_type_id") VALUES (4, NULL, 7, 1, 1, 1);
INSERT INTO "public"."tb_property_rel"("id", "target_id", "property_id", "target_type", "part_type", "bridge_type_id") VALUES (5, NULL, 8, 1, 1, 1);
INSERT INTO "public"."tb_property_rel"("id", "target_id", "property_id", "target_type", "part_type", "bridge_type_id") VALUES (6, NULL, 9, 1, 1, 1);
INSERT INTO "public"."tb_property_rel"("id", "target_id", "property_id", "target_type", "part_type", "bridge_type_id") VALUES (7, NULL, 10, 1, 1, 1);
INSERT INTO "public"."tb_property_rel"("id", "target_id", "property_id", "target_type", "part_type", "bridge_type_id") VALUES (8, NULL, 11, 1, 1, 1);
INSERT INTO "public"."tb_property_rel"("id", "target_id", "property_id", "target_type", "part_type", "bridge_type_id") VALUES (9, NULL, 12, 1, 1, 1);
INSERT INTO "public"."tb_property_rel"("id", "target_id", "property_id", "target_type", "part_type", "bridge_type_id") VALUES (10, NULL, 1, 1, 1, 2);
INSERT INTO "public"."tb_property_rel"("id", "target_id", "property_id", "target_type", "part_type", "bridge_type_id") VALUES (11, NULL, 2, 1, 1, 2);
INSERT INTO "public"."tb_property_rel"("id", "target_id", "property_id", "target_type", "part_type", "bridge_type_id") VALUES (12, NULL, 3, 1, 1, 2);
INSERT INTO "public"."tb_property_rel"("id", "target_id", "property_id", "target_type", "part_type", "bridge_type_id") VALUES (13, NULL, 7, 1, 1, 2);
INSERT INTO "public"."tb_property_rel"("id", "target_id", "property_id", "target_type", "part_type", "bridge_type_id") VALUES (14, NULL, 8, 1, 1, 2);
INSERT INTO "public"."tb_property_rel"("id", "target_id", "property_id", "target_type", "part_type", "bridge_type_id") VALUES (15, NULL, 9, 1, 1, 2);
INSERT INTO "public"."tb_property_rel"("id", "target_id", "property_id", "target_type", "part_type", "bridge_type_id") VALUES (16, NULL, 10, 1, 1, 2);
INSERT INTO "public"."tb_property_rel"("id", "target_id", "property_id", "target_type", "part_type", "bridge_type_id") VALUES (17, NULL, 11, 1, 1, 2);
INSERT INTO "public"."tb_property_rel"("id", "target_id", "property_id", "target_type", "part_type", "bridge_type_id") VALUES (18, NULL, 12, 1, 1, 2);
INSERT INTO "public"."tb_property_rel"("id", "target_id", "property_id", "target_type", "part_type", "bridge_type_id") VALUES (19, NULL, 1, 1, 1, 3);
INSERT INTO "public"."tb_property_rel"("id", "target_id", "property_id", "target_type", "part_type", "bridge_type_id") VALUES (20, NULL, 2, 1, 1, 3);
INSERT INTO "public"."tb_property_rel"("id", "target_id", "property_id", "target_type", "part_type", "bridge_type_id") VALUES (21, NULL, 3, 1, 1, 3);
INSERT INTO "public"."tb_property_rel"("id", "target_id", "property_id", "target_type", "part_type", "bridge_type_id") VALUES (22, NULL, 7, 1, 1, 3);
INSERT INTO "public"."tb_property_rel"("id", "target_id", "property_id", "target_type", "part_type", "bridge_type_id") VALUES (23, NULL, 8, 1, 1, 3);
INSERT INTO "public"."tb_property_rel"("id", "target_id", "property_id", "target_type", "part_type", "bridge_type_id") VALUES (24, NULL, 9, 1, 1, 3);
INSERT INTO "public"."tb_property_rel"("id", "target_id", "property_id", "target_type", "part_type", "bridge_type_id") VALUES (25, NULL, 10, 1, 1, 3);
INSERT INTO "public"."tb_property_rel"("id", "target_id", "property_id", "target_type", "part_type", "bridge_type_id") VALUES (26, NULL, 11, 1, 1, 3);
INSERT INTO "public"."tb_property_rel"("id", "target_id", "property_id", "target_type", "part_type", "bridge_type_id") VALUES (27, NULL, 12, 1, 1, 3);
INSERT INTO "public"."tb_property_rel"("id", "target_id", "property_id", "target_type", "part_type", "bridge_type_id") VALUES (28, NULL, 1, 1, 1, 4);
INSERT INTO "public"."tb_property_rel"("id", "target_id", "property_id", "target_type", "part_type", "bridge_type_id") VALUES (29, NULL, 2, 1, 1, 4);
INSERT INTO "public"."tb_property_rel"("id", "target_id", "property_id", "target_type", "part_type", "bridge_type_id") VALUES (30, NULL, 3, 1, 1, 4);
INSERT INTO "public"."tb_property_rel"("id", "target_id", "property_id", "target_type", "part_type", "bridge_type_id") VALUES (31, NULL, 7, 1, 1, 4);
INSERT INTO "public"."tb_property_rel"("id", "target_id", "property_id", "target_type", "part_type", "bridge_type_id") VALUES (32, NULL, 8, 1, 1, 4);
INSERT INTO "public"."tb_property_rel"("id", "target_id", "property_id", "target_type", "part_type", "bridge_type_id") VALUES (33, NULL, 9, 1, 1, 4);
INSERT INTO "public"."tb_property_rel"("id", "target_id", "property_id", "target_type", "part_type", "bridge_type_id") VALUES (34, NULL, 10, 1, 1, 4);
INSERT INTO "public"."tb_property_rel"("id", "target_id", "property_id", "target_type", "part_type", "bridge_type_id") VALUES (35, NULL, 11, 1, 1, 4);
INSERT INTO "public"."tb_property_rel"("id", "target_id", "property_id", "target_type", "part_type", "bridge_type_id") VALUES (36, NULL, 12, 1, 1, 4);
INSERT INTO "public"."tb_property_rel"("id", "target_id", "property_id", "target_type", "part_type", "bridge_type_id") VALUES (37, NULL, 1, 1, 1, 5);
INSERT INTO "public"."tb_property_rel"("id", "target_id", "property_id", "target_type", "part_type", "bridge_type_id") VALUES (38, NULL, 2, 1, 1, 5);
INSERT INTO "public"."tb_property_rel"("id", "target_id", "property_id", "target_type", "part_type", "bridge_type_id") VALUES (39, NULL, 3, 1, 1, 5);
INSERT INTO "public"."tb_property_rel"("id", "target_id", "property_id", "target_type", "part_type", "bridge_type_id") VALUES (40, NULL, 7, 1, 1, 5);
INSERT INTO "public"."tb_property_rel"("id", "target_id", "property_id", "target_type", "part_type", "bridge_type_id") VALUES (41, NULL, 8, 1, 1, 5);
INSERT INTO "public"."tb_property_rel"("id", "target_id", "property_id", "target_type", "part_type", "bridge_type_id") VALUES (42, NULL, 9, 1, 1, 5);
INSERT INTO "public"."tb_property_rel"("id", "target_id", "property_id", "target_type", "part_type", "bridge_type_id") VALUES (43, NULL, 10, 1, 1, 5);
INSERT INTO "public"."tb_property_rel"("id", "target_id", "property_id", "target_type", "part_type", "bridge_type_id") VALUES (44, NULL, 11, 1, 1, 5);
INSERT INTO "public"."tb_property_rel"("id", "target_id", "property_id", "target_type", "part_type", "bridge_type_id") VALUES (45, NULL, 12, 1, 1, 5);
INSERT INTO "public"."tb_property_rel"("id", "target_id", "property_id", "target_type", "part_type", "bridge_type_id") VALUES (46, NULL, 1, 1, 1, 6);
INSERT INTO "public"."tb_property_rel"("id", "target_id", "property_id", "target_type", "part_type", "bridge_type_id") VALUES (47, NULL, 2, 1, 1, 6);
INSERT INTO "public"."tb_property_rel"("id", "target_id", "property_id", "target_type", "part_type", "bridge_type_id") VALUES (48, NULL, 3, 1, 1, 6);
INSERT INTO "public"."tb_property_rel"("id", "target_id", "property_id", "target_type", "part_type", "bridge_type_id") VALUES (49, NULL, 7, 1, 1, 6);
INSERT INTO "public"."tb_property_rel"("id", "target_id", "property_id", "target_type", "part_type", "bridge_type_id") VALUES (50, NULL, 8, 1, 1, 6);
INSERT INTO "public"."tb_property_rel"("id", "target_id", "property_id", "target_type", "part_type", "bridge_type_id") VALUES (51, NULL, 9, 1, 1, 6);
INSERT INTO "public"."tb_property_rel"("id", "target_id", "property_id", "target_type", "part_type", "bridge_type_id") VALUES (52, NULL, 10, 1, 1, 6);
INSERT INTO "public"."tb_property_rel"("id", "target_id", "property_id", "target_type", "part_type", "bridge_type_id") VALUES (53, NULL, 11, 1, 1, 6);
INSERT INTO "public"."tb_property_rel"("id", "target_id", "property_id", "target_type", "part_type", "bridge_type_id") VALUES (54, NULL, 12, 1, 1, 6);
INSERT INTO "public"."tb_property_rel"("id", "target_id", "property_id", "target_type", "part_type", "bridge_type_id") VALUES (55, NULL, 1, 1, 1, 7);
INSERT INTO "public"."tb_property_rel"("id", "target_id", "property_id", "target_type", "part_type", "bridge_type_id") VALUES (56, NULL, 4, 1, 1, 7);
INSERT INTO "public"."tb_property_rel"("id", "target_id", "property_id", "target_type", "part_type", "bridge_type_id") VALUES (57, NULL, 9, 1, 1, 7);
INSERT INTO "public"."tb_property_rel"("id", "target_id", "property_id", "target_type", "part_type", "bridge_type_id") VALUES (58, NULL, 10, 1, 1, 7);
INSERT INTO "public"."tb_property_rel"("id", "target_id", "property_id", "target_type", "part_type", "bridge_type_id") VALUES (59, NULL, 11, 1, 1, 7);
INSERT INTO "public"."tb_property_rel"("id", "target_id", "property_id", "target_type", "part_type", "bridge_type_id") VALUES (60, NULL, 12, 1, 1, 7);
INSERT INTO "public"."tb_property_rel"("id", "target_id", "property_id", "target_type", "part_type", "bridge_type_id") VALUES (61, NULL, 13, 1, 1, 7);
INSERT INTO "public"."tb_property_rel"("id", "target_id", "property_id", "target_type", "part_type", "bridge_type_id") VALUES (62, NULL, 14, 1, 1, 7);
INSERT INTO "public"."tb_property_rel"("id", "target_id", "property_id", "target_type", "part_type", "bridge_type_id") VALUES (63, NULL, 15, 1, 1, 7);
INSERT INTO "public"."tb_property_rel"("id", "target_id", "property_id", "target_type", "part_type", "bridge_type_id") VALUES (64, NULL, 16, 1, 1, 7);
INSERT INTO "public"."tb_property_rel"("id", "target_id", "property_id", "target_type", "part_type", "bridge_type_id") VALUES (65, NULL, 17, 1, 1, 7);
INSERT INTO "public"."tb_property_rel"("id", "target_id", "property_id", "target_type", "part_type", "bridge_type_id") VALUES (66, NULL, 1, 1, 1, 8);
INSERT INTO "public"."tb_property_rel"("id", "target_id", "property_id", "target_type", "part_type", "bridge_type_id") VALUES (67, NULL, 4, 1, 1, 8);
INSERT INTO "public"."tb_property_rel"("id", "target_id", "property_id", "target_type", "part_type", "bridge_type_id") VALUES (68, NULL, 9, 1, 1, 8);
INSERT INTO "public"."tb_property_rel"("id", "target_id", "property_id", "target_type", "part_type", "bridge_type_id") VALUES (69, NULL, 10, 1, 1, 8);
INSERT INTO "public"."tb_property_rel"("id", "target_id", "property_id", "target_type", "part_type", "bridge_type_id") VALUES (70, NULL, 11, 1, 1, 8);
INSERT INTO "public"."tb_property_rel"("id", "target_id", "property_id", "target_type", "part_type", "bridge_type_id") VALUES (71, NULL, 12, 1, 1, 8);
INSERT INTO "public"."tb_property_rel"("id", "target_id", "property_id", "target_type", "part_type", "bridge_type_id") VALUES (72, NULL, 13, 1, 1, 8);
INSERT INTO "public"."tb_property_rel"("id", "target_id", "property_id", "target_type", "part_type", "bridge_type_id") VALUES (73, NULL, 14, 1, 1, 8);
INSERT INTO "public"."tb_property_rel"("id", "target_id", "property_id", "target_type", "part_type", "bridge_type_id") VALUES (74, NULL, 15, 1, 1, 8);
INSERT INTO "public"."tb_property_rel"("id", "target_id", "property_id", "target_type", "part_type", "bridge_type_id") VALUES (75, NULL, 16, 1, 1, 8);
INSERT INTO "public"."tb_property_rel"("id", "target_id", "property_id", "target_type", "part_type", "bridge_type_id") VALUES (76, NULL, 17, 1, 1, 8);
INSERT INTO "public"."tb_property_rel"("id", "target_id", "property_id", "target_type", "part_type", "bridge_type_id") VALUES (77, NULL, 18, 1, 2, 1);
INSERT INTO "public"."tb_property_rel"("id", "target_id", "property_id", "target_type", "part_type", "bridge_type_id") VALUES (78, NULL, 19, 1, 2, 1);
INSERT INTO "public"."tb_property_rel"("id", "target_id", "property_id", "target_type", "part_type", "bridge_type_id") VALUES (79, NULL, 18, 1, 2, 3);
INSERT INTO "public"."tb_property_rel"("id", "target_id", "property_id", "target_type", "part_type", "bridge_type_id") VALUES (80, NULL, 19, 1, 2, 3);
INSERT INTO "public"."tb_property_rel"("id", "target_id", "property_id", "target_type", "part_type", "bridge_type_id") VALUES (81, NULL, 20, 1, 2, 2);
INSERT INTO "public"."tb_property_rel"("id", "target_id", "property_id", "target_type", "part_type", "bridge_type_id") VALUES (82, NULL, 21, 1, 2, 2);
INSERT INTO "public"."tb_property_rel"("id", "target_id", "property_id", "target_type", "part_type", "bridge_type_id") VALUES (83, NULL, 22, 1, 2, 2);
INSERT INTO "public"."tb_property_rel"("id", "target_id", "property_id", "target_type", "part_type", "bridge_type_id") VALUES (84, NULL, 23, 1, 2, 4);
INSERT INTO "public"."tb_property_rel"("id", "target_id", "property_id", "target_type", "part_type", "bridge_type_id") VALUES (85, NULL, 24, 1, 2, 4);
INSERT INTO "public"."tb_property_rel"("id", "target_id", "property_id", "target_type", "part_type", "bridge_type_id") VALUES (86, NULL, 25, 1, 2, 4);
INSERT INTO "public"."tb_property_rel"("id", "target_id", "property_id", "target_type", "part_type", "bridge_type_id") VALUES (87, NULL, 26, 1, 2, 4);
INSERT INTO "public"."tb_property_rel"("id", "target_id", "property_id", "target_type", "part_type", "bridge_type_id") VALUES (88, NULL, 27, 1, 2, 4);
INSERT INTO "public"."tb_property_rel"("id", "target_id", "property_id", "target_type", "part_type", "bridge_type_id") VALUES (89, NULL, 28, 1, 2, 5);
INSERT INTO "public"."tb_property_rel"("id", "target_id", "property_id", "target_type", "part_type", "bridge_type_id") VALUES (90, NULL, 29, 1, 2, 5);
INSERT INTO "public"."tb_property_rel"("id", "target_id", "property_id", "target_type", "part_type", "bridge_type_id") VALUES (91, NULL, 28, 1, 2, 6);
INSERT INTO "public"."tb_property_rel"("id", "target_id", "property_id", "target_type", "part_type", "bridge_type_id") VALUES (92, NULL, 29, 1, 2, 6);
INSERT INTO "public"."tb_property_rel"("id", "target_id", "property_id", "target_type", "part_type", "bridge_type_id") VALUES (93, NULL, 30, 1, 2, 6);
INSERT INTO "public"."tb_property_rel"("id", "target_id", "property_id", "target_type", "part_type", "bridge_type_id") VALUES (94, NULL, 19, 1, 2, 7);
INSERT INTO "public"."tb_property_rel"("id", "target_id", "property_id", "target_type", "part_type", "bridge_type_id") VALUES (95, NULL, 29, 1, 2, 7);
INSERT INTO "public"."tb_property_rel"("id", "target_id", "property_id", "target_type", "part_type", "bridge_type_id") VALUES (96, NULL, 31, 1, 2, 7);
INSERT INTO "public"."tb_property_rel"("id", "target_id", "property_id", "target_type", "part_type", "bridge_type_id") VALUES (97, NULL, 23, 1, 2, 8);
INSERT INTO "public"."tb_property_rel"("id", "target_id", "property_id", "target_type", "part_type", "bridge_type_id") VALUES (98, NULL, 24, 1, 2, 8);
INSERT INTO "public"."tb_property_rel"("id", "target_id", "property_id", "target_type", "part_type", "bridge_type_id") VALUES (99, NULL, 25, 1, 2, 8);
INSERT INTO "public"."tb_property_rel"("id", "target_id", "property_id", "target_type", "part_type", "bridge_type_id") VALUES (100, NULL, 26, 1, 2, 8);
INSERT INTO "public"."tb_property_rel"("id", "target_id", "property_id", "target_type", "part_type", "bridge_type_id") VALUES (101, NULL, 27, 1, 2, 8);
INSERT INTO "public"."tb_property_rel"("id", "target_id", "property_id", "target_type", "part_type", "bridge_type_id") VALUES (102, NULL, 31, 1, 2, 8);
INSERT INTO "public"."tb_property_rel"("id", "target_id", "property_id", "target_type", "part_type", "bridge_type_id") VALUES (103, NULL, 32, 1, 3, 1);
INSERT INTO "public"."tb_property_rel"("id", "target_id", "property_id", "target_type", "part_type", "bridge_type_id") VALUES (104, NULL, 33, 1, 3, 1);
INSERT INTO "public"."tb_property_rel"("id", "target_id", "property_id", "target_type", "part_type", "bridge_type_id") VALUES (105, NULL, 32, 1, 3, 2);
INSERT INTO "public"."tb_property_rel"("id", "target_id", "property_id", "target_type", "part_type", "bridge_type_id") VALUES (106, NULL, 33, 1, 3, 2);
INSERT INTO "public"."tb_property_rel"("id", "target_id", "property_id", "target_type", "part_type", "bridge_type_id") VALUES (107, NULL, 32, 1, 3, 3);
INSERT INTO "public"."tb_property_rel"("id", "target_id", "property_id", "target_type", "part_type", "bridge_type_id") VALUES (108, NULL, 33, 1, 3, 3);
INSERT INTO "public"."tb_property_rel"("id", "target_id", "property_id", "target_type", "part_type", "bridge_type_id") VALUES (109, NULL, 32, 1, 3, 4);
INSERT INTO "public"."tb_property_rel"("id", "target_id", "property_id", "target_type", "part_type", "bridge_type_id") VALUES (110, NULL, 33, 1, 3, 4);
INSERT INTO "public"."tb_property_rel"("id", "target_id", "property_id", "target_type", "part_type", "bridge_type_id") VALUES (111, NULL, 32, 1, 3, 5);
INSERT INTO "public"."tb_property_rel"("id", "target_id", "property_id", "target_type", "part_type", "bridge_type_id") VALUES (112, NULL, 34, 1, 3, 5);
INSERT INTO "public"."tb_property_rel"("id", "target_id", "property_id", "target_type", "part_type", "bridge_type_id") VALUES (113, NULL, 32, 1, 3, 6);
INSERT INTO "public"."tb_property_rel"("id", "target_id", "property_id", "target_type", "part_type", "bridge_type_id") VALUES (114, NULL, 34, 1, 3, 6);
INSERT INTO "public"."tb_property_rel"("id", "target_id", "property_id", "target_type", "part_type", "bridge_type_id") VALUES (115, NULL, 31, 1, 3, 7);
INSERT INTO "public"."tb_property_rel"("id", "target_id", "property_id", "target_type", "part_type", "bridge_type_id") VALUES (116, NULL, 32, 1, 3, 7);
INSERT INTO "public"."tb_property_rel"("id", "target_id", "property_id", "target_type", "part_type", "bridge_type_id") VALUES (117, NULL, 33, 1, 3, 7);
INSERT INTO "public"."tb_property_rel"("id", "target_id", "property_id", "target_type", "part_type", "bridge_type_id") VALUES (118, NULL, 31, 1, 3, 8);
INSERT INTO "public"."tb_property_rel"("id", "target_id", "property_id", "target_type", "part_type", "bridge_type_id") VALUES (119, NULL, 32, 1, 3, 8);
INSERT INTO "public"."tb_property_rel"("id", "target_id", "property_id", "target_type", "part_type", "bridge_type_id") VALUES (120, NULL, 33, 1, 3, 8);
INSERT INTO "public"."tb_property_rel"("id", "target_id", "property_id", "target_type", "part_type", "bridge_type_id") VALUES (121, 45, 35, 2, 2, 1);
INSERT INTO "public"."tb_property_rel"("id", "target_id", "property_id", "target_type", "part_type", "bridge_type_id") VALUES (122, 45, 36, 2, 2, 1);
INSERT INTO "public"."tb_property_rel"("id", "target_id", "property_id", "target_type", "part_type", "bridge_type_id") VALUES (123, 45, 37, 2, 2, 1);
INSERT INTO "public"."tb_property_rel"("id", "target_id", "property_id", "target_type", "part_type", "bridge_type_id") VALUES (124, 46, 38, 2, 2, 1);
INSERT INTO "public"."tb_property_rel"("id", "target_id", "property_id", "target_type", "part_type", "bridge_type_id") VALUES (125, 46, 39, 2, 2, 1);
INSERT INTO "public"."tb_property_rel"("id", "target_id", "property_id", "target_type", "part_type", "bridge_type_id") VALUES (126, 47, 40, 2, 2, 2);
INSERT INTO "public"."tb_property_rel"("id", "target_id", "property_id", "target_type", "part_type", "bridge_type_id") VALUES (127, 47, 36, 2, 2, 2);
INSERT INTO "public"."tb_property_rel"("id", "target_id", "property_id", "target_type", "part_type", "bridge_type_id") VALUES (128, 47, 35, 2, 2, 2);
INSERT INTO "public"."tb_property_rel"("id", "target_id", "property_id", "target_type", "part_type", "bridge_type_id") VALUES (129, 47, 37, 2, 2, 2);
INSERT INTO "public"."tb_property_rel"("id", "target_id", "property_id", "target_type", "part_type", "bridge_type_id") VALUES (130, 48, 41, 2, 2, 2);
INSERT INTO "public"."tb_property_rel"("id", "target_id", "property_id", "target_type", "part_type", "bridge_type_id") VALUES (131, 48, 36, 2, 2, 2);
INSERT INTO "public"."tb_property_rel"("id", "target_id", "property_id", "target_type", "part_type", "bridge_type_id") VALUES (132, 48, 35, 2, 2, 2);
INSERT INTO "public"."tb_property_rel"("id", "target_id", "property_id", "target_type", "part_type", "bridge_type_id") VALUES (133, 48, 37, 2, 2, 2);
INSERT INTO "public"."tb_property_rel"("id", "target_id", "property_id", "target_type", "part_type", "bridge_type_id") VALUES (134, 51, 35, 2, 2, 3);
INSERT INTO "public"."tb_property_rel"("id", "target_id", "property_id", "target_type", "part_type", "bridge_type_id") VALUES (135, 51, 36, 2, 2, 3);
INSERT INTO "public"."tb_property_rel"("id", "target_id", "property_id", "target_type", "part_type", "bridge_type_id") VALUES (136, 51, 37, 2, 2, 3);
INSERT INTO "public"."tb_property_rel"("id", "target_id", "property_id", "target_type", "part_type", "bridge_type_id") VALUES (137, 52, 38, 2, 2, 3);
INSERT INTO "public"."tb_property_rel"("id", "target_id", "property_id", "target_type", "part_type", "bridge_type_id") VALUES (138, 52, 39, 2, 2, 3);
INSERT INTO "public"."tb_property_rel"("id", "target_id", "property_id", "target_type", "part_type", "bridge_type_id") VALUES (139, 63, 35, 2, 2, 7);
INSERT INTO "public"."tb_property_rel"("id", "target_id", "property_id", "target_type", "part_type", "bridge_type_id") VALUES (140, 63, 36, 2, 2, 7);
INSERT INTO "public"."tb_property_rel"("id", "target_id", "property_id", "target_type", "part_type", "bridge_type_id") VALUES (141, 63, 37, 2, 2, 7);
INSERT INTO "public"."tb_property_rel"("id", "target_id", "property_id", "target_type", "part_type", "bridge_type_id") VALUES (142, 64, 38, 2, 2, 7);
INSERT INTO "public"."tb_property_rel"("id", "target_id", "property_id", "target_type", "part_type", "bridge_type_id") VALUES (143, 64, 39, 2, 2, 7);
INSERT INTO "public"."tb_property_rel"("id", "target_id", "property_id", "target_type", "part_type", "bridge_type_id") VALUES (144, 72, 42, 2, 3, 1);
INSERT INTO "public"."tb_property_rel"("id", "target_id", "property_id", "target_type", "part_type", "bridge_type_id") VALUES (145, 72, 43, 2, 3, 1);
INSERT INTO "public"."tb_property_rel"("id", "target_id", "property_id", "target_type", "part_type", "bridge_type_id") VALUES (146, 72, 44, 2, 3, 1);
INSERT INTO "public"."tb_property_rel"("id", "target_id", "property_id", "target_type", "part_type", "bridge_type_id") VALUES (147, 73, 49, 2, 3, 1);
INSERT INTO "public"."tb_property_rel"("id", "target_id", "property_id", "target_type", "part_type", "bridge_type_id") VALUES (148, 76, 48, 2, 3, 1);
INSERT INTO "public"."tb_property_rel"("id", "target_id", "property_id", "target_type", "part_type", "bridge_type_id") VALUES (149, 77, 45, 2, 3, 1);
INSERT INTO "public"."tb_property_rel"("id", "target_id", "property_id", "target_type", "part_type", "bridge_type_id") VALUES (150, 77, 46, 2, 3, 1);
INSERT INTO "public"."tb_property_rel"("id", "target_id", "property_id", "target_type", "part_type", "bridge_type_id") VALUES (151, 77, 47, 2, 3, 1);
INSERT INTO "public"."tb_property_rel"("id", "target_id", "property_id", "target_type", "part_type", "bridge_type_id") VALUES (152, 81, 42, 2, 3, 2);
INSERT INTO "public"."tb_property_rel"("id", "target_id", "property_id", "target_type", "part_type", "bridge_type_id") VALUES (153, 81, 43, 2, 3, 2);
INSERT INTO "public"."tb_property_rel"("id", "target_id", "property_id", "target_type", "part_type", "bridge_type_id") VALUES (154, 81, 44, 2, 3, 2);
INSERT INTO "public"."tb_property_rel"("id", "target_id", "property_id", "target_type", "part_type", "bridge_type_id") VALUES (155, 82, 49, 2, 3, 2);
INSERT INTO "public"."tb_property_rel"("id", "target_id", "property_id", "target_type", "part_type", "bridge_type_id") VALUES (156, 85, 48, 2, 3, 2);
INSERT INTO "public"."tb_property_rel"("id", "target_id", "property_id", "target_type", "part_type", "bridge_type_id") VALUES (157, 86, 45, 2, 3, 2);
INSERT INTO "public"."tb_property_rel"("id", "target_id", "property_id", "target_type", "part_type", "bridge_type_id") VALUES (158, 86, 46, 2, 3, 2);
INSERT INTO "public"."tb_property_rel"("id", "target_id", "property_id", "target_type", "part_type", "bridge_type_id") VALUES (159, 86, 47, 2, 3, 2);
INSERT INTO "public"."tb_property_rel"("id", "target_id", "property_id", "target_type", "part_type", "bridge_type_id") VALUES (160, 90, 42, 2, 3, 3);
INSERT INTO "public"."tb_property_rel"("id", "target_id", "property_id", "target_type", "part_type", "bridge_type_id") VALUES (161, 90, 43, 2, 3, 3);
INSERT INTO "public"."tb_property_rel"("id", "target_id", "property_id", "target_type", "part_type", "bridge_type_id") VALUES (162, 90, 44, 2, 3, 3);
INSERT INTO "public"."tb_property_rel"("id", "target_id", "property_id", "target_type", "part_type", "bridge_type_id") VALUES (163, 91, 49, 2, 3, 3);
INSERT INTO "public"."tb_property_rel"("id", "target_id", "property_id", "target_type", "part_type", "bridge_type_id") VALUES (164, 94, 48, 2, 3, 3);
INSERT INTO "public"."tb_property_rel"("id", "target_id", "property_id", "target_type", "part_type", "bridge_type_id") VALUES (165, 95, 45, 2, 3, 3);
INSERT INTO "public"."tb_property_rel"("id", "target_id", "property_id", "target_type", "part_type", "bridge_type_id") VALUES (166, 95, 46, 2, 3, 3);
INSERT INTO "public"."tb_property_rel"("id", "target_id", "property_id", "target_type", "part_type", "bridge_type_id") VALUES (167, 95, 47, 2, 3, 3);
INSERT INTO "public"."tb_property_rel"("id", "target_id", "property_id", "target_type", "part_type", "bridge_type_id") VALUES (168, 99, 42, 2, 3, 4);
INSERT INTO "public"."tb_property_rel"("id", "target_id", "property_id", "target_type", "part_type", "bridge_type_id") VALUES (169, 99, 43, 2, 3, 4);
INSERT INTO "public"."tb_property_rel"("id", "target_id", "property_id", "target_type", "part_type", "bridge_type_id") VALUES (170, 99, 44, 2, 3, 4);
INSERT INTO "public"."tb_property_rel"("id", "target_id", "property_id", "target_type", "part_type", "bridge_type_id") VALUES (171, 100, 49, 2, 3, 4);
INSERT INTO "public"."tb_property_rel"("id", "target_id", "property_id", "target_type", "part_type", "bridge_type_id") VALUES (172, 103, 48, 2, 3, 4);
INSERT INTO "public"."tb_property_rel"("id", "target_id", "property_id", "target_type", "part_type", "bridge_type_id") VALUES (173, 104, 45, 2, 3, 4);
INSERT INTO "public"."tb_property_rel"("id", "target_id", "property_id", "target_type", "part_type", "bridge_type_id") VALUES (174, 104, 46, 2, 3, 4);
INSERT INTO "public"."tb_property_rel"("id", "target_id", "property_id", "target_type", "part_type", "bridge_type_id") VALUES (175, 104, 47, 2, 3, 4);
INSERT INTO "public"."tb_property_rel"("id", "target_id", "property_id", "target_type", "part_type", "bridge_type_id") VALUES (176, 108, 42, 2, 3, 5);
INSERT INTO "public"."tb_property_rel"("id", "target_id", "property_id", "target_type", "part_type", "bridge_type_id") VALUES (177, 108, 43, 2, 3, 5);
INSERT INTO "public"."tb_property_rel"("id", "target_id", "property_id", "target_type", "part_type", "bridge_type_id") VALUES (178, 108, 44, 2, 3, 5);
INSERT INTO "public"."tb_property_rel"("id", "target_id", "property_id", "target_type", "part_type", "bridge_type_id") VALUES (179, 109, 49, 2, 3, 5);
INSERT INTO "public"."tb_property_rel"("id", "target_id", "property_id", "target_type", "part_type", "bridge_type_id") VALUES (180, 112, 48, 2, 3, 5);
INSERT INTO "public"."tb_property_rel"("id", "target_id", "property_id", "target_type", "part_type", "bridge_type_id") VALUES (181, 113, 45, 2, 3, 5);
INSERT INTO "public"."tb_property_rel"("id", "target_id", "property_id", "target_type", "part_type", "bridge_type_id") VALUES (182, 113, 46, 2, 3, 5);
INSERT INTO "public"."tb_property_rel"("id", "target_id", "property_id", "target_type", "part_type", "bridge_type_id") VALUES (183, 113, 47, 2, 3, 5);
INSERT INTO "public"."tb_property_rel"("id", "target_id", "property_id", "target_type", "part_type", "bridge_type_id") VALUES (184, 117, 42, 2, 3, 6);
INSERT INTO "public"."tb_property_rel"("id", "target_id", "property_id", "target_type", "part_type", "bridge_type_id") VALUES (185, 117, 43, 2, 3, 6);
INSERT INTO "public"."tb_property_rel"("id", "target_id", "property_id", "target_type", "part_type", "bridge_type_id") VALUES (186, 117, 44, 2, 3, 6);
INSERT INTO "public"."tb_property_rel"("id", "target_id", "property_id", "target_type", "part_type", "bridge_type_id") VALUES (187, 118, 49, 2, 3, 6);
INSERT INTO "public"."tb_property_rel"("id", "target_id", "property_id", "target_type", "part_type", "bridge_type_id") VALUES (188, 121, 48, 2, 3, 6);
INSERT INTO "public"."tb_property_rel"("id", "target_id", "property_id", "target_type", "part_type", "bridge_type_id") VALUES (189, 122, 45, 2, 3, 6);
INSERT INTO "public"."tb_property_rel"("id", "target_id", "property_id", "target_type", "part_type", "bridge_type_id") VALUES (190, 122, 46, 2, 3, 6);
INSERT INTO "public"."tb_property_rel"("id", "target_id", "property_id", "target_type", "part_type", "bridge_type_id") VALUES (191, 122, 47, 2, 3, 6);
INSERT INTO "public"."tb_property_rel"("id", "target_id", "property_id", "target_type", "part_type", "bridge_type_id") VALUES (192, 126, 42, 2, 3, 7);
INSERT INTO "public"."tb_property_rel"("id", "target_id", "property_id", "target_type", "part_type", "bridge_type_id") VALUES (193, 126, 43, 2, 3, 7);
INSERT INTO "public"."tb_property_rel"("id", "target_id", "property_id", "target_type", "part_type", "bridge_type_id") VALUES (194, 126, 44, 2, 3, 7);
INSERT INTO "public"."tb_property_rel"("id", "target_id", "property_id", "target_type", "part_type", "bridge_type_id") VALUES (195, 127, 49, 2, 3, 7);
INSERT INTO "public"."tb_property_rel"("id", "target_id", "property_id", "target_type", "part_type", "bridge_type_id") VALUES (196, 131, 48, 2, 3, 7);
INSERT INTO "public"."tb_property_rel"("id", "target_id", "property_id", "target_type", "part_type", "bridge_type_id") VALUES (197, 132, 45, 2, 3, 7);
INSERT INTO "public"."tb_property_rel"("id", "target_id", "property_id", "target_type", "part_type", "bridge_type_id") VALUES (198, 132, 46, 2, 3, 7);
INSERT INTO "public"."tb_property_rel"("id", "target_id", "property_id", "target_type", "part_type", "bridge_type_id") VALUES (199, 132, 47, 2, 3, 7);
INSERT INTO "public"."tb_property_rel"("id", "target_id", "property_id", "target_type", "part_type", "bridge_type_id") VALUES (200, 135, 42, 2, 3, 8);
INSERT INTO "public"."tb_property_rel"("id", "target_id", "property_id", "target_type", "part_type", "bridge_type_id") VALUES (201, 135, 43, 2, 3, 8);
INSERT INTO "public"."tb_property_rel"("id", "target_id", "property_id", "target_type", "part_type", "bridge_type_id") VALUES (202, 135, 44, 2, 3, 8);
INSERT INTO "public"."tb_property_rel"("id", "target_id", "property_id", "target_type", "part_type", "bridge_type_id") VALUES (203, 136, 49, 2, 3, 8);
INSERT INTO "public"."tb_property_rel"("id", "target_id", "property_id", "target_type", "part_type", "bridge_type_id") VALUES (204, 140, 48, 2, 3, 8);
INSERT INTO "public"."tb_property_rel"("id", "target_id", "property_id", "target_type", "part_type", "bridge_type_id") VALUES (205, 141, 45, 2, 3, 8);
INSERT INTO "public"."tb_property_rel"("id", "target_id", "property_id", "target_type", "part_type", "bridge_type_id") VALUES (206, 141, 46, 2, 3, 8);
INSERT INTO "public"."tb_property_rel"("id", "target_id", "property_id", "target_type", "part_type", "bridge_type_id") VALUES (207, 141, 47, 2, 3, 8);
SELECT setval('tb_property_rel_id_seq',(SELECT MAX(id) FROM tb_property_rel));


INSERT INTO "public"."tb_property"("id", "name", "english_name", "unit", "type") VALUES (1, '桥梁走向', 'direction', NULL, 3);
INSERT INTO "public"."tb_property"("id", "name", "english_name", "unit", "type") VALUES (2, '倾斜角度', 'tilt_angle', '°', 1);
INSERT INTO "public"."tb_property"("id", "name", "english_name", "unit", "type") VALUES (3, '人行道', 'sidewalk', NULL, 2);
INSERT INTO "public"."tb_property"("id", "name", "english_name", "unit", "type") VALUES (4, '人行道宽', 'sidewalk_width', 'm', 1);
INSERT INTO "public"."tb_property"("id", "name", "english_name", "unit", "type") VALUES (5, '人行道宽(左)', 'left_sidewalk_width', 'm', 1);
INSERT INTO "public"."tb_property"("id", "name", "english_name", "unit", "type") VALUES (6, '人行道宽(右)', 'right_sidewalk_width', 'm', 1);
INSERT INTO "public"."tb_property"("id", "name", "english_name", "unit", "type") VALUES (7, '行车道宽', 'lane_width', 'm', 1);
INSERT INTO "public"."tb_property"("id", "name", "english_name", "unit", "type") VALUES (8, '中间隔离栏', 'midle_barrier_width', 'm', 1);
INSERT INTO "public"."tb_property"("id", "name", "english_name", "unit", "type") VALUES (9, '护栏(左)', 'left_rail_width', 'm', 1);
INSERT INTO "public"."tb_property"("id", "name", "english_name", "unit", "type") VALUES (10, '护栏(右)', 'right_rail_width', 'm', 1);
INSERT INTO "public"."tb_property"("id", "name", "english_name", "unit", "type") VALUES (11, '伸缩缝', 'expansion_joint', 'm', 2);
INSERT INTO "public"."tb_property"("id", "name", "english_name", "unit", "type") VALUES (12, '桥头搭板长', 'bridge_head_board_length', 'm', 1);
INSERT INTO "public"."tb_property"("id", "name", "english_name", "unit", "type") VALUES (13, '梯道', 'stairway', NULL, 4);
INSERT INTO "public"."tb_property"("id", "name", "english_name", "unit", "type") VALUES (14, '梯道长(投影)', 'stairway_shadow_length', 'm', 1);
INSERT INTO "public"."tb_property"("id", "name", "english_name", "unit", "type") VALUES (15, '梯道长', 'stairway_length', 'm', 1);
INSERT INTO "public"."tb_property"("id", "name", "english_name", "unit", "type") VALUES (16, '梯道宽', 'stairway_width', 'm', 1);
INSERT INTO "public"."tb_property"("id", "name", "english_name", "unit", "type") VALUES (17, '梯台数', 'stairway_number', '个', 1);
INSERT INTO "public"."tb_property"("id", "name", "english_name", "unit", "type") VALUES (18, '梁类型', 'beam_type', NULL, 3);
INSERT INTO "public"."tb_property"("id", "name", "english_name", "unit", "type") VALUES (19, '梁数量', 'beam_number', NULL, 1);
INSERT INTO "public"."tb_property"("id", "name", "english_name", "unit", "type") VALUES (20, '挂梁数', 'hanging_beam', NULL, 1);
INSERT INTO "public"."tb_property"("id", "name", "english_name", "unit", "type") VALUES (21, '挂梁支座数', 'hanging_beam_support', NULL, 1);
INSERT INTO "public"."tb_property"("id", "name", "english_name", "unit", "type") VALUES (22, '防落梁装置', 'anti_falling_beam', NULL, 1);
INSERT INTO "public"."tb_property"("id", "name", "english_name", "unit", "type") VALUES (23, '桁片数', 'truss', NULL, 1);
INSERT INTO "public"."tb_property"("id", "name", "english_name", "unit", "type") VALUES (24, '主节点数', 'primary_node', NULL, 1);
INSERT INTO "public"."tb_property"("id", "name", "english_name", "unit", "type") VALUES (25, '纵梁数', 'stringer', NULL, 1);
INSERT INTO "public"."tb_property"("id", "name", "english_name", "unit", "type") VALUES (26, '横梁数', 'cross_beam', NULL, 1);
INSERT INTO "public"."tb_property"("id", "name", "english_name", "unit", "type") VALUES (27, '连接件数', 'connector', NULL, 1);
INSERT INTO "public"."tb_property"("id", "name", "english_name", "unit", "type") VALUES (28, '主拱圈数', 'arch_ring', NULL, 1);
INSERT INTO "public"."tb_property"("id", "name", "english_name", "unit", "type") VALUES (29, '横向联系数', 'horizonta_connection', NULL, 1);
INSERT INTO "public"."tb_property"("id", "name", "english_name", "unit", "type") VALUES (30, '拱上构造数', 'arch_structure', NULL, 1);
INSERT INTO "public"."tb_property"("id", "name", "english_name", "unit", "type") VALUES (31, '外部装饰板数', 'exterior_trim_panel', NULL, 1);
INSERT INTO "public"."tb_property"("id", "name", "english_name", "unit", "type") VALUES (32, '单排敦数', 'single_row_dun', NULL, 1);
INSERT INTO "public"."tb_property"("id", "name", "english_name", "unit", "type") VALUES (33, '单排支座数', 'single_row_support', NULL, 1);
INSERT INTO "public"."tb_property"("id", "name", "english_name", "unit", "type") VALUES (34, '拱脚数', 'arch_foot', NULL, 1);
INSERT INTO "public"."tb_property"("id", "name", "english_name", "unit", "type") VALUES (35, '腹板高度', 'web_plate_hight', 'm', 1);
INSERT INTO "public"."tb_property"("id", "name", "english_name", "unit", "type") VALUES (36, '翼板宽度', 'wing_plate_width', 'm', 1);
INSERT INTO "public"."tb_property"("id", "name", "english_name", "unit", "type") VALUES (37, '底板宽度', 'baseplate_width', 'm', 1);
INSERT INTO "public"."tb_property"("id", "name", "english_name", "unit", "type") VALUES (38, '横隔板高度', 'diaphragms_height', 'm', 1);
INSERT INTO "public"."tb_property"("id", "name", "english_name", "unit", "type") VALUES (39, '横隔板道数', 'diaphragms_number', 'm', 1);
INSERT INTO "public"."tb_property"("id", "name", "english_name", "unit", "type") VALUES (40, '悬臂长度', 'cantilever_lenght', 'm', 1);
INSERT INTO "public"."tb_property"("id", "name", "english_name", "unit", "type") VALUES (41, '挂梁长度', 'hanging_beam_length', 'm', 1);
INSERT INTO "public"."tb_property"("id", "name", "english_name", "unit", "type") VALUES (42, '盖梁高度', 'cap_beams_height', 'm', 1);
INSERT INTO "public"."tb_property"("id", "name", "english_name", "unit", "type") VALUES (43, '盖梁宽度', 'cap_beams_width', 'm', 1);
INSERT INTO "public"."tb_property"("id", "name", "english_name", "unit", "type") VALUES (44, '盖梁厚度', 'cap_beams_thick', 'm', 1);
INSERT INTO "public"."tb_property"("id", "name", "english_name", "unit", "type") VALUES (45, '台身高度', 'abutment_height', 'm', 1);
INSERT INTO "public"."tb_property"("id", "name", "english_name", "unit", "type") VALUES (46, '台身宽度', 'abutment_width', 'm', 1);
INSERT INTO "public"."tb_property"("id", "name", "english_name", "unit", "type") VALUES (47, '台身厚度', 'abutment_thick', 'm', 1);
INSERT INTO "public"."tb_property"("id", "name", "english_name", "unit", "type") VALUES (48, '台帽高度', 'abutment_cap_height', 'm', 1);
INSERT INTO "public"."tb_property"("id", "name", "english_name", "unit", "type") VALUES (49, '墩身形状', 'pier_shape', NULL, 2);
INSERT INTO "public"."tb_property"("id", "name", "english_name", "unit", "type") VALUES (50, '墩身高度', 'pier_height', 'm', 1);
INSERT INTO "public"."tb_property"("id", "name", "english_name", "unit", "type") VALUES (51, '墩身宽度', 'pier_width', 'm', 1);
INSERT INTO "public"."tb_property"("id", "name", "english_name", "unit", "type") VALUES (52, '墩身厚度', 'pier_thick', 'm', 1);
INSERT INTO "public"."tb_property"("id", "name", "english_name", "unit", "type") VALUES (53, '墩身半径', 'pier_radius', 'm', 1);
INSERT INTO "public"."tb_property"("id", "name", "english_name", "unit", "type") VALUES (55, '长', 'length', 'm', 1);
INSERT INTO "public"."tb_property"("id", "name", "english_name", "unit", "type") VALUES (56, '宽', 'width', 'm', 1);
INSERT INTO "public"."tb_property"("id", "name", "english_name", "unit", "type") VALUES (57, 'X坐标', 'x_axis', 'm', 1);
INSERT INTO "public"."tb_property"("id", "name", "english_name", "unit", "type") VALUES (58, 'Y坐标', 'y_axis', 'm', 1);
INSERT INTO "public"."tb_property"("id", "name", "english_name", "unit", "type") VALUES (59, '深度', 'depth', 'mm', 1);
INSERT INTO "public"."tb_property"("id", "name", "english_name", "unit", "type") VALUES (60, '缝长', 'seam_length', 'm', 1);
INSERT INTO "public"."tb_property"("id", "name", "english_name", "unit", "type") VALUES (61, '缝宽', 'seam_width', 'mm', 1);
INSERT INTO "public"."tb_property"("id", "name", "english_name", "unit", "type") VALUES (62, '角度', 'angle', '°', 1);
INSERT INTO "public"."tb_property"("id", "name", "english_name", "unit", "type") VALUES (63, '程度', 'degree', NULL, 3);
INSERT INTO "public"."tb_property"("id", "name", "english_name", "unit", "type") VALUES (64, '高差值', 'height_difference', 'mm', 1);
INSERT INTO "public"."tb_property"("id", "name", "english_name", "unit", "type") VALUES (65, '数量', 'number', '个', 1);
INSERT INTO "public"."tb_property"("id", "name", "english_name", "unit", "type") VALUES (66, '下挠值', 'deflection_value', 'mm', 1);
INSERT INTO "public"."tb_property"("id", "name", "english_name", "unit", "type") VALUES (67, '走向', 'trend', NULL, 3);
INSERT INTO "public"."tb_property"("id", "name", "english_name", "unit", "type") VALUES (68, '备注', 'remark', NULL, 1);
INSERT INTO "public"."tb_property"("id", "name", "english_name", "unit", "type") VALUES (69, '高差值', 'height_difference', 'cm', 1);
SELECT setval('tb_property_id_seq',(SELECT MAX(id) FROM tb_property));


INSERT INTO "public"."tb_option_property_rel"("id", "property_option_rel_id", "property_id") VALUES (1, 9, 5);
INSERT INTO "public"."tb_option_property_rel"("id", "property_option_rel_id", "property_id") VALUES (2, 9, 6);
INSERT INTO "public"."tb_option_property_rel"("id", "property_option_rel_id", "property_id") VALUES (3, 12, 5);
INSERT INTO "public"."tb_option_property_rel"("id", "property_option_rel_id", "property_id") VALUES (4, 12, 6);
INSERT INTO "public"."tb_option_property_rel"("id", "property_option_rel_id", "property_id") VALUES (5, 21, 5);
INSERT INTO "public"."tb_option_property_rel"("id", "property_option_rel_id", "property_id") VALUES (6, 21, 6);
INSERT INTO "public"."tb_option_property_rel"("id", "property_option_rel_id", "property_id") VALUES (7, 30, 5);
INSERT INTO "public"."tb_option_property_rel"("id", "property_option_rel_id", "property_id") VALUES (8, 30, 6);
INSERT INTO "public"."tb_option_property_rel"("id", "property_option_rel_id", "property_id") VALUES (9, 39, 5);
INSERT INTO "public"."tb_option_property_rel"("id", "property_option_rel_id", "property_id") VALUES (10, 39, 6);
INSERT INTO "public"."tb_option_property_rel"("id", "property_option_rel_id", "property_id") VALUES (11, 48, 5);
INSERT INTO "public"."tb_option_property_rel"("id", "property_option_rel_id", "property_id") VALUES (12, 48, 6);
INSERT INTO "public"."tb_option_property_rel"("id", "property_option_rel_id", "property_id") VALUES (13, 119, 50);
INSERT INTO "public"."tb_option_property_rel"("id", "property_option_rel_id", "property_id") VALUES (14, 119, 51);
INSERT INTO "public"."tb_option_property_rel"("id", "property_option_rel_id", "property_id") VALUES (15, 119, 52);
INSERT INTO "public"."tb_option_property_rel"("id", "property_option_rel_id", "property_id") VALUES (16, 120, 50);
INSERT INTO "public"."tb_option_property_rel"("id", "property_option_rel_id", "property_id") VALUES (17, 120, 53);
SELECT setval('tb_option_property_rel_id_seq',(SELECT MAX(id) FROM tb_option_property_rel));


INSERT INTO "public"."tb_property_option_rel"("id", "property_options_id", "property_rel_id", "property_id") VALUES (1, 3, 1, 1);
INSERT INTO "public"."tb_property_option_rel"("id", "property_options_id", "property_rel_id", "property_id") VALUES (2, 4, 1, 1);
INSERT INTO "public"."tb_property_option_rel"("id", "property_options_id", "property_rel_id", "property_id") VALUES (3, 5, 1, 1);
INSERT INTO "public"."tb_property_option_rel"("id", "property_options_id", "property_rel_id", "property_id") VALUES (4, 6, 1, 1);
INSERT INTO "public"."tb_property_option_rel"("id", "property_options_id", "property_rel_id", "property_id") VALUES (5, 7, 1, 1);
INSERT INTO "public"."tb_property_option_rel"("id", "property_options_id", "property_rel_id", "property_id") VALUES (6, 8, 1, 1);
INSERT INTO "public"."tb_property_option_rel"("id", "property_options_id", "property_rel_id", "property_id") VALUES (7, 9, 1, 1);
INSERT INTO "public"."tb_property_option_rel"("id", "property_options_id", "property_rel_id", "property_id") VALUES (8, 10, 1, 1);
INSERT INTO "public"."tb_property_option_rel"("id", "property_options_id", "property_rel_id", "property_id") VALUES (9, 1, 3, 3);
INSERT INTO "public"."tb_property_option_rel"("id", "property_options_id", "property_rel_id", "property_id") VALUES (10, 2, 3, 3);
INSERT INTO "public"."tb_property_option_rel"("id", "property_options_id", "property_rel_id", "property_id") VALUES (11, 1, 8, 11);
INSERT INTO "public"."tb_property_option_rel"("id", "property_options_id", "property_rel_id", "property_id") VALUES (12, 2, 8, 11);
INSERT INTO "public"."tb_property_option_rel"("id", "property_options_id", "property_rel_id", "property_id") VALUES (13, 3, 10, 1);
INSERT INTO "public"."tb_property_option_rel"("id", "property_options_id", "property_rel_id", "property_id") VALUES (14, 4, 10, 1);
INSERT INTO "public"."tb_property_option_rel"("id", "property_options_id", "property_rel_id", "property_id") VALUES (15, 5, 10, 1);
INSERT INTO "public"."tb_property_option_rel"("id", "property_options_id", "property_rel_id", "property_id") VALUES (16, 6, 10, 1);
INSERT INTO "public"."tb_property_option_rel"("id", "property_options_id", "property_rel_id", "property_id") VALUES (17, 7, 10, 1);
INSERT INTO "public"."tb_property_option_rel"("id", "property_options_id", "property_rel_id", "property_id") VALUES (18, 8, 10, 1);
INSERT INTO "public"."tb_property_option_rel"("id", "property_options_id", "property_rel_id", "property_id") VALUES (19, 9, 10, 1);
INSERT INTO "public"."tb_property_option_rel"("id", "property_options_id", "property_rel_id", "property_id") VALUES (20, 10, 10, 1);
INSERT INTO "public"."tb_property_option_rel"("id", "property_options_id", "property_rel_id", "property_id") VALUES (21, 1, 12, 3);
INSERT INTO "public"."tb_property_option_rel"("id", "property_options_id", "property_rel_id", "property_id") VALUES (22, 2, 12, 3);
INSERT INTO "public"."tb_property_option_rel"("id", "property_options_id", "property_rel_id", "property_id") VALUES (23, 1, 17, 11);
INSERT INTO "public"."tb_property_option_rel"("id", "property_options_id", "property_rel_id", "property_id") VALUES (24, 2, 17, 11);
INSERT INTO "public"."tb_property_option_rel"("id", "property_options_id", "property_rel_id", "property_id") VALUES (25, 3, 19, 1);
INSERT INTO "public"."tb_property_option_rel"("id", "property_options_id", "property_rel_id", "property_id") VALUES (26, 4, 19, 1);
INSERT INTO "public"."tb_property_option_rel"("id", "property_options_id", "property_rel_id", "property_id") VALUES (27, 5, 19, 1);
INSERT INTO "public"."tb_property_option_rel"("id", "property_options_id", "property_rel_id", "property_id") VALUES (28, 6, 19, 1);
INSERT INTO "public"."tb_property_option_rel"("id", "property_options_id", "property_rel_id", "property_id") VALUES (29, 7, 19, 1);
INSERT INTO "public"."tb_property_option_rel"("id", "property_options_id", "property_rel_id", "property_id") VALUES (30, 8, 19, 1);
INSERT INTO "public"."tb_property_option_rel"("id", "property_options_id", "property_rel_id", "property_id") VALUES (31, 9, 19, 1);
INSERT INTO "public"."tb_property_option_rel"("id", "property_options_id", "property_rel_id", "property_id") VALUES (32, 10, 19, 1);
INSERT INTO "public"."tb_property_option_rel"("id", "property_options_id", "property_rel_id", "property_id") VALUES (33, 1, 21, 3);
INSERT INTO "public"."tb_property_option_rel"("id", "property_options_id", "property_rel_id", "property_id") VALUES (34, 2, 21, 3);
INSERT INTO "public"."tb_property_option_rel"("id", "property_options_id", "property_rel_id", "property_id") VALUES (35, 1, 26, 11);
INSERT INTO "public"."tb_property_option_rel"("id", "property_options_id", "property_rel_id", "property_id") VALUES (36, 2, 26, 11);
INSERT INTO "public"."tb_property_option_rel"("id", "property_options_id", "property_rel_id", "property_id") VALUES (37, 3, 28, 1);
INSERT INTO "public"."tb_property_option_rel"("id", "property_options_id", "property_rel_id", "property_id") VALUES (38, 4, 28, 1);
INSERT INTO "public"."tb_property_option_rel"("id", "property_options_id", "property_rel_id", "property_id") VALUES (39, 5, 28, 1);
INSERT INTO "public"."tb_property_option_rel"("id", "property_options_id", "property_rel_id", "property_id") VALUES (40, 6, 28, 1);
INSERT INTO "public"."tb_property_option_rel"("id", "property_options_id", "property_rel_id", "property_id") VALUES (41, 7, 28, 1);
INSERT INTO "public"."tb_property_option_rel"("id", "property_options_id", "property_rel_id", "property_id") VALUES (42, 8, 28, 1);
INSERT INTO "public"."tb_property_option_rel"("id", "property_options_id", "property_rel_id", "property_id") VALUES (43, 9, 28, 1);
INSERT INTO "public"."tb_property_option_rel"("id", "property_options_id", "property_rel_id", "property_id") VALUES (44, 10, 28, 1);
INSERT INTO "public"."tb_property_option_rel"("id", "property_options_id", "property_rel_id", "property_id") VALUES (45, 1, 30, 3);
INSERT INTO "public"."tb_property_option_rel"("id", "property_options_id", "property_rel_id", "property_id") VALUES (46, 2, 30, 3);
INSERT INTO "public"."tb_property_option_rel"("id", "property_options_id", "property_rel_id", "property_id") VALUES (47, 1, 35, 11);
INSERT INTO "public"."tb_property_option_rel"("id", "property_options_id", "property_rel_id", "property_id") VALUES (48, 2, 35, 11);
INSERT INTO "public"."tb_property_option_rel"("id", "property_options_id", "property_rel_id", "property_id") VALUES (49, 3, 37, 1);
INSERT INTO "public"."tb_property_option_rel"("id", "property_options_id", "property_rel_id", "property_id") VALUES (50, 4, 37, 1);
INSERT INTO "public"."tb_property_option_rel"("id", "property_options_id", "property_rel_id", "property_id") VALUES (51, 5, 37, 1);
INSERT INTO "public"."tb_property_option_rel"("id", "property_options_id", "property_rel_id", "property_id") VALUES (52, 6, 37, 1);
INSERT INTO "public"."tb_property_option_rel"("id", "property_options_id", "property_rel_id", "property_id") VALUES (53, 7, 37, 1);
INSERT INTO "public"."tb_property_option_rel"("id", "property_options_id", "property_rel_id", "property_id") VALUES (54, 8, 37, 1);
INSERT INTO "public"."tb_property_option_rel"("id", "property_options_id", "property_rel_id", "property_id") VALUES (55, 9, 37, 1);
INSERT INTO "public"."tb_property_option_rel"("id", "property_options_id", "property_rel_id", "property_id") VALUES (56, 10, 37, 1);
INSERT INTO "public"."tb_property_option_rel"("id", "property_options_id", "property_rel_id", "property_id") VALUES (57, 1, 39, 3);
INSERT INTO "public"."tb_property_option_rel"("id", "property_options_id", "property_rel_id", "property_id") VALUES (58, 2, 39, 3);
INSERT INTO "public"."tb_property_option_rel"("id", "property_options_id", "property_rel_id", "property_id") VALUES (59, 1, 44, 11);
INSERT INTO "public"."tb_property_option_rel"("id", "property_options_id", "property_rel_id", "property_id") VALUES (60, 2, 44, 11);
INSERT INTO "public"."tb_property_option_rel"("id", "property_options_id", "property_rel_id", "property_id") VALUES (61, 3, 46, 1);
INSERT INTO "public"."tb_property_option_rel"("id", "property_options_id", "property_rel_id", "property_id") VALUES (62, 4, 46, 1);
INSERT INTO "public"."tb_property_option_rel"("id", "property_options_id", "property_rel_id", "property_id") VALUES (63, 5, 46, 1);
INSERT INTO "public"."tb_property_option_rel"("id", "property_options_id", "property_rel_id", "property_id") VALUES (64, 6, 46, 1);
INSERT INTO "public"."tb_property_option_rel"("id", "property_options_id", "property_rel_id", "property_id") VALUES (65, 7, 46, 1);
INSERT INTO "public"."tb_property_option_rel"("id", "property_options_id", "property_rel_id", "property_id") VALUES (66, 8, 46, 1);
INSERT INTO "public"."tb_property_option_rel"("id", "property_options_id", "property_rel_id", "property_id") VALUES (67, 9, 46, 1);
INSERT INTO "public"."tb_property_option_rel"("id", "property_options_id", "property_rel_id", "property_id") VALUES (68, 10, 46, 1);
INSERT INTO "public"."tb_property_option_rel"("id", "property_options_id", "property_rel_id", "property_id") VALUES (69, 1, 48, 3);
INSERT INTO "public"."tb_property_option_rel"("id", "property_options_id", "property_rel_id", "property_id") VALUES (70, 2, 48, 3);
INSERT INTO "public"."tb_property_option_rel"("id", "property_options_id", "property_rel_id", "property_id") VALUES (71, 1, 53, 11);
INSERT INTO "public"."tb_property_option_rel"("id", "property_options_id", "property_rel_id", "property_id") VALUES (72, 2, 53, 11);
INSERT INTO "public"."tb_property_option_rel"("id", "property_options_id", "property_rel_id", "property_id") VALUES (73, 3, 55, 1);
INSERT INTO "public"."tb_property_option_rel"("id", "property_options_id", "property_rel_id", "property_id") VALUES (74, 4, 55, 1);
INSERT INTO "public"."tb_property_option_rel"("id", "property_options_id", "property_rel_id", "property_id") VALUES (75, 5, 55, 1);
INSERT INTO "public"."tb_property_option_rel"("id", "property_options_id", "property_rel_id", "property_id") VALUES (76, 6, 55, 1);
INSERT INTO "public"."tb_property_option_rel"("id", "property_options_id", "property_rel_id", "property_id") VALUES (77, 7, 55, 1);
INSERT INTO "public"."tb_property_option_rel"("id", "property_options_id", "property_rel_id", "property_id") VALUES (78, 8, 55, 1);
INSERT INTO "public"."tb_property_option_rel"("id", "property_options_id", "property_rel_id", "property_id") VALUES (79, 9, 55, 1);
INSERT INTO "public"."tb_property_option_rel"("id", "property_options_id", "property_rel_id", "property_id") VALUES (80, 10, 55, 1);
INSERT INTO "public"."tb_property_option_rel"("id", "property_options_id", "property_rel_id", "property_id") VALUES (81, 1, 59, 11);
INSERT INTO "public"."tb_property_option_rel"("id", "property_options_id", "property_rel_id", "property_id") VALUES (82, 2, 59, 11);
INSERT INTO "public"."tb_property_option_rel"("id", "property_options_id", "property_rel_id", "property_id") VALUES (83, 14, 61, 13);
INSERT INTO "public"."tb_property_option_rel"("id", "property_options_id", "property_rel_id", "property_id") VALUES (84, 15, 61, 13);
INSERT INTO "public"."tb_property_option_rel"("id", "property_options_id", "property_rel_id", "property_id") VALUES (85, 16, 61, 13);
INSERT INTO "public"."tb_property_option_rel"("id", "property_options_id", "property_rel_id", "property_id") VALUES (86, 17, 61, 13);
INSERT INTO "public"."tb_property_option_rel"("id", "property_options_id", "property_rel_id", "property_id") VALUES (87, 18, 61, 13);
INSERT INTO "public"."tb_property_option_rel"("id", "property_options_id", "property_rel_id", "property_id") VALUES (88, 19, 61, 13);
INSERT INTO "public"."tb_property_option_rel"("id", "property_options_id", "property_rel_id", "property_id") VALUES (89, 20, 61, 13);
INSERT INTO "public"."tb_property_option_rel"("id", "property_options_id", "property_rel_id", "property_id") VALUES (90, 21, 61, 13);
INSERT INTO "public"."tb_property_option_rel"("id", "property_options_id", "property_rel_id", "property_id") VALUES (91, 22, 61, 13);
INSERT INTO "public"."tb_property_option_rel"("id", "property_options_id", "property_rel_id", "property_id") VALUES (92, 23, 61, 13);
INSERT INTO "public"."tb_property_option_rel"("id", "property_options_id", "property_rel_id", "property_id") VALUES (93, 3, 66, 1);
INSERT INTO "public"."tb_property_option_rel"("id", "property_options_id", "property_rel_id", "property_id") VALUES (94, 4, 66, 1);
INSERT INTO "public"."tb_property_option_rel"("id", "property_options_id", "property_rel_id", "property_id") VALUES (95, 5, 66, 1);
INSERT INTO "public"."tb_property_option_rel"("id", "property_options_id", "property_rel_id", "property_id") VALUES (96, 6, 66, 1);
INSERT INTO "public"."tb_property_option_rel"("id", "property_options_id", "property_rel_id", "property_id") VALUES (97, 7, 66, 1);
INSERT INTO "public"."tb_property_option_rel"("id", "property_options_id", "property_rel_id", "property_id") VALUES (98, 8, 66, 1);
INSERT INTO "public"."tb_property_option_rel"("id", "property_options_id", "property_rel_id", "property_id") VALUES (99, 9, 66, 1);
INSERT INTO "public"."tb_property_option_rel"("id", "property_options_id", "property_rel_id", "property_id") VALUES (100, 10, 66, 1);
INSERT INTO "public"."tb_property_option_rel"("id", "property_options_id", "property_rel_id", "property_id") VALUES (101, 1, 70, 11);
INSERT INTO "public"."tb_property_option_rel"("id", "property_options_id", "property_rel_id", "property_id") VALUES (102, 2, 70, 11);
INSERT INTO "public"."tb_property_option_rel"("id", "property_options_id", "property_rel_id", "property_id") VALUES (103, 14, 72, 13);
INSERT INTO "public"."tb_property_option_rel"("id", "property_options_id", "property_rel_id", "property_id") VALUES (104, 15, 72, 13);
INSERT INTO "public"."tb_property_option_rel"("id", "property_options_id", "property_rel_id", "property_id") VALUES (105, 16, 72, 13);
INSERT INTO "public"."tb_property_option_rel"("id", "property_options_id", "property_rel_id", "property_id") VALUES (106, 17, 72, 13);
INSERT INTO "public"."tb_property_option_rel"("id", "property_options_id", "property_rel_id", "property_id") VALUES (107, 18, 72, 13);
INSERT INTO "public"."tb_property_option_rel"("id", "property_options_id", "property_rel_id", "property_id") VALUES (108, 19, 72, 13);
INSERT INTO "public"."tb_property_option_rel"("id", "property_options_id", "property_rel_id", "property_id") VALUES (109, 20, 72, 13);
INSERT INTO "public"."tb_property_option_rel"("id", "property_options_id", "property_rel_id", "property_id") VALUES (110, 21, 72, 13);
INSERT INTO "public"."tb_property_option_rel"("id", "property_options_id", "property_rel_id", "property_id") VALUES (111, 22, 72, 13);
INSERT INTO "public"."tb_property_option_rel"("id", "property_options_id", "property_rel_id", "property_id") VALUES (112, 23, 72, 13);
INSERT INTO "public"."tb_property_option_rel"("id", "property_options_id", "property_rel_id", "property_id") VALUES (113, 11, 77, 18);
INSERT INTO "public"."tb_property_option_rel"("id", "property_options_id", "property_rel_id", "property_id") VALUES (114, 12, 77, 18);
INSERT INTO "public"."tb_property_option_rel"("id", "property_options_id", "property_rel_id", "property_id") VALUES (115, 13, 77, 18);
INSERT INTO "public"."tb_property_option_rel"("id", "property_options_id", "property_rel_id", "property_id") VALUES (116, 11, 79, 18);
INSERT INTO "public"."tb_property_option_rel"("id", "property_options_id", "property_rel_id", "property_id") VALUES (117, 12, 79, 18);
INSERT INTO "public"."tb_property_option_rel"("id", "property_options_id", "property_rel_id", "property_id") VALUES (118, 13, 79, 18);
INSERT INTO "public"."tb_property_option_rel"("id", "property_options_id", "property_rel_id", "property_id") VALUES (119, 24, 147, 24);
INSERT INTO "public"."tb_property_option_rel"("id", "property_options_id", "property_rel_id", "property_id") VALUES (120, 25, 147, 24);
INSERT INTO "public"."tb_property_option_rel"("id", "property_options_id", "property_rel_id", "property_id") VALUES (121, 24, 155, 24);
INSERT INTO "public"."tb_property_option_rel"("id", "property_options_id", "property_rel_id", "property_id") VALUES (122, 25, 155, 24);
INSERT INTO "public"."tb_property_option_rel"("id", "property_options_id", "property_rel_id", "property_id") VALUES (123, 24, 163, 24);
INSERT INTO "public"."tb_property_option_rel"("id", "property_options_id", "property_rel_id", "property_id") VALUES (124, 25, 163, 24);
INSERT INTO "public"."tb_property_option_rel"("id", "property_options_id", "property_rel_id", "property_id") VALUES (125, 24, 171, 24);
INSERT INTO "public"."tb_property_option_rel"("id", "property_options_id", "property_rel_id", "property_id") VALUES (126, 25, 171, 24);
INSERT INTO "public"."tb_property_option_rel"("id", "property_options_id", "property_rel_id", "property_id") VALUES (127, 24, 179, 24);
INSERT INTO "public"."tb_property_option_rel"("id", "property_options_id", "property_rel_id", "property_id") VALUES (128, 25, 179, 24);
INSERT INTO "public"."tb_property_option_rel"("id", "property_options_id", "property_rel_id", "property_id") VALUES (129, 24, 187, 24);
INSERT INTO "public"."tb_property_option_rel"("id", "property_options_id", "property_rel_id", "property_id") VALUES (130, 25, 187, 24);
INSERT INTO "public"."tb_property_option_rel"("id", "property_options_id", "property_rel_id", "property_id") VALUES (131, 24, 195, 24);
INSERT INTO "public"."tb_property_option_rel"("id", "property_options_id", "property_rel_id", "property_id") VALUES (132, 25, 195, 24);
INSERT INTO "public"."tb_property_option_rel"("id", "property_options_id", "property_rel_id", "property_id") VALUES (133, 24, 203, 24);
INSERT INTO "public"."tb_property_option_rel"("id", "property_options_id", "property_rel_id", "property_id") VALUES (134, 25, 203, 24);
SELECT setval('tb_property_option_rel_id_seq',(SELECT MAX(id) FROM tb_property_option_rel));


INSERT INTO "public"."tb_property_option"("id", "option_name") VALUES (1, '有');
INSERT INTO "public"."tb_property_option"("id", "option_name") VALUES (2, '无');
INSERT INTO "public"."tb_property_option"("id", "option_name") VALUES (3, '东');
INSERT INTO "public"."tb_property_option"("id", "option_name") VALUES (4, '南');
INSERT INTO "public"."tb_property_option"("id", "option_name") VALUES (5, '西');
INSERT INTO "public"."tb_property_option"("id", "option_name") VALUES (6, '北');
INSERT INTO "public"."tb_property_option"("id", "option_name") VALUES (7, '东南');
INSERT INTO "public"."tb_property_option"("id", "option_name") VALUES (8, '西南');
INSERT INTO "public"."tb_property_option"("id", "option_name") VALUES (9, '西北');
INSERT INTO "public"."tb_property_option"("id", "option_name") VALUES (10, '东北');
INSERT INTO "public"."tb_property_option"("id", "option_name") VALUES (11, 'T梁');
INSERT INTO "public"."tb_property_option"("id", "option_name") VALUES (12, '箱梁');
INSERT INTO "public"."tb_property_option"("id", "option_name") VALUES (13, '板梁');
INSERT INTO "public"."tb_property_option"("id", "option_name") VALUES (14, '左↑');
INSERT INTO "public"."tb_property_option"("id", "option_name") VALUES (15, '左↖');
INSERT INTO "public"."tb_property_option"("id", "option_name") VALUES (16, '左←');
INSERT INTO "public"."tb_property_option"("id", "option_name") VALUES (17, '左↙');
INSERT INTO "public"."tb_property_option"("id", "option_name") VALUES (18, '左↓');
INSERT INTO "public"."tb_property_option"("id", "option_name") VALUES (19, '右↓');
INSERT INTO "public"."tb_property_option"("id", "option_name") VALUES (20, '右↘');
INSERT INTO "public"."tb_property_option"("id", "option_name") VALUES (21, '右→');
INSERT INTO "public"."tb_property_option"("id", "option_name") VALUES (22, '右↗');
INSERT INTO "public"."tb_property_option"("id", "option_name") VALUES (23, '右↑');
INSERT INTO "public"."tb_property_option"("id", "option_name") VALUES (24, '矩形');
INSERT INTO "public"."tb_property_option"("id", "option_name") VALUES (25, '圆形');
INSERT INTO "public"."tb_property_option"("id", "option_name") VALUES (26, '横向');
INSERT INTO "public"."tb_property_option"("id", "option_name") VALUES (27, '纵向');
INSERT INTO "public"."tb_property_option"("id", "option_name") VALUES (28, '竖向');
INSERT INTO "public"."tb_property_option"("id", "option_name") VALUES (29, '斜向');
INSERT INTO "public"."tb_property_option"("id", "option_name") VALUES (30, '半贯通');
INSERT INTO "public"."tb_property_option"("id", "option_name") VALUES (31, '微裂');
INSERT INTO "public"."tb_property_option"("id", "option_name") VALUES (32, '足够');
INSERT INTO "public"."tb_property_option"("id", "option_name") VALUES (33, '临界');
INSERT INTO "public"."tb_property_option"("id", "option_name") VALUES (34, '不足');
INSERT INTO "public"."tb_property_option"("id", "option_name") VALUES (35, '轻微');
INSERT INTO "public"."tb_property_option"("id", "option_name") VALUES (36, '明显');
INSERT INTO "public"."tb_property_option"("id", "option_name") VALUES (37, '少量');
INSERT INTO "public"."tb_property_option"("id", "option_name") VALUES (38, '中等');
INSERT INTO "public"."tb_property_option"("id", "option_name") VALUES (40, '正常');
INSERT INTO "public"."tb_property_option"("id", "option_name") VALUES (41, '略有变化');
INSERT INTO "public"."tb_property_option"("id", "option_name") VALUES (42, '卡死');
INSERT INTO "public"."tb_property_option"("id", "option_name") VALUES (43, '<5%');
INSERT INTO "public"."tb_property_option"("id", "option_name") VALUES (44, '5%~20%');
INSERT INTO "public"."tb_property_option"("id", "option_name") VALUES (45, '>20%');
INSERT INTO "public"."tb_property_option"("id", "option_name") VALUES (46, '个别处');
INSERT INTO "public"."tb_property_option"("id", "option_name") VALUES (47, '多处');
INSERT INTO "public"."tb_property_option"("id", "option_name") VALUES (48, '完好');
INSERT INTO "public"."tb_property_option"("id", "option_name") VALUES (49, '渗水');
INSERT INTO "public"."tb_property_option"("id", "option_name") VALUES (50, '漏水');
INSERT INTO "public"."tb_property_option"("id", "option_name") VALUES (51, '0');
INSERT INTO "public"."tb_property_option"("id", "option_name") VALUES (52, '<10%');
INSERT INTO "public"."tb_property_option"("id", "option_name") VALUES (53, '10%~20%');
INSERT INTO "public"."tb_property_option"("id", "option_name") VALUES (54, '5%~10%');
INSERT INTO "public"."tb_property_option"("id", "option_name") VALUES (55, '3%~10%');
INSERT INTO "public"."tb_property_option"("id", "option_name") VALUES (56, '严重');
INSERT INTO "public"."tb_property_option"("id", "option_name") VALUES (57, '>10%');
INSERT INTO "public"."tb_property_option"("id", "option_name") VALUES (58, '<30%');
INSERT INTO "public"."tb_property_option"("id", "option_name") VALUES (59, '>30%');
INSERT INTO "public"."tb_property_option"("id", "option_name") VALUES (60, '局部');
INSERT INTO "public"."tb_property_option"("id", "option_name") VALUES (61, '大量');
INSERT INTO "public"."tb_property_option"("id", "option_name") VALUES (62, '<20%');
INSERT INTO "public"."tb_property_option"("id", "option_name") VALUES (63, '贯通');
INSERT INTO "public"."tb_property_option"("id", "option_name") VALUES (64, '<1%');
INSERT INTO "public"."tb_property_option"("id", "option_name") VALUES (65, '1%~2%');
INSERT INTO "public"."tb_property_option"("id", "option_name") VALUES (66, '>2%');
INSERT INTO "public"."tb_property_option"("id", "option_name") VALUES (67, '正确');
INSERT INTO "public"."tb_property_option"("id", "option_name") VALUES (68, '倾斜');
INSERT INTO "public"."tb_property_option"("id", "option_name") VALUES (69, '严重倾斜');
INSERT INTO "public"."tb_property_option"("id", "option_name") VALUES (70, '松动');
INSERT INTO "public"."tb_property_option"("id", "option_name") VALUES (71, '锈蚀');
INSERT INTO "public"."tb_property_option"("id", "option_name") VALUES (72, '变形');
INSERT INTO "public"."tb_property_option"("id", "option_name") VALUES (73, '开裂');
INSERT INTO "public"."tb_property_option"("id", "option_name") VALUES (74, '碎裂');
INSERT INTO "public"."tb_property_option"("id", "option_name") VALUES (75, '稳定');
INSERT INTO "public"."tb_property_option"("id", "option_name") VALUES (76, '不稳定');
INSERT INTO "public"."tb_property_option"("id", "option_name") VALUES (77, '落梁危险');
INSERT INTO "public"."tb_property_option"("id", "option_name") VALUES (78, '脱开');
INSERT INTO "public"."tb_property_option"("id", "option_name") VALUES (79, '失去部分');
INSERT INTO "public"."tb_property_option"("id", "option_name") VALUES (80, '完全散失');
INSERT INTO "public"."tb_property_option"("id", "option_name") VALUES (81, '直径减少');
INSERT INTO "public"."tb_property_option"("id", "option_name") VALUES (82, '坍塌变形');
INSERT INTO "public"."tb_property_option"("id", "option_name") VALUES (83, '锈蚀且削弱截面');
INSERT INTO "public"."tb_property_option"("id", "option_name") VALUES (84, '剥离');
INSERT INTO "public"."tb_property_option"("id", "option_name") VALUES (85, '<3%');
INSERT INTO "public"."tb_property_option"("id", "option_name") VALUES (87, '小面积');
INSERT INTO "public"."tb_property_option"("id", "option_name") VALUES (88, '中面积');
INSERT INTO "public"."tb_property_option"("id", "option_name") VALUES (89, '大面积');
INSERT INTO "public"."tb_property_option"("id", "option_name") VALUES (90, '非贯通');
INSERT INTO "public"."tb_property_option"("id", "option_name") VALUES (91, '3%~5%');
INSERT INTO "public"."tb_property_option"("id", "option_name") VALUES (92, '>5%');
SELECT setval('tb_property_option_id_seq',(SELECT MAX(id) FROM tb_property_option));